<?xml version="1.0" encoding="UTF-8"?>
<ch>
    <s>﻿    
بەشی یەكەم 
جینۆساید

زاراوەی جینۆساید:
    جینۆساید زاراوەیەكە لە دوو بڕگە پێكهاتووە، جینۆ (Genos) وشەیەكی گریكیە بەواتای رەگەز یا بنەچە دێت، (caeder) وشەیەكی لاتینییە بەواتای لەناوبردن و پاكتاوكردن دێت، هەردوو وشەكە پێكەوە بەمانای پاكتاوی رەگەزی دێت.</s>
    <s>بەكارهێنانی زاراوەی جینۆساید بۆ یەكەمجار لەلایەن شارەزای یاسایی پۆڵەندی (رافائیل لیمكین) لە مەدرید لە كۆنفراسێكدا لە ساڵی 1933 بەكاریهێناوە و لەساڵی 1942 بەنوسین تۆماریكردوە.</s>
    <s>ئەم یاساناسە تەواوی خێزانەكەی بە دەستی ئەڵمانەكان لەناوبردراون.</s>
    <s>جۆرەكانی جینۆساید:
1.</s>
    <s>جینۆسایدی جەستەیی: بریتییە لە كوشتن و لەناوبردنی تاكەكانی كۆمەڵ، بەشێوەیەكی راستەوخۆ یا ناڕاستەوخۆ، وەك (گوللەبارانكردن، زیندەبەچاڵكردن، شونبزكردن، لەسێدارەدان و بەكارهێنانی چەكی كۆكوژ.</s>
    <s>بۆنمونە كیمیابارانكردنی گوندو لادێكان و شاری هەڵەبجە لە كوردستان، لەلایەن رژێمی عێراق و بەكارهێنانی چەكی فسفۆری و ژەهراوی دژ بە گەلی كورد، زیندەبەچاڵكردنی ئەنفالكراوەكان لە بیابانەكانی رۆژئاوای عێراق.</s>
    <s>كوشتن و لەناوبردنی نێرینەی بارزانییەكان و گەنجە كوردە فەیلییەكان، بۆردومانكردنی شاری قەڵادزێ بە بۆمبی ناپاڵم، ئەمانە دیارترین جۆری پاكتاوی جەستەیین دژ بە گەلی كورد لە عێراق

2.</s>
    <s>جینۆسایدی بایەلۆژی: ئەم جۆرەیان بریتییە لە رێگرتن لە وەچەنانەوە و زۆربوون و گەشەسەندنی كۆمەڵە مرۆڤێكی یەك رەگەز بەهۆی نەزۆك كردن و لەباربردنی ئافرەت و خەساندنی پیاوان و لێك جیاكردنەوەی ژن و پیاو بۆ ماوەیەكی درێژ.</s>
    <s>ئەم تاوانانە لە شاڵاوەكانی ئەنفال لە ساڵی 1988 لە كوردستان پەیڕەوكران، بەتایبەتی لە مەڵبەندەكانی كۆكردنەوەی ئەنفالكراوەكان لەكاتی جیاكردنەوەی پیاوەكان لە ژنەكانیان، بەهەمان شێوە جیاكردنەوەی نێرینەی بارزانییەكان لە خێزانەكانیان لە ساڵی 1983.</s>
    <s>دەركردنی پیر و منداڵانی كورد و زیندە بەچاڵكردنی گەنجەكان لە گۆڕی بەكۆمەڵ

3.</s>
    <s>جینۆسایدی كولتوری: قەدەغە كردنی زمانی زگماك و شێواندنی مێژوو و كولتوری كۆمەڵە مرۆڤێك و سڕینەوەی شوێنەواری شارستانی و مێژوویی دەگرێتەوە.</s>
    <s>لە وێرانكردن و شێواندنی شوێنە دێرینەكان، كە پاشماوەی كۆن و نوێی دانیشتوانی ناوچەكەن، وەك روخاندنی مزگەوت و كلێسە و قەڵا دێرینەكان و پەیكەرەكان، كە ناسنامەی مێژوویی دانیشتوانی ناوچەكەن.</s>
    <s>لەلایەن زۆربەی نەتەوە باڵا دەستەكانەوە هەوڵی بێوچان دەدرێت بۆ پشتگیری دەسەڵاتەكانیان لە پاكتاوكردنی رەگەزی و نەتەوەیی، بۆ تواندنەوەی زمان و رۆشنبیری و مێژووی ئەو نەتەوانەی كە لەناو نەتەوە زۆرینەكاندا دەژین.</s>
    <s>جینۆسایدی كوڵتوری لەزۆر شوێنی جیهاندا پەیڕەو دەكرێت، وەك لە توركیا و ئێران و عێراق و سوریا  دەرهەق بە گەلی كورد دەكرێت، لە باكووری ئەفریقیا دژ بە ئەمازیغەكان و لە سودان دژ بە دانیشتوانی دارفور و لە میانمار دژ بە موسڵمانەكانی ئەو وڵاتە دەكرێت...هتد.</s>
    <s>نمونە لە كوردستان زۆرە بەرامبەر ئەو رەفتارانەی كە رژێمەكانی عێراق و ئێران و توركیا و سوریا بەرامبەر بە گەلی كورد كردویانە.</s>
    <s>لە عێراق لەساڵانی هەشتاكان رژێم هەڵسا بە دووبارە نوسینەوەی مێژوو، بە شێوەیەك كە لە خزمەتی بیروبۆچونی بەعس بێت...هتد.</s>
    <s>لە توركیا كوردەكان لە ناو و ناونیشانی خۆیان بێبەشكران، (كوردی چیایان) بەسەردا چەسپاندن.</s>
    <s>لە ئێران كورد بە هۆزێكی ئێرانی كۆن دانراوە و زمانی كوردیش بە دیالێكتێكی زمانی فارسی دانراوە.</s>
    <s>لە سوریاش كوردەكان لە زێدی باب و باپیرانیان بە بێگانە دادەنرێن و تەنانەت ناسنامەی هاووڵاتی بوونیشیان لێسەندرایەوە...هتد.</s>
    <s>4.</s>
    <s>جینۆسایدی ئابووری: بریتیە لە برسیكردنی دانیشتوان لەڕێگای تەختكردنی كێلگە كشتوكاڵیەكان و لەناوبردنی سەرچاوە ئاوییەكان و رێگا گرتن لە كاركردن بۆ بژێوی ژیان و لەناوبردنی هۆكارەكانی بەرهەمهێنانی كۆمەڵە خەڵكێك.</s>
    <s>ئەم جۆرەیان وەكو جۆرەكانی تر زۆر بەئاشكراو روون لە كوردستان بەرچاو دەكەوێت.</s>
    <s>پتر لە (4500) چوار هەزار و پێنج سەد گوندی كوردستان لەگەڵ زەوی تەختكران.</s>
    <s>مرۆڤەكان كە دەستی كار بوون زۆربەیان لەناوبردران، بە زیندەبەچاڵكردن و لەسێدارەدان و گوللەبارانكردن...هتد.</s>
    <s>هەرچی ماڵ و سامانیشیان هەبوو لە ناوچەكە كەوتنە بەر شاڵاوەكانی ئەنفال هەمووی بە تاڵان بردران.</s>
    <s>ئەم تاوانانە تەنها لە میانەی شاڵاوەكانی ئەنفال ئەنجام نەدراوە، بەڵكو لە پێشتریش بەرامبەر بە كوردە فەیلییەكان و بارزانییەكان ئەنجامدراوە، لە ساڵانی (1980 – 1983)، هەرچی هەیانبوو دەستی بەسەر داگیرا و بەتاڵان بردرا و خەڵكەكەشی چاوەڕوانی ژەمە خواردنێك بوون، ئەگەر رژێم پێبدابانایە.</s>
    <s>گەمارۆی ئابووری شێوازێكی نامۆ نەبووە دژ بە كۆمەڵگەی كوردی، كە بەردەوام رژێمەكانی عێراق، بۆ چۆك پێدانی گەلی كورد و بزوتنەوە رزگاریخوازەكەی پەیڕەویان كردووە، لە برسیكردن و وێرانكردنی سەرچاوەكانی داهاتی ژیانی كۆمەڵی كوردەواری.</s>
    <s>رژێمی عێراق بۆ پەیڕەوكردنی جینۆسایدی ئابووری بەرامبەر بە گەلی كورد چەندین شێوازی گرتەبەر كە ئەمانەن:    
1.</s>
    <s>سەپاندنی گەمارۆی ئابووری بەسەر كوردستان بە گشتی و ناوچە ئازاد كراوەكان بەتایبەتی.</s>
    <s>2.</s>
    <s>مین رێژكردنی زۆربەی زەوییە كشتوكاڵییەكانی ناوچە شاخاوییەكان، كە سەرچاوەی بژێوی دانیشتوانەكەی بوو.</s>
    <s>3.</s>
    <s>تەقاندنەوە و كوێركردنەوەی زۆربەی سەرچاوە ئاوییەكان و ژاراویكردنی كانیاوەكان.</s>
    <s>4.</s>
    <s>سوتاندنی رەز و باخ و پاوان و زەوییە كشتوكاڵییەكان و بڕینەوەی دارستانەكان بەمەبەستی لەناوبردنی سەرچاوەكانی داهاتی ژیانی دانیشتوانی ناوچەكە.</s>
    <s>5.</s>
    <s>بەزۆر رەوانەكردنی پیاوانی ناوچە كوردیەكان بۆ ریزی سوپا و سوپای میللی(الجیش الشعبی) و جاشایەتی، بەتایبەتی لەكاتی شەڕەكانی رژێم لەگەڵ ئێران یا لەگەڵ پێشمەرگە.</s>
    <s>بەڵام لە ساڵی 1988 لەمیانەی شاڵاوەكانی ئەنفال، رژێم بێگوێدانە هیچ یاسا و رێسایەك، هەرچی ژێرخانی ئابووری كوردستان هەبوو بەتەواوی وێرانكرد، بەجۆرێك ئەگەر چەندین ساڵ بنیاتنانەوەی بۆ بكرێت، نەگەڕێتەوە ئاستی پێشوو.</s>
    <s>رێكەوتنامەی قەدەغەكردنی جینۆساید:
    بەهۆی ئەو تاوانە گەورانە و كۆمەڵكوژیانەوە، كە لەدژی مرۆڤایەتی ئەنجامدرا، چ لەمیانەی جەنگی دووەمى جیهانی یا لەدوای جەنگەكە، كە بە ملیۆنان مرۆڤ بوونە سوتەمەنی سیاسەتە رەگەز پەرستەكان بۆ لەناوبردنی نەتەوە ژێردەستەكان.</s>
    <s>جا بۆ ئەوەی رێگا لە دووبارە بوونەوەی شەڕ و نەهامەتییەكان بگیرێت، هەر لەم چوارچێوەیەدا كۆمەڵەی گشتی نەتەوە یەكگرتووەكان لە دەسپێكی رێكەوتنامەی قەدەغەكردنی تاوانی جینۆساید دا بەبڕیاری ژمارە (96)ی رۆژی 11ی كانونی یەكەمی 1946 بەپێی یاسا، جینۆساید بە تاوانێكی نێودەوڵەتی داناوە، چونكە ئەو تاوانە پێچەوانەی ئامانجەكانی نەتەوە یەكگرتووەكانە.</s>
    <s>لەبەر گرنگی ئەو رێكەوتنامەیە، ئاماژە بە ناوەرۆكی مادە گرنگەكان دەكەین:
مادەی یەك: لایەنەكانی رێكەوتنامەكە رێككەوتن لەسەر ئەوەی كە جینۆساید تاوانێكی نێودەوڵەتییە، چ لەكاتی شەڕ یا لە ئاشتیدا ئەنجامدرابێت، بۆیە بەڵێنی قەدەغەكردنی تاوانی جینۆساید و سزادانی ئەنجامدەرانیان داوە.</s>
    <s>مادەی دوو: جینۆساید ئەم تاوانانەی خوارەوە دەگرێتەوە، كە بە مەبەستی لەناوبردنی بەشێك یان كۆمەڵێكی نەتەوەیی یان رەگەزێك ئەنجام درابێت، بریتین لەمانە:
1.</s>
    <s>كوشتنی ئەندامانی كۆمەڵێك.</s>
    <s>2.</s>
    <s>زیان پێگەیاندنی جەستەیی یا گیانی بە ئەندامانی كۆمەڵێك.</s>
    <s>3.</s>
    <s>جیاكردنەوەی كۆمەڵە خەڵكێك لە هەڵ و مەرجێكی بژێوی دژوار و سەخت، بۆ لەناوبردنی بەشێكیان یان هەموویان.</s>
    <s>4.</s>
    <s>كۆسپ دانان لەبەردەم زیادبوون (زاوزێ) لە كۆمەڵێكدا.</s>
    <s>5.</s>
    <s>دابڕینی منداڵان لە دایك و باوكیان (خێزان)، بۆ كۆمەڵێكی تر.</s>
    <s>مادەی سێ: ئەنجامدەرانی ئەم تاوانانەی خوارەوە سزا دەدرێن:
1.</s>
    <s>ئەنجامدانی جینۆساید.</s>
    <s>2.</s>
    <s>پیلان گێڕان بۆ ئەنجامدانی جینۆساید.</s>
    <s>3.</s>
    <s>هاندانی راستەوخۆ و ناڕاستەوخۆ بۆ ئەنجامدانی جینۆساید.</s>
    <s>4.</s>
    <s>هەوڵدان بۆ ئەنجامدانی جینۆساید.</s>
    <s>5.</s>
    <s>بەشداریكردن لە جینۆساید.</s>
    <s>مادەی چوار: هەر تاوانێك لەو تاوانانەی كە لە مادەی سێدا ئاماژەی پێكراوە بەپێی رێكەوتنامەكە سزا دەدرێن، ئینجا ئەو كەسانە دەسەڵاتداری دەستووری یاخود فەرمانبەری گشتی یاخود تاكی ئاسایی بن.</s>
    <s>ئەنجامدەرانی تاوانەكە لە هەر پۆستێك بن لەوانەی ئاماژەی پێكراوە، پارێزراو نابن (حصانە)، لەو تاوانانە نابەخشرێن.</s>
    <s>مادەی پێنج: هەموو ئەو وڵات و لایەنانەی كە رێكەوتنامەكەیان مۆركردووە، پابەندی خۆیان و وڵاتەكانیان دووپات كردۆتەوە بۆ جێبەجێكردنی ناوەرۆكی رێكەوتنامەكە، بەتایبەتی سزادانی ئەنجامدەرانی تاوانی جینۆساید و هەر تاوانێك لە تاوانەكانی مادەی سێ.</s>
    <s>مادەی شەش: ئەنجامدەرانی هەر تاوانێك كە لە مادەی سێی تاوانی جینۆساید دا هاتووە.</s>
    <s>لە بەردەم دادگایەكی ناوخۆی تایبەتی ئەو وڵاتەی كە تاوانەكەی لەسەر خاكەكەی ئەنجامدراوە دادگایی دەكرێن، یاخود لە بەردەم دادگایەكی تاوانی نێودەوڵەتی دادگایی دەكرێت، ئەگەر نەتوانرا لە دادگایەكی ناوخۆ دادگایی بكرێت.</s>
    <s>مادەی حەوت: ئەو تاوانانەی كە لە مادەی سێی جینۆساید، ئاماژەی پێكراوە بە تاوانی سیاسی دانانرێت و ئەنجامدەرانی تاوانەكە ناتوانن لە وڵاتانی تر مافی پەنابەری سیاسی وەربگرن، چونكە دەوڵەتانی ئەندام لەم رێكەوتنامەیە بەڵێنیان مۆركردووە، كە تاوانبارانی جینۆساید و تاوانەكانی تریش رادەستی وڵاتەكانیان بكەنەوە.</s>
    <s>مادەی هەشت: هەر لایەنێكی رێكەوتنامەكە بۆی هەیە داوا لە دامەزراوە تایبەتمەندەكانی نەتەوە یەكگرتووەكان بكات، كە بەپێی پەیماننامەی نەتەوە یەكگرتووەكان هەر رێوشوێنكی گونجاو بگریتەبەر بۆ قەدەغەكردن و سەركوتكردنی تاوانەكانی جینۆساید یاخود هەر تاوانێك لە تاوانەكانی مادەی سێی رێكەوتننامەكە.</s>
    <s>گۆڕى بەكۆمەڵی قوربانیانى كیمیابارانی هەڵەبجە 
مادەی نۆ: لە سەر داوای هەر لایەنێكی ناكۆك بۆ كێشەكانی نێوان ئەندامانی رێكەوتننامەكە دەتوانرێت داوا لە دادگای نێودەوڵەتی بكرێت، پەیوەست بە شیكردنەوە یاخود جێبەجێكردنی بەندەكانی رێكەوتنامەكە یاخود پەیوەست بەو كێشانەی پەیوەندی بە لێپرسراوێتی هەر دەوڵەتێكەوە هەیە لە بواری جینۆساید یاخود هەر تاوانێك لەو تاوانانەی لە مادەی سێی رێكەوتنامەكەدا هاتووە.</s>
    <s>مادەی دە: بەپێی رێكەوتنامەی بەسەر نەچوونی تاوانەكانی جەنگ و تاوانەكانی دژ بە مرۆڤایەتی، تاوانی جینۆساید بە تێپەڕبوونی كات بەسەرناچێت.</s>
    <s>واتە تاوانی جینۆساید چەند كۆنیش بێت، بەسەرناچێت و ئەنجامدەرانی دادگایی دەكرێن.</s>
    <s>جینۆساید لە یاسای نێودەوڵەتی وەكو تاوانێكی سەربەخۆ، كە تایبەتمەندی جیاوازی هەیە لەگەڵ
تاوانی تر.</s>
    <s>بۆیە لە تاوانی جینۆساید دوو پێكهاتەی زۆر گرنگ هەیە:

1.</s>
    <s>ئامانج: ئەم تاوانە لە تاوانی تر جیاوازە، چونكە مەبەستی سەرەكی جینۆساید لەناوبردنی بەشێك یا سەرجەمی كۆمەڵە مرۆڤێكە.</s>
    <s>بۆیە ئامانجی نەهێشتنی كۆمەڵە مرۆڤێك، بەشێكی بێت یا سەرجەمی، تایبەتمەندی بە جینۆساید دەدات و لەتاوانی دیكەی جیا دەكاتەوە.</s>
    <s>2.</s>
    <s>لە رووی ژمارە: لەبەر ئەوەی جینۆساید، ئامانجی لەناوبردنە، بۆیە ژمارەی قوربانیان لە بەرچاو ناگیرێت.</s>
    <s>كەواتە تەنیا پێشنیاركردن بۆ لەناوبردنی هەر كۆمەڵە مرۆڤێك بێت، ئیتر مەبەستەكە دروست دەبێت.</s>
    <s>ئەنجامدانی تاوانەكەش مەرج نییە، ژمارەی قوربانیانی زۆری هەبێت، كەم و زۆر گرنگ نییە و لە بەرچاو ناگیرێت بۆ دیاریكردنی تاوانی جینۆساید و ئەنجامدەرانی تاوانەكە.</s>
</ch>