<?xml version="1.0" encoding="UTF-8"?>
<ch>
      <s>﻿
بەشى خوێندنەوە


1.</s>
      <s>ئەحمەد شەوقى
2.</s>
      <s>گەشتیارى، وەرزش‌و ڕۆشنبیرییە
3.</s>
      <s>چیرۆكێكى فۆلكلۆرى كوردى
4.</s>
      <s>ئاڵاى كوردستان
5.</s>
      <s>نەورۆز
6.</s>
      <s>ژیان چییە؟
7.</s>
      <s>هەنگ بەخێو كردن
8.</s>
      <s>دەستى ماندوو لەسەر سكى تێرە
9.</s>
      <s>دایك



 
ئەحمەد شەوقى( ).</s>
      <s>ئەگەر سەیرێكى مێژووى ئەدەبیاتى كوردى‌و عەرەبى‌و زمانەكانى دراوسێى كورد بكەین، دەبینین گەلێ شاعیرو نووسەرو فەیلەسوفى هەڵكەوتوو هەن، جگە لە زمانى دایك، بە زمانى یەكێك لەو گەلە موسلمانانەى دراوسێى شیعرو پەخشانی نووسیوە، یان بەیەكێك لەو زمانانە بەتایبەتى عەرەبى شیعرو پەخشانى نووسیوەو تۆمار كردووە، (ئەحمەد شەوقى) یەكێكە لەوانەى كە باسمان كردن.</s>
      <s>شەوقى یەكێكە لە شاعیرە هەرە بەرزەكانى ئەدەبیاتى عەرەب‌و جێى شانازییانە، لە هەمان كاتدا بە یەكێك لە شاعیرە بەرزەكانى ڕۆژهەڵاتى ئیسلامى دەژمێرێ، شەوقى لە قاهیرە پایتەختى میسر لەدایكبووەو لەوێ پێگەیشتووەو خوێندنى سەرەتایى‌و ناوەندى لە میسر تەواوكردووە،  لە فەرەنسا حقوقى خوێندووە، بەڵام بەهۆى جەنگى یەكەم‌و دوورخستنەوەى بۆ (ئەندەلوس)و زرنگى‌و هەستى ناسكى‌و ڕەوشتى جوانى واى لێكردووە، كە هەست بەئێش‌و  ئازارو ناخۆشى بارى وڵاتەكەى بكات‌و وەكو شاعیرێكى نیشتمانپەروەر هەستى خۆى دەربڕێت، چ بە شیعرو چ بە پەخشان، لەبەر ئەوە دەبینین شەوقى هەروەكو (فیكتۆر هۆگۆ)ى شاعیرى فەرەنسى كە لە ئاوارەیى گەڕایەوە، هەست‌و ئارەزووى گەلى میسرى (ژێر دەستى ئیستعمار) لەناو دووتوێى وشە ڕەنگینەكانى شیعرو پەخشانەكانیدا دەردەبڕێت‌و داواى ڕزگاریى گەل‌و وڵاتى دەكرد، لە دەستى زۆردارى، شەوقى بە قەسیدەو پارچە شیعرە نیشتمانییەكانى دەریخست، كە دەست كەلاى كۆشكى پاشاكان نییەو شاعیرى گەلە.</s>
      <s>شەوقى هەروەكو گەلێ شاعیرو نووسەرى تر شاعیرى بەرزى ئینگلیز (شێكسپیر) كارى تێكردووە، ئەمەش لە داستانى (مصرع كلیوباترا)- لەناوبردنى كلیوباترا-دا بە تەواوى دەردەكەوێت.</s>
      <s>لە بەرهەمە هونەرییەكانى شەوقیدا گەلێ مەبەستى بەرزو باڵا دەربارەى ژیان‌و مرۆڤایەتى‌و سروشت‌و هەستى نەتەواویەتى بەدیدەكرێت.</s>
      <s>دیوانە گەورەكەى شەوقى پڕە لە پارچە شیعرى وا، كە پۆپەى شیعرى وریابوونەوەى سەدەى بیستەمە.</s>
      <s>جگە لەمانە شەوقى بە پێشەنگى كاروانى بوژاندنەوەى شیعر دەژمێررێ، سەرەڕاى ئەوەى كە لە نووسینى شانۆنامەدا دەستێكى باڵاى هەبووە، بەرهەمە بەنرخەكانى شەوقى ئەمانەن: (الشوقیات، مجنون لیلى، قمبیز، مصرع كلیوباترا، اسواق الژهب).</s>
      <s>ئەمە نمونەیەكە لە شیعرەكانى ئەحمەد شەوقى كە كراوە بە كوردى:
(ئەو بولبولانەى كوندە پەپوو پەروەردەى كردن).</s>
      <s>ئەڵێن (سلەیمان)( ) زمانى هەموو، مەلى ئەزانى
ئەكەوتە گفتوگۆ لە گەلیاندا، زۆر بە ئاسانى
كوندە پەپوو زۆر ڕیزى بوو لەلاى، پێی وت سلەیمان،
ئەم بولبولانەم بۆ پەروەردە كە بەدڵ‌و بە گیان
ڕۆژێك حەزى كرد بێن بۆ خزمەتى، بۆ چاوپێكەوتن
هاتنە بەردەمى، بەڕێز كە وەستان تێر سەیرى كردن
كزۆڵە دیاربوون، بێ تواناو تاقەت، بێ هێــــــزو لاواز
هەرچەندە هەوڵیان دا، لەگەڵ سلەیمان نەكەوتنە ڕاز
سلەیمان وتى ئەم بولبولانە، من ئاوام دەوێـــــــــــــن
هەرچى چۆنێك بێت، سەربڕینیشى بێ، هەر تیمار بكرێن
پەپوو سلەیمانكە( ) هاتە پێشەوە، ئازاو دەست‌و برد
عەرزى گەورەى خۆى- زۆر بەڕێزەوە- ئا بەم جۆرە كرد:
ئەم بولبولانەى كە دەیان بینى، كەڕو لالأ نەبوون، 
پەروەردەكەریان كوندە پەپوو بوو، بۆیە وا دەرچوون!!</s>
      <s>ڕاڤەكردنى پەیڤەكان
 پەیڤ                       واتاكەى
هەڵكەوتوو	:	لێهاتوو
شانازى	:	 فەخر
دامودەستگا	:	دامەزراوەكانى میرى
ئاوارەیى	:	دووركەوتنەوە لە وڵات
دووتوێى	:	لەنێوان، بەین
پێشەنگ	:	ڕابەر، ڕێبەر
پۆپە	:	لوتكە

گفتوگـۆ:
1.</s>
      <s>شەوقى شاعیرى گەلە ئایا، ڕاستە یان نا؟ بۆچى؟
2.</s>
      <s>شەوقى لە پێشەكى دیوانى (الشوقیات)دا دەربارەى ڕەگەزى خۆى چى دەڵێت؟
3.</s>
      <s>شەوقى لەژێر كاریگەرى كام شاعیرى ئینگلیزدا بووە؟
4.</s>
      <s>ئایا شەوقى جگە لە شیعر، پەخشان‌و شانۆنامەى هەیە؟
5.</s>
      <s>ناوى چەند شاعیرو نووسەرى تر بنووسە، كە كورد بوون، بەڵام بە زمانى كوردى بەرهەمیان نەنووسیوە.</s>
      <s>6.</s>
      <s>مەبەستى شاعیر لەم شیعرە چییە؟

 
گەشتیارى، وەرزش‌و ڕۆشنبیرییە

جاران هاتوچۆ زۆر ناخۆش‌و نالەبار بوو، مرۆڤ زۆر ئازارى دەچێشت‌و گەلێك ماندوو دەبوو.</s>
      <s>تا ئێستا هاتوچۆ لە هەندێك وڵاتى دواكەوتووى دوور لە شارستانییەوە، نەك هەر مایەى هیلاكى‌و كەنەفتییە، بەڵكو مەترسیشى تێدایەو مرۆڤ تووشى گەلێك گێچەڵ‌و كارەسات دەبێت.</s>
      <s>بەڵام هاتوچۆى ئەمڕۆ وەك جاران نییە، بەڵكو گەشتیارى و خۆش ڕابواردنە.</s>
      <s>مرۆڤ بۆ ماوەیەك لە ئەرك‌و سەرقاڵى ڕۆژانە دوور دەكەوێتەوە، بۆ ئەوەى بایەكى باڵى خۆى بدات‌و بحەسێتەوە.</s>
      <s>ئینجا لەو سەرەوە بە گیانێكى نوێ‌و ئارەزوویەكى تەواوەوە، دێتەوە سەر كارو كاسبى خۆى.</s>
      <s>هەر لەبەر ئەمەیە، كە دەبینین ئەمڕۆ دەستكورت‌و كەمدەرامەتەكانی ئارەزووى گەشتیارى دەكەن.</s>
      <s>ئەمڕۆ هەر كەسێك ئارەزووى گەشتیارى كرد، مەرج نییە دەوڵەمەندبێت، ئەوەتا دەستەیەك لاوى تازەپێگەیشتوو، پەیدابوون، گەشتەكەیان هەر ئەوەندەى تێدەچێت، كە لەماڵى خۆیاندا دەیخۆن‌و لایان وایە كە گەشتیارى هونەرێكى جوانە، سەیر دەكەیت لە وڵاتێكى وەكو نەمسا یان ئەڵمانیا، قوتابى بەپێ یان بە سوارى پایسكل، وڵاتان دەگەڕێت، مەگەر كاتێك سوارى فارگۆنى ژمارە سێ، یان چوارى شەمەندەفەر ببێت، كە پارەیەكى مۆڵى پێ بێت لە هەر شوێنێك شەوى لێداهات، دەست دەبات جانتاكەى دەكاتەوەو چادرە بچكۆلە قەدكراوەكەى دەردەهێنێت‌و هەڵیدەدات‌و لەژێریدا دەخەوێت، خۆ ئەگەر واى نەكرد، لە خانێكى بچووك یان لە كادانى ماڵە جوتیارێكدا ڕۆژ دەكاتەوە.</s>
      <s>ئێستا باشم لەبیرە، كە یەكەم جارى خەوتنى ناو كادانم لە گەشتیارى، ئەو جارە بوو، كە چەند ساڵێك لەمەوبەر لەگەڵ دەستەیەك قوتابییان‌و دەرچووانى زانكۆكانى ئینگلترا چووین بۆ وڵاتانى ئەسكەندەنافیا، كادانێكى گەورەیان لە ناوەڕاستى كێڵگەیەكدا پیشان داین، كادانەكە لە تەختە دروستكرابوو كارەباشى تێدابوو، كە چووینە ناوەوە هەریەكەمان دەستمانكرد بە كاكۆكردنەوەو جێگا خۆشكردن، جێگاى خەوتنێكمان دروستكرد گەرموگوڕو خۆش، ئیتر بۆ خۆمان تا بەیانى لێى خەوتین، خەوێكى قووڵ.</s>
      <s>بەیانى كە لەخەوهەستاین لەخەو بۆمان دەركەوت، كە هەموومان خرپ خەومان لێ كەوتبوو كەسمان خەبەرمان نەبوو بۆوە، ئینجا كە لە كادانەكە هاتینە دەرەوە، دانیشتوانى ئەو شوێنە قسەى خۆشیان لەگەڵدا كردین‌و  ڕێزیان لێناین.</s>
      <s>وەنەبێت لەو وڵاتانەدا، هەر كادان دەست كەوێت‌و ئیتر هیچى تر، بەڵكو گەلێك شوێنى تر بۆ حەسانەوەو خەوتن بە دەست دەكەوێت، وەك شوێنى ئەو قوتابییانەى كە هاوینان دەگەڕێنەوە ناو كەسوكارى خۆیان، یان وەك شوێنى كەشتیوانەكان، كە بە كەشتى دەڕۆن‌و شوێنەكانیان بەجێدەهێڵن‌و بە بەتاڵی دەمێننەوە.</s>
      <s>ئەمە جگە لەوەى لە دێهات‌و شارە بچكۆلەكانیشدا شوێنى خەوتن  چنگدەكەوێت.</s>
      <s>ئەگەر گەشتیارێك ڕێى بكەوێتە یەكێك لەو شوێنانە، ژوورێكى خاڵى لە ماڵێكدا دەدۆزێتەوەو بە پارەیەكى كەم بەكرێ دەیگرێت.</s>
      <s>گەشتیارى هەلێكە دەبێت لەكیس نەدرێت‌و هەر دەرفەتێكمان دەستكەوت، دەبێت بچین بۆ گەڕان‌و جیهان بینین.</s>
      <s>بەهۆى گەشتیارى فێرى زۆر شت دەبین، كاتێك گەشتیار سوود لە گەشت‌و گەڕان‌و هاتوچۆ وەردەگرێت، كە ڕۆشنبیرو وریا بێت، نەك وابزانێت، كە بە پارەى زۆرەوە دەتوانێت سوود وەربگرێت‌و فێرببێت.</s>
      <s>ڕاڤەى پەیڤەكان
          پەیڤ                   واتاكەى  
كەنەفت	:	ماندوو
گێچەڵ	:	گرفت
كارەسات	:	 ڕووداوى ناخۆش
سەرقاڵ	:	پڕئیش
دەرفەت	:	دەلیڤە، فرسەت، بوار
گەشتیار	:	گەڕۆك
مۆڵ	:	زۆر
خان	:	شوێنى حەوانەوەى ئاژەڵ
خاڵى	:	بەتاڵ


گفتوگـۆ:
1.</s>
      <s>بۆچى جاران هاتوچۆ ناخۆش بوو؟
2.</s>
      <s>ئێستا بەهۆى چییەوە دەتوانین بە ئاسانى هاتوچۆ بكەین؟
3.</s>
      <s>بۆ ئەوەى بتوانین هاتوچۆ بكەین‌و بچین بۆ گەشتیارى، ئایا مەرجە دەوڵەمەند بین؟
4.</s>
      <s>چۆن لاوى تازەپێگەیشتوو، لە ئەوروپا دەتوانن بە پارەیەكى كەم بە ئارەزووى خۆیان بگەڕێن؟
5.</s>
      <s>ئایا لەم وڵاتەى خۆتدا گەڕاویت؟ ئەگەر گەڕاویت لە گەڕانەكەتدا هەر خۆت بەتەنها بوویت یان لەگەڵ خەڵكى تردا بوویت؟
6.</s>
      <s>ئایا دەتوانیت لەگەڵ هاوڕێكانتا بۆ چەند ڕۆژێك بە پارەیەكى كەم بۆ گەشت‌و گەڕان بۆ شوێنێكى نزیك بچیت؟
7.</s>
      <s>ئەگەر تا ئێستا نەچوویت، ئایا دەتوانیت بەم نزیكانە بچیت؟
 
چیرۆكێكى فۆلكلۆرى كوردى
لە (شانۆى ناوماڵ) بە دەستكارییەوە( ).</s>
      <s>پیاوێكى دەوڵەمەندو بە سامان نابووت بوو، هیچى نەما بەندەیەك نەبێت، ڕۆژێك بە بەندەكەى گوت: كوڕم ئێمە لەم شارە هیچمان بۆ ناكرێت، من دەناسن، ڕووم نایەت دەست لە كەس پان بكەمەوەو هەندێك ئیشیشم بۆ ناكرێت، هەتا ئەمڕۆ مەزن‌و ناسراو بووم.</s>
      <s>زەمین گەلێك فراوانە.</s>
      <s>با بچین بۆ وڵاتێكى دى بەڵكو خودا چارەسەرێكمان بكات.</s>
      <s>ڕۆیشتن، لە وڵاتى خۆیان دوور كەوتنەوەو گەیشتنە شارێك، تەماشایان كرد، خەڵكى ئەو شارە كۆببوونەوە، تومەز پادشایان مردووە، پادشا بۆ خۆیان دادەنێن.</s>
      <s>ئادەتى ئەو گاڤەش ئۆسابوو، بازیان هەڵداوە، بەسەرى هەر كەسەوە نیشتبێتەوە ئەویان كردووە بە پادشا.</s>
      <s>بەندە ڕووى كردە خودانى‌و گوتى: ئەى گەورەى من، ئەگەر خودا كردى، ئەم بازە بەسەرى تۆوە نیشتەوە، تۆ لەگەڵ خەڵكى ئەم شارە چى دەكەیت؟ وتى:
-	كوڕم، ئەوە دوورە لەمن كە خودا بە دەردو مەینەتى دووچارى كردووم.</s>
      <s>بەندە گووتى:
-	قوربان، ئەمە ئیشە، بەڵكو خودا كردى!</s>
      <s>گوتى:
-	بەڕاستى خزمەتیان دەكەم.</s>
      <s>خودا چۆنى فەرمووە بەو جۆرە كردەوەیان لەگەڵ دەكەم.</s>
      <s>ئەى كۆیلە ئەگەر بەسەر تۆوە نیشتەوە چى دەكەیت؟ 
گوتى:
-	من شەل‌و كوێرم ناپارێزم، تێیان دەكەوم، سزایان دەدەم، یەكێك پیاوێك بكوژێت، دەیكوژمەوە.</s>
      <s>ئەوى شكاتى كردووە ئەویش دەكوژم، ئەوى شایەتى دا ئەویش دەكوژم، پیاوێك دزى بكات دەیكوژم، ماڵ دزراویش دەكوژم.</s>
      <s>ئەوەى شایەتیدا ئەویش دەكوژم.</s>
      <s>ڕاستیى چى خودا فەرموویەتى من وەسا لەگەڵ وان ناكەم.</s>
      <s>گەورە گوتى:
-	جا ئەمە ئینسافە؟
كۆیلە گوتى:
-	جا خودا دەكات زۆرم لەكێ كردووە؟ یا گوێى لەم وتانە نییە؟
ڕۆیشتن، لە سوچێكەوە نزیك ئەو خەڵكە وەستان.</s>
      <s>بازیان هەڵدا، هات، گەڕا، زۆر بەسەر خەڵكەكەدا سووڕایەوە.</s>
      <s>هەتا كۆیلەى دۆزییەوە، بە سەرییەوە نیشتەوە.</s>
      <s>كە سەیریان كرد كۆیلەیەكى ڕەش، لچ شۆڕى ناشیرینى، ئێسك قورسە.</s>
      <s>گوتیان:
-	باز خەڵەتى كردووە.</s>
      <s>هەڵیان دایەوە، دووبارە بەسەرییەوە نیشتەوە، دیسان گووتیان:
-	باز خەڵەتى كردووە، چۆن ئەمە بۆ پادشایى دەست دەدات، جارى سێیەم هەڵیان دایەوە هەر بەسەر ئەوەوە نیشتەوە!</s>
      <s>ئیتر چارەیان نەما، كردیان بە پادشا.</s>
      <s>هەرایان بۆ دروست كردو چووە سەر تەختى پادشایى.</s>
      <s>دەستى كرد بە ئیش، بەڵام چۆن؟ هەرچى وتبووى بەزیادەوە تەپڵى تۆپێنى پێكردن.</s>
      <s>كەسێك كەسێكى دەكوشت دەیكوشتەوە.</s>
      <s>خاوەن كوژراوو كێ ئاگادارى بوو دەیكوشت.</s>
      <s>یەكێك دزیى بكردایە بە ماڵ دزراوو بە شایەتەوە دەیكوشتن.</s>
      <s>گەیاندییە ڕادەیەك هیچ كەس بۆ هیچ شت نەیدەتوانى داد داوا بكات، یا دەنگى لێوە بێت.</s>
      <s>بە ڕۆژ ئەمە ئیشى بوو، بە شەو كاتێك دیوان چۆڵ دەبوو، دەبووەوە بە بەندەى گەورەكەى‌و دەكەوتە خزمەت‌و حورمەتى.</s>
      <s>پیاوە ماقووڵ‌و تێگەیشتوانى شار كۆبوونەوە، گوتیان: ئێمە ئەم بەندە ڕەشەمان كرد بە پادشاى خۆمان، خۆ وا ئێمەى تەنگ كرد، چارمان چییەو چى بكەین؟ یەكێك لەوان گوتى: ئەمە پیاوێكى لە تەكدایە زۆرى حورمەت دەگرێت.</s>
      <s>با بچین تكا لەو پیاوە بكەین، تكامان بۆ بكات، بەڵكو وازمان لێ بهێنێت بەم دەردەمان نەبات.</s>
      <s>چوونە لاى گەورە‌و گوتیان:
-	قوربان تۆ دەزانیت، ئێمە خۆمان ئەم ڕەشەمان كرد بە پادشا بۆ ئەوە بوو كە خزمەتى ئێمە بكات، بەڵام ئەمە نازانین تۆ ئاگاداریت یان نا؟ هیچى نەهێشت، وا پیاوێك پیاوێك دەكوژێت، ئەم دیكوژێتەوە باشە، بەڵام باوكى كوژراوەكە بۆچ دەكوژێت؟ یا شایتەكان بۆچ؟ ئەوا دز دەكوژێت؟ ئەى ماڵ دزرا؟ یاخود شایەتەكانیش بۆچ دەكوژێت؟ تۆ لەلاى ئەو بەڕێزیت، تكاى لێ بكە بە عەدل‌و داد لەگەڵمان بجووڵێتەوە.</s>
      <s>گەورە پەیمانى پێدان، كە پێى بێژێت.</s>
      <s>شەو بەسەرداهات، دواى چۆڵ بوونى دیوان، كابراى پادشا بووەوە بە كۆیلە بەرامبەربە گەورەى وەستا.</s>
      <s>گەورە گوتى:
-	ڕۆڵە تۆ بۆچ لە خودا شەرم ناكەیت.</s>
      <s>ئێمە لە برسێتیدا وڵاتى خۆمان چۆڵ كردو دەربەدەر بووین، ئێستا خودا كردووینى بە پادشا، بۆچى سوپاسى خودا ناكەیت؟ بۆچى وا لەم هۆزە دەكەیت كە لەپڕ پەلامارمان بدەن‌و بمانكوژن.</s>
      <s>كۆیلە گوتى:
-	گەورەم ڕۆژەكەت لەبیر نایەت لە قەراغ شار، من لەتۆم پرسى ئەگەر خودا تۆى كرد بە پادشا چى دەكەیت لەگەڵ ئەمانە، تۆ گوتت: خودا چى فەرمووە بەو جۆرە كردەوە لەگەڵ ئەوان دەكەم.</s>
      <s>من گوتم: خودا چى فەرمووە وایان لەگەڵ ناكەم، قەڵاچۆیان تێدەخەم، خودا ئاگاداربوو، ئەگەر شایانى عەدل‌و دادبوونایە خودا تۆى دەكرد بە پادشایان.</s>
      <s>بەڵام شایانى ئەمەن كە من لەگەڵ ئەوانى دەكەم، ئێستاش من لەم كردارە پەشیمان نابمەوە، هەتا ئەوان تۆبەیەكى بەڕاستى دەكەن.</s>
      <s>ئەگەر تۆبەیان كرد، خودا دڵى منیان بۆ نەرم دەكات، كە بە عەدل‌و داد، لەگەڵیان بجووڵێمەوە.</s>
      <s>ئەوان تۆبەیان كردو ئەمیش باش بوو.</s>
      <s>ڕاڤەكردنى پەیڤەكان

ئێمە لەم شارە هیچمان پێ ناكرێت: مە ل ڤى باژێڕى نەشێن چ بكەین.</s>
      <s>كۆم بوون	:	كۆبوونەوە، گردبوون، گردبوونەوە
یەكێك لەوان وتى	:	یەك ژوان گۆت
وازمان لێ بێنە	:	ژمە بگەڕێ، مەبەردە
پێى بێژێت	:	ببێژێتەوى، بەو بڵێت، پێى بڵێت
بمانكوژن	:	مەبكوژن
كردووینى	:	مەكرى یە
لە تەكیدایە	:	لە گەڵیدایە
بەندە	:	كۆیلە، عەبد
گەورە	:	مەزن
فراوان	:	فرە
بڕۆین	:	بچین، بمەشنین
خودا	:	خوا، یەزدان، بینایى چاوان
شار	:	باژێر
من دەناسن	:	م ناس دكەن
لەگەڵ وان	:	 لەگەڵ ئەواندا
نەختێ	:	كەمێك، پیچەك
چۆڵبوو	:	ڤاڵابوو، واڵابوو
خودان	:	خاوەن
دروستى كرد	:	چێ كر
ئێمە خۆمان	:	مە بۆ خۆ.</s>
      <s>ڕۆلەم	:	كوڕم، كوڕى من
گاڤ	:	كات، وەخت
ئۆسا	:	ئۆسان، هۆسان، هۆسا، ئاوا
قەراغ شار	:	كەنار شار، ڕەخى باژێر
هۆز	:	گەل، میللەت.</s>
      <s>گفتوگـۆ:
1.</s>
      <s>بەم چیرۆكەدا چ پەندێكى كوردیت دێت بە بیردا؟ لە مامۆستایان، باوك یان برات بپرسە ئەم پەندەت تێبگەیەنن: (خودا كێو نەبینێت بەفرى تێناكات).</s>
      <s>یا ماناى ئەم ئایەتە پیرۆزەت بۆ ڕوون بكەنەوە: (لا یغیر الله ما بقوم حتى یغیروا ما بانفسهم).</s>
      <s>2.</s>
      <s>بە كورتى باسى سوودى ئەم چیرۆكە بكە.</s>
      <s>3.</s>
      <s>ماناى (فۆلكلۆر) لە مامۆستا بپرسە.</s>
      <s>ئاڵاى كوردستان 
ئاڵا نیشانەى سەروەرى و شكۆمەندى و شانازی هەر وڵات و دەوڵەتێكە.</s>
      <s>ئەركى هەر هاووڵاتییەكە خزمەتى  ئاڵاى نیشتمانەكەى بكات، گەل و نەتەوەكان، هەمیشە لە هەوڵى بەرز ڕاگرتنیدان.</s>
      <s>ئاڵا بۆ نەتەوەیەكى بێ قەوارەى سیاسیى وەك كورد، ئامرازیكى كاریگەرە بۆ بزواندنى هەستى نەتەوایەتى و نیشتمانى.</s>
      <s>ئاڵا، وەك هێمایەك یان نیشانەیەك دەوڵەت بەرزى دەكاتەوە بۆ ئەوەى لە دەوڵەتەكانى دیكەى جودا بكاتەوە، ڕەنگە بریقەدارەكانى و نەخشەكەى سەرنجڕاكێشە، كە هێماى خاكى نیشتمان، گەل و حكومەتە، لەگەڵ ئەو بەها و ڕوومەتانەى كە ڕۆڵەكانى نەتەوە بڕوایان پێ هەیە، ئاڵاى نیشتمان هەستى كامەرانى خەڵك دەجووڵێنێت، یان گیانى  ئازایەتییان تێدا دەوروژێنێت و بەرەو گیانفیداییان دەبات، خەڵكێكى زۆر لە پێناو ئاڵاى نیشتمان مردن، بۆ ئەوەى دووچارى نوشستى و ڕیسوابوون  نەبن.</s>
      <s>بە پێى سەرچاوەكان هەرچەندە یەكلانەكراوەتەوە.</s>
      <s>زەحمەتە بزاندرێت كەى بۆ یەكەم جار ئاڵا بەكار هاتووە، دەكرێت بلێین ئەوە بەندە بە تێگەیشتن لە چمكى ئاڵا و پێناسەكردنى، ڕەنگە میسرییە كۆنەكان سەرەتا ئاڵایان بەكار هێنابێت.</s>
      <s>نەتەوەى كوردیش بە درێژایى میژوو لەو قەوارە و بزووتنەوە سەربازى و شۆرشگێڕیەكانى بەپیى تێگەیشتنى خۆى ئاڵاى بەكارهێناوە.</s>
      <s>لە سەدەى بیستەم  بە سەرهەڵدانى ڕاپەڕین و شۆڕش و كۆمەڵ و ڕێكخراوو پارتەكان، كوردیش ئاڵاى دروستكرد، كە هەر یەكە و بە پێى بۆچوون و تێڕوانینى خۆى ئاڵاى داهێناوە،  بەڵام بە پێى سەرچاوەكان بنەماى ئەم ئاڵایەى ئێستامان دەگەڕێتەوە بۆ( كۆمەڵەى هاوبەندى كۆمەڵایەتى) كە سێ ڕەنگى كوردستانى داناوە لەسەرەوە تەختەیەكى سور لە ناوەراست تەختەیەكى سپى، ڕۆژێكى پڕشنگدارى تێدایەو تەختەى خوارەوەشى سەوزە كە هەر ڕەنگە و ماناى خۆى هەیە و بە زۆریش دەربڕى سروشتى كوردستانە.</s>
      <s>لە سەردەمى كۆمارى كوردستان  هەمان ئەو ئاڵایەى (كۆمەڵەى هاوبەندى كۆمەڵایەتى)  بە كەمێك دەستكارییەوە هەڵدراویەوە.</s>
      <s>لە دواى ڕاپەرینى بەهارى ساڵى 1991 باسى ئاڵا كەوتە سەر زاران و لە گۆڤار و ڕۆژنامەكاندا مشتومڕى لە سەر كرا، تاكو لە پەرلەمانى كوردستان بە پێى بڕیارى ژمارە(26) ى 11-11-1999 یاساى ژمارە(14) ساڵى 1999، كە تایبەتە بە ئاڵاى هەرێمى كوردستانى عیراق، دەركردووە، تێیدا شێوازى ئاڵاكە و  پێوانەكان و  شێوازى هەڵدانى دیاریكراوە.</s>
      <s>لە دوایدا لە لایەن سەرۆكایەتى ئەنجوومەنى وەزیران و سەرۆكایەتى هەرێمى كوردستان بە بڕیارى فەرمى پەسندكراوەو كۆمەڵەى جوگرافیاناسانى نێو دەوڵەتیش دانیپێداناوە.</s>
      <s>ڕاڤەى پەیڤەكان
پەیڤ                  واتاكەى
 ئاڵا:                 پەرچەم، پەیداخ
قەوارە:             دەوڵەت، كیان
ڕوومەت:             ڕەوشت
نووشستى:          شكست 
مشتومڕ:            گفتوگۆ
فەرمى:              ڕەسمى

 
نـەورۆز
     نەورۆز كۆنترین جەژنی هەموو مرۆڤایەتییە و تا ئێستا ساڵانە بەگەرمترین وجەماوەریترین شێوە لەهەموو جیهان یاددەكرێتەوە.</s>
      <s>(كۆمەلەى گشتی نەتەوە یەكگرتووەكان) لە سالێ (2010)دا بەفەرمی كردی بەجەژنێكی جیهانی!</s>
      <s>بەڵام، پێش ئەوفەرمانەش نەورۆز لەزۆربەی وڵاتانی رۆژهەڵاتی ناوەڕاست و ئاسیا و زۆر وڵاتی تر وەك جەژن پیرۆز دەكرا.</s>
      <s>ناوی نەورۆز
     جەژنی نەورۆز لە مێژووی دوور و درێژی خۆیدا، بە زۆر شێوە ناوی هاتووە، لە سەرەتادا (سۆمەرییەكان) پێیان گوتووە: (زەگمەك) واتە ڕۆژی نوێ، رۆژی نویێ سالێ نوێ، لەهەر سەردەمێك و بەهەر زمانێك ناوی هاتبێ، هەر ئەو مانایەی هەبووە.</s>
      <s>بۆ نمونە (ساسانییەكان) پێیان گوتووە: (نوك ڕۆژ) واتە ڕۆژی نوێ لەدوای هاتنی ئایینی ئیسلام ئەم جەژنە زیاتر بە (نەورۆز) كە ناوێكی (كوردی - فارسی)یە بڵاوبووەوە.</s>
      <s>ئێستاش لە هەموو دنیادا ئەم جەژنە هەربەم ناوە یاددەكرێتەوە.</s>
      <s>ڕۆژی نەورۆز
     رۆژی نەورۆز كە دەكاتە رۆژ یەكى/مانگی یەكەمی ساڵی نوێی سۆمەرییەكان، دەكەوێتە بەرامبەر 21/3 ساڵی زاینی ئەم ساڵنامە و جەژنە, زۆر وڵات و نەتەوە هەر لە سۆمەرییەكانیان  وەرگرتووە، بۆنمونە (گوتییەكان، میتانییەكان، حیسییەكان، ئیلامییەكان، میدییەكان و ساسانییەكان، كە ئەمانە هەموویان پێكەوەو هەندێ هۆزی تر پێكهاتەی نەتەویی كورد پێكدێنن، هەروەها (ئەكەدی و ئاشوری و بابیلییەكان)یش ئەم جەژن و ساڵنامەیان هەر لە سۆمەرییەكان وەرگرتووە، كە ئەمانە بە نەژاد سامیین.</s>
      <s>هەروەها فارسەكان وەك نەتەوەیەكی ڕۆزهەڵاتی لەكۆنەوە نەورۆز دەكەن.</s>
      <s>بەڵام، یەكەمین جار لەگەڵ دامەزراندنی دەوڵەتی هەخامەنشی ولەسەردەستی (كۆرش) بە فەرمی كرا بە جەژنی دەوڵەت.</s>
      <s>پێش ئەوان لە(700)پێش زایین (دیاكۆ) پاشای ماد لە ڕۆژی نەورۆزدا دامەزراندنی ئیمپراتۆریەتەكەی ڕاگەیاند و نەورۆزی بەفەرمی كرد بەجەژنی ئیمپراتۆریەتەكەی.</s>
      <s>شوێن و سەردەمی سەرهەڵدانی جەژنی نەورۆز
     شارەزایانی مێژووی كۆن و پسۆرانی شوێنەوارناس و سۆمەریناس ئەوەیان ساغكردووتەوە كە سۆمەرییەكان كونترین دانیشتوانی زنجیرە چیاكانی زاگرۆس و كوردستانن و جەژنی نەورۆزیش بەردەوامی جەژنی زەگمەكی سۆمەرییەكانە.</s>
      <s>ئەو سۆمەرییانەی پێش ئەوەی بەشێكیان لێ بچێتە خوارووی عیراق لە نێوان هەزارەی پێنجەم وچوارەمی پێش زایین، بەپێی باوەڕی (ئایینی و ئەفسانەیی و سروشتی وكشتوكال)یەوە داستانێكیان هەبوو بە ناوی (ئینەننا و دەمموزی) كە دواتر لەسەردەمی ئاشوری و بابیلییەكان بەداستانی (تەمموز و عەشتار) ناسرا، لەم داستانە دا خواوەندی دەمموز لەسەرەتای پایز و بۆماوەی شەش مانگ دەچووە بن دنیاێی واتە (دەمرد)ولە سەرەتای بەهار و رۆژی نەورۆز (زیندوو) دەبووەوە، كە دەكاتە زیندووبوونەوەی سروشت و سۆمەرییەكان ئەم سەرەتای بەهار و زیندووبوونەوەی دەمموزییان دەكرد بە جەژن.</s>
      <s>شارەزایان لەزۆر ڕووەوە لێكۆڵینەویان لە پەیوەندییە جۆاروجۆرەكانی نێوان كورد و سۆمەرییەكان كردووە، بۆ نمونە : (هینری فڕانكفۆرت) زانای شوێنەوارناسی ئەلمَانی لە نەورۆزی ساڵی (1930) زایینی كە لەكوردستان دەبێت وكرێكارە كوردەكانی بەردەستی خۆی دەبینێ لەشەوی نەورۆز داچ نواندنێك دەكەن، هەر ئەو ساڵە لێكۆڵینەوەیەكی گرنگ دەنووسێ بە ناوی (سروتەكانی دەمموزی لە كوردستان) لەم لێكۆلێنەوەیەدا دەنووسێ: (ئەوەی ئێستا كوردەكان لە نەورۆزدا دەیكەن، هەمان شتە كە سۆمەرییەكان لە جەژنی زەگمەك دا دەیانكرد) بەڵێ، سۆمەرییەكان ئەو میللەتەن كە لە كوردستان (لانكەی مرۆڤایەتی) سەریانهەڵداوە وئێستاش بەردەوام ساڵانە لەهەموو كوردستان پاشماوە وشوێنەواری ئەو سۆمەرییانە دەدۆزرێتەوە، هەتا پاشماوەی دوای چوونە خوارەوەشیان، كەواتە جەژنی نەورۆز كۆنترین جەژنی (سۆمەرییەكان –كوردەكان)ەو لەكوردستانیش سەریهەڵداوە و هەر لە كوردستانیش بەدنیادا بڵاو بووەتەوە، ئەوە هەرتەنیا میللەتی كوردیشە داگیر كەران ساڵانە نەورۆزی لێ قەدەغە دەكەن و هەرتەنیا كوردیشە لەپێناو بەئازادی ئاهەنگێڕان و خۆشى دەربڕینى نەورۆز خوێنی ڕژاوە و شەهیدی داوە و هەر كوردیشە مانگی یەكەمی ساڵی نویی خۆى بەناوی ڕۆژی نەورۆز كردووە نەورۆز بۆ كورد بۆتە سومبولى بەرخودان و تێكۆشان لەپێناو رزگارى و ئازادى خاك و خەڵكەكەى لەدەست داگیركەران.</s>
      <s>ئێستاش ئەم جەژنە كۆن ونەتەوەیییەی كورد، نەتەوە یەكگرتووەكان بە فەرمی و بەناوی (نەورۆز .</s>
      <s>كلتوری ئاشتی) كردوویەتی بە جەژنێكی جیهانی.</s>
      <s>دكتۆر مەولود ئیبراهیم حەسەن
                                          مامۆستا لە كۆلێژى زمان زانكۆى سەلاحەدین
     	       ڕاڤەكردنى پەیڤەكان
      پەیڤ                               واتاكەى
نەورۆز	:	نوڕۆژ, رۆژى نوێ
سومبول	:	هێما
فەرمان	:	بڕیار, ئەمر 

گفتوگـۆ:
1.</s>
      <s>ئاگر نیشانەى چییە لە نەورۆزدا؟ بۆچى بووە بە نیشانەى نەورۆز؟
2.</s>
      <s>باسى نەورۆزى ئەمساڵ بكەو بەشداریكردنى خۆت بنووسە بە لاپەڕەیەك.</s>
      <s>3.</s>
      <s>پەیوەندى لە نێوان كورد و نەورۆز چییە؟











ژیان چییە؟

ڕۆژێ لە ڕۆژان پۆلێ مەل لەسەر لق‌و پۆپى درەختێك دەیانخوێند، لە ساتێكدا كە مەستى خۆش خوێنى بوون، یەكێكیان گوتى: ئەرێ ژیان چییە؟ هەموویان سەریان سوڕما لەم پرسیارە سەیرە، زۆر لێكیاندایەوە، تا یەكێكیان گوتى (ژیان گۆرانییە).</s>
      <s>مێروولەیەك، كە لەولاوە تەقەڵای دەدا، خۆى لەژێر گڵ دەربێنێ، كاتێك سەرى دەرهانى‌و ڕۆشنایى بینى گوتى: (نە‌و، ژیان تێكۆشانە لە تاریكیدا) لەولاوە گوڵێكى تازە پشكووتوو زارى ڕاگرتبوو بۆ هەنگێك، كە ماچێكى خاوێن‌و گەرمى بكات، گوتى: (ژیان خۆ دەرخستن‌و شادییە).</s>
      <s>هەنگێكى تر بەلایدا ڕۆیى‌و گوتى: (نە‌و.</s>
      <s>بڵێ ژیان ڕۆژێكى خۆشى هاوینە).</s>
      <s>مێروولەیەك لەولاوە لە تۆپەڵێكى لە خۆى گرانتر ئاڵابوو هەڵیبگریت، ماتەمینى و ماندوویەتى دایگرتبوو گوتى: (من لە تێكۆشینێكى سەخت‌و ئەركێكى گران زیاترى تێدا نابینم).</s>
      <s>لەولاوە، باڵدارێكى تر پێكەنى، پێكەنینێكى وا، كە هەورى خەمى سەر ڕووى بڕەوێنێتەوە.</s>
      <s>وەختبوو كورەى تووڕەیى تاو بسێنێ كوڵ‌و كۆى دابمرێنێتەوە ئەگەر شەستە باران نەبووایە، ئاخێكى هەڵكێشاو گوتى: (ژیان فرمێسكە).</s>
      <s>بازێك بە مەلە ئاسمانى دەبڕى، دەیچریكاندو دەیگوت: (نە‌و، بە هەڵە چووى، ژیان هێزو ئازادییە).</s>
      <s>لە پاش نەختێك تاریكى هەڵمەتى هێناو شەو بارى خست.</s>
      <s>مێش‌و مەگەز بە ویزە ویزە لەسەر لق‌و پۆپى درەختەكان دەیانگوت: ژیان خەوە!</s>
      <s>شارو دێ بێدەنگ‌و كشومات بوو، بەیان نزیك بووەوە، قوتابییەك چراى ژوورەكەى خۆى كوژاندەوەو هەناسەیەكى هەڵكێشاو گوتى: (ژیان قوتابخانەیە).</s>
      <s>هەرزەكارێكیش، كە بەدخوویى هەڵیتەكاندبوو، شەوانى لە باوەشى ڕابواردندا بە گەمەو دەسبازى بەسەر دەبرد، خەم‌و پەشیمانى لەدرزى دەروازەى دڵییەوە سەرەتاتكێیان دەكرد، دەیگوت: (ژیان ئارەزوویەكە تەخت نابێت، خەونێكە نایەتە دى).</s>
      <s>بەیانی بەشنەشن دەهات‌و دەیگوت: (ژین گرێیەكە ناكرێتەوە، نهێنییەكە ئاشكرا نابێت).</s>
      <s>خۆر دەركەوت، دنیا ڕۆشن بووەوە، پۆپەى درەختانەكانى زەرد هەڵگەران، بەیانى ناوچەوانى هەردى ماچكرد، هەموو لایەك دەنگى دەدایەوەو دەیگوت: (ژیان دەست پێكردن‌و ئیشكردنە).</s>
      <s>لە(یادگارى لاوان) ەوە وەرگێڕانى پارچە پەخشانێكى(ڤیكتۆر هۆگۆ)یە







	
                  ڕاڤەكردنى پەیڤەكان
           پەیڤ                         واتاكەى    
گۆرانى	:	ستران، چریكە
مێروولە	:	مێلوورە، مێروو
گەمە	:	یارى
هەرد	:	زەوى، گرد

گفتوگـۆ:
1.</s>
      <s>بەلاى هەنگەوە ژیان چى بوو؟
2.</s>
      <s>بەلاى مێروولەو بازەوە ژیان چى بوو؟ ئەى بەلاى تۆوە چییە؟
3.</s>
      <s>چى لەم نووسینە گەیشتیت؟








هەنگ بەخێوكردن( )

زۆربەى گیانلەبەران لە دڕندەو مێروو،  بە تەنهایى دەژین‌و هەر یەكە ڕێگایەكى لە ژیاندا گرتووە، دوور لە هاوڕەگەزى‌و، پشتی بەخۆی بەستووە بۆ گەڕان بەدواى خواردن‌و دەربازبوون لە تەنگوچەڵەمەو بەسەرهاتدا.</s>
      <s>تەنانەت ڕێكدەكەوێت.</s>
      <s>كە دوو دڕندە لەسەر نێچیر، یەكتر بكوژن، وەیا لەسەر مانەوە ئەگەرچى لەیەك ڕەگەزو ڕیشەن.</s>
      <s>لەگەڵ ئەوەشدا لە جیهانى فراوانى جانەوەراندا گیانەوەرانى وا هەن، كە حەز بە تەنهایى ناكەن‌و بە كۆمەڵ بەیەكەوە دەژین، ژیانى بە كۆمەڵ لەناو ئەم جۆرانەدا لە گۆڕاندا بووە تا گەیشتۆتە ڕادەیەك كە باشترین‌و ڕێكوپێكترین ژیانى بە كۆمەڵ لەناو هێندێكیاندا هاتۆتە كایەوە، بەتایبەتى لەناو مێروواندا، وەك لەناو شارە مێروو لەو كوورە هەنگدا دەبینرێت.</s>
      <s>هەنگ لە زۆر كۆنەوە ناسراوە، مرۆڤ بەخێوى كردووەو سوودى لێوەرگرتووە.</s>
      <s>لە كوردستاندا، لە زۆر كۆنەوە هەنگ( ) بەخێوكردن‌و سوود لە هەنگوین‌و مێوەكەى وەرگیراوە، چونكە جگە لەوەى كە هەنگوینى هەنگ وەك خواردنێك بەكاردەهێنرێ، وەكو دەرمانیش بۆ گەلێك نەخۆشى‌و كاروبارى تر بەكارهێنراوە.</s>
      <s>هەنگ لە میسرو یۆنان‌و ڕۆماى كۆندا سەرچاوەى گەلێك ئەفسانەو چیرۆكى سەیر بووە.</s>
      <s>بەخێوكردنى هەنگ لە كوردستاندا لەسەر شێوەى كۆنە- جگە لەو كێڵگەو شوێنانەى كە وەزارەتى كشتوكاڵ بەڕێوەیدەبات ئەویش بەم جۆرەیە:
پوورە هەنگەكە لەناو دەفرێكى لوولەیى، كە لەقوڕ كە (كاگلى) پێدەڵێن یا لەدارى كلۆر وەیا لە جۆرە سەبەتەیەك، كە بەقوڕ كون‌و كەلەبەرى سواخ دراوە، دادەنرێت‌و لەسەرێكەوە كونێكى تێدەكرێت بۆ هاتوچۆى‌و دیوەكەى ترى بە پارچەیەك قوڕ یا تەختە دەگیرێت‌و لە شوێنێكى سەرگیراودا بە تایبەتى لە زستاندا دادەنرێت، بەشێوەیەك، كە دەمەكەى بۆ دەرەوە بێت‌و بەرەو (ڕووگە) بۆ ئەوەى لە زستاندا باى ساردى تۆف‌و كڕێوە نەیگرێتەوە، خۆ ئەگەر نزیك باخ‌و گوڵزارو ئاوبێت ئەوا باشتر، چونكە هەنگ ژیان‌و  بوونى لەناو گوڵ‌و گوڵزارو ئاودایە، لە كەشى بەهاردا لەو كاتەى كە هەموو گیان لەبەران دەبووژێنەوەو دەكەونەوە گەڕ، كوورە هەنگیش دەستدەكات بە ئیش‌و هاتنە دەرەوەو گەڕان بە شوێن گوڵ‌و نێرگزداو دەستدەكات بە شیلەى گوڵ‌و درەخت مژین‌و هەڵاڵە هێنان‌و شانە دروستكردن بۆ ئەوەى شاهەنگ گەرا دابنێت‌و ئەمانیش پێیان بگەیەنن‌و بەخێویان بكەن.</s>
      <s>لەم كاتەدا خاوەن كوورەكە، كە زانى هەنگەكان لە كاردان‌و ئیشى تەواو دەكەن‌و ژمارەیان زۆر بووەو جێگایان تەسكە لە پشتەوە نیوە دەفرێكى تر، كە (پاشەوانە)ى پێدەڵێن، دەلكێنێت بە پشتى كوورەكەوە بۆ ئەوەى لەمەشدا شانەو گەڕاو هەنگوین دروستبكەن.</s>
      <s>خۆ ئەگەر ساڵێك بەهارەكەى تەڕبێت‌و گوڵ‌و گوڵاڵەو ئاوى زۆر بێت‌و سون (سن)و كوللە نەبن، هەنگ زووترو زۆرتر پەرەدەستێنێت‌و دەستدەكات بە پوورەدان (بێچو دەركردنە دەرەوە) ئەم پوورەیەش، لەلایەن هەنگەوانەكەوە دەگیرێتەوەو دەخرێتە دەفرێكى ترەوەو دەبێت بە كورەیەكى تازە، ساڵى وا ڕێكدەكەوێت، كە یەك كوورە دایكە دوو سێ پوورەدەدات.</s>
      <s>هەنگ مێروویەكى زۆر ناسكەو زوو لەناو دەچێت( ) لەبەر پڕكارى‌و( ) خۆخەریك كردنى بە ئیش‌و كارى كوورەكەیەوە، هەروەها تووشى نەخۆشى‌و وێرانى دەبێت، لەبەر ئەمە هەنگەوان هەر ماوەیەك پشتى كوورەكە دەكاتەوە بۆ ئەوەى بزانێت ناو كوورەكە پاكە، شانەى نەكەوتووە، یا تووشى نەخۆشى نەبووە، بۆ ئەوەى پاكی بكاتەوە.</s>
      <s>لە كوردستاندا بە تایبەتى لە پێدەشتەكانیدا لەسەرەتاى پایز، یا لەگەڵ گەلاوێژهەڵاتندا دەستدەكرێت بە بڕینى هەنگ بە واتا (هەنگوین دەرهێنان لە كوورە).</s>
      <s>بەشێوەیەكى تایبەتى‌و وەستایانە، بە مەرجێك بەشى كوورەكە لە هەنگوین بمێنێتەوە بۆ خواردنى زستانەى.</s>
      <s>كورد لە زۆر كۆنەوە هەنگى بەخێوكردووە، بۆ هەر شتێك، یا ناوى تایبەتى لێناوەو بەكاریهێناوە.</s>
      <s>لە هەر كوورەیەكدا سێ جۆر هەنگ هەیە، شا، كەڕهەنگ (نێرە)، ئیشكەر.</s>
      <s>ئەوەى هەنگ دەیهێنێت لە گوڵ‌و گوڵزار بۆ بەخێوكردنى بێچووەكانى‌و هەنگوین دروستكردن هەڵاڵەو شیلەیە.</s>
      <s>ئەو بەشە هەنگەى كە لە دایكەكە(ماكى) جیادەبێتەوە، (پوورە)ى پێدەڵێن.</s>
      <s>هەنگ شانەكانى لەو مێوە دروستدەكات، كە لەگوڵ‌و درەخت دەیگرێت، هەر خانەیەك لەو خانانەى شانەكە (كەلو)ى پێدەڵێن.</s>
      <s>ئەگەر شانەكان یەك لەدواى یەك پڕبەپڕى دەمى دەفرەكە هەنگوین دروستبكات پێیدەڵێن (پەپكەشان)، ئەگەر لاربێت پێیدەڵێن (لاشان)، ئەگەر ڕاست لە دەمى دەفرەكەو بۆ دواى دەفرەكە بێت، (تیرەشان)ى پێیدەڵێن.</s>
      <s>ئەو دەفرە بچووكەى دەدرێت لە پشتى كوورەكە (پاشەوان)ى پێدەڵێن، بەو مێوەى كە لە زستاندا كون‌و كەلەبەرى كوورەكەى پێدەگیرێت (بەرە مێو)ى پێدەڵێن، ئەو نەخۆشیانەى تووشى هەنگ دەبێت (هاڕێ)‌و (مرە)و (ئەسپێ)یە.</s>
      <s>ڕاڤەكردنى پەیڤەكان
         پەیڤ                         واتاكەى    
بەخێوكردن	:	خودانكردن
تەنگ‌و چەڵەمە	:	گیروگرفت، ئاستەنگ
ڕەگەز	:	بنەچە، ڕیشە
مێروولە	:	مورچە، موریچە
مێو	:	ئەو مادەیە كە هەنگ شانەى لێدروستدەكات
دەرمان	:	دارو
پوورە	:	شلخە
ڕووگە	:	قیبلە
كوورەهەنگ	:	شارەهەنگ.</s>
      <s>دەفر	:	ئەو شتەیە كە هەنگێ تێ دەخرێت‌و دەبێت بە شوێن‌و لانە.</s>
      <s>تۆف‌و كڕێوە	:	سەرماو سۆڵەو بەفرو با
هەڵاڵە	:	ئەو تۆزو گەردە ڕەنگاو ڕەنگى گوڵەیە كە هەنگ لە گوڵى دەكاتەوەو بە قاچەكانییەوە دەنوسێت‌و دەیهێنێت بۆ خواردنى بێچووەكانى.</s>
      <s>كاگلى	:	ماڵى هەنگ
مادە	:	مژار





گفتوگـۆ:
1.</s>
      <s>ئایا هەنگ بەتەنها یا بە كۆمەڵ دەژیت؟
2.</s>
      <s>بۆچى لە كوردستاندا خەڵك هەنگ بەخێودەكەن؟
3.</s>
      <s>كە كوورە دایكەكە پوورەى دا هەنگەوانەكە چى دەكات؟
4.</s>
      <s>بۆ ئەوەى هەنگ باش بەخێو بكرێت‌و هەنگوین دروستدەكات چ بۆى باشە ؟
5.</s>
      <s>پێویستە لە ڕێكوپێكى‌و كاروگوزاریدا چاو لەهەنگ بكرێت.</s>
      <s>لەسەر ئەمە وتارێك بنووسە.</s>
      <s>دەستى ماندوو لەسەر سكى تێرە

هێمن لە سەرەتاى دیوانى (تاریك‌و ڕوون)دا گەلێك یاداشتى دەربارەى ژیانى خۆى و مێژووى چەند ساڵەى خەباتى كوردانى ڕۆژهەڵاتى كوردستانى تۆماركردووە.</s>
      <s>با لەوەیان بگەڕێین، بزانین ئەو شاعیرە چی دەربارەى یەكێك لە ساڵە سەختەكانى كوردستان نووسیوە:
(هێمن) نووسیوییەتى و دەڵێت:
ساڵى 1327( ) ساڵێكى یەكجار تووش‌و شووم بوو.</s>
      <s>من بە عومرى خۆم زستانى وا سەختم لە وڵاتى خۆمان نەدیبوو.</s>
      <s>پازدە ڕۆژى پاییز مابوو بەفرێكى ئەستوورو وشك بارى.</s>
      <s>یەك نوا  لە هەموو جێگایەك لە میترێك پتر بوو، وشكە بەندو سەرماو ساییقەى بەدوادا هات‌و یەكسەر بوو بەڕوو، بەفرى دیكەشى بەسەردا بارین، ڕێ‌و بان گیران، قات‌و قڕى پەیدابوو، ئاو وشك بوون‌و خەڵك ناچار بوو بەفر بتوێنێتەوەو بیخواتەوە.</s>
      <s>نەوت‌و ئاوردوو وەگیر نەدەكەوت، ئاژەڵ‌و ماڵات قڕانیكرد.</s>
      <s>ڕەپستە ڕزین‌و نەوەندە گنخان‌و گرانییەكى زۆر بە سامى بەدوادا هات.</s>
      <s>من بۆ خۆم لە ئەزموونى پیاوێكى دنیا دیدەو كۆنساڵ كەڵكم وەرگرت و توانیم بەشێكى زۆر لە دەغڵ‌و دانى خۆمان لە ڕزین وزایە بوون ڕزگار بكەم.</s>
      <s>بەهار درەنگ بوو، هەوا گەرم ببوو.</s>
      <s>بەڵام بەفر ئارەقیشى نەدەكرد.</s>
      <s>ڕۆژێك چوومە مزگەوت تەماشام كرد پیرە پیاوێك بە تەنێ لەتەنیشت سۆبە ساردو سڕەكە هەڵكوڕماوە.</s>
      <s>هەر منى دیت گوتى: منداڵى ئەو زەمانە ئێمەى پێ خەرفاوە.</s>
      <s>گوتم مامە گیان چ قەوماوە؟ 
گوتى: بەسەرى تۆ ئەوە چەند ڕۆژە بەو هەتیوە گێژانەى خۆم دەڵێم بچن بەفرى سەر ڕەپستەكەمان كون كون بكەن گوێشم نادەنێ.</s>
      <s>گوتم: جا بۆ كون كوى بكەن؟ گوتى: بۆ تۆش نازانى؟ گوتم ناوەڵڵا.</s>
      <s>گوتى بیلامانێ كە ساڵ درەنگ بوو هەرد گەرم دادێ‌و هەڵمێ دەكا.</s>
      <s>بەفریش نایەڵێ هەڵمەكە بێتەدەرو لە ناوخۆیدا دەگەڕێتەوەو دەغڵەكە دەسووتێ، ئەگەر كون بكرێ هەڵمەكەى دێتە دەرو ناسووتێ.</s>
      <s>قسەى مامە پیرەم بە دڵیەوە نووسا، چەند ڕۆژان پیاوم هەڵگرتن‌و چوومە زگ بەفر كون كردن، بەڵام كارەكە زۆر گران بوو.</s>
      <s>بەفرەكە ئەوەندە ڕەق بوو بە لۆسە كون نەدەكرا.</s>
      <s>پاشان تێگەیشتم  پێشینان چەند ڕاستە كە گوتوویانە (دەستى ماندوو لەسەر زگى تێرە).</s>
      <s>ئەمەى هێمنى شاعیر گێڕایەوە، یادگارى كەسێك‌و خێزانێكە، بیرەوەرى ئیشكردن‌و هەوڵدانێكە كە بووە بەهۆى ماڵ‌و ڕەنج نەفەوتان، بەڵام ئەگەر وردە وردە لە كەنارى ئەم بیرەوەرییە دووربكەوینەوەو ئاسۆى بیرمان فراوانتر بكەین‌و تەماشاى هەموو وڵات بكەین، یا تەماشاى هەموو جیهان بكەین، ئەوا ڕاستییەك دەبینین ئەویش ئەوەیە كە هەوڵدان‌و ڕەنج كێشان بەر دەگرێت، كە كەسى ئیشكەر دوا ڕۆژى ڕوونە، تێرە، كەسى بڵحى تەمەڵ‌و ئیش نەكەر دوا ڕۆژى تاریكەو دەست ناخاتە سكى تێر، چونكە ئەو دەستە ماندوونەبووە، لە زۆر وڵاتدا هێشتا چەوساندنەوە ماوە، هێشتا چینى دەسەڵاتدار بەرى ڕەنجى زەحمەتكێشان‌و كارگەرو جوتیاران دەخوات‌و ئەو چەوساندنەوەیە برسێتى‌و نەبوونى‌و نەخۆشى‌و ڕووتى لەناو هەژاراندا بڵاوكردۆتەوە.</s>
      <s>بەڵام لەو وڵاتانەدا كە تێكۆشانى كارگەران‌و زەحمەتكێشان قەڵاى ڕەنج خۆرانى ڕووخاندووەو زەحمەتكێش خۆى خاوەنى ڕەنگ‌و ئیش‌و نانى خۆیەتى، ئەوا خەڵكى هەموو تێرو تەسەڵن، هەموو مەردانە ئیش دەكەن‌و ڕەنج دەدەن‌و خێرو بەرەكەت بەرهەم دێنن‌و دەستى ماندووى ئەوان هەمیشە لەسەر سكى تێرە.</s>
      <s>ئەم پەندە كوردییە لە گەلێك زمانى جیهان هەیە، لە قورئانى پیرۆزیشدا ئەم ناوەرۆكە لە ئایەتێكدا دەفەرمووێت: (لیس للانسان الا ماسعى) واتە ئادەمیزاد ئەو شتەى دەست دەكەوێت كە ڕەنجى بۆ كێشاوە.</s>
      <s>ئێستا لە خاكى زەحمەتكێشاندا، لە وڵاتى ئیشتراكیدا ئەم مەبەسە بووە بە یەكێك لە یاساكانى ڕژێمى ئیشتراكى‌و دەڵێن هەموو كەس دەبێت ئیش بكات و نەوەستێت، ڕەنج بكێشێت.</s>
      <s>دیارە ڕەنجەكەشى بۆ خۆیەتى، چونكە دەرەبەگ‌و سەرمایەدار نەماون، تا ڕەنجى بخۆن.</s>
      <s>ئەوانە نەماون، كە وەك زەروو، خوێنى بمژن.</s>
      <s>هەر لەبەر ئەوەشە كە هەموو كەسێكى چالاكى ئیشكەر ژیانى ڕوناكەو بەختیارەو خاوەنى ڕەنج‌و نانى خۆیەتى‌و هەموو كۆمەڵ، هەموو خەڵك دەستى ماندوویان لەسەر سكى تێرە.</s>
      <s>لە ئەدەبى جیهانیەوە:
دایــك 

مەكسیم گۆركى لە ئەدەیبە هەرە گەورەكانى وڵاتى سۆڤیەتى جاران دەژمێررێ.</s>
      <s>ئاشكرایە، كە پایەیەكى بەرزى بۆ دایك داناوەو خۆشەویستى دایكى لە دڵدا چەسپیوە، سێ چیرۆكى خۆى كە هەر سێكیان دەربارەى دایك‌و قارەمانێتى دایكێتییە دواى خۆى بەجێ هێشتووە.</s>
      <s>ئەم چیرۆكە بچووكە یەكێكە لەو سێ چیرۆكە.</s>
      <s>دووانەكەى تریان یەكێكیان لاسایى نامەیەو ئەوەى دییان ڕۆمانى بەناوبانگى (دایك)ە، كە بۆ زۆربەى زمانەكانى جیهان وەرگیراوە.</s>
      <s>ئەمەش چیرۆكەكەیە:
دایـــك

با زمان بە پیاهەڵدانى ئافرەتێك بكەینەوە، كە دایكە!</s>
      <s>دایك: سەرچاوەى ژیان!</s>
      <s>ئەم چیرۆكە لە تەیموورى لەنگى دڵڕەقەوەیە: جیهانگیرى، شەلى خۆشبەخت، كە ویستى هەموو جیهان ژێرەو ژوور بكات.</s>
      <s>ماوەى پەنجا ساڵ هەموو جێگەیەكى تێكەڵ بە خوێن كرد.</s>
      <s>شاران‌و دەوڵەتانى لەژێر چەكمەى ئاسنینى خۆیدا وێرانكرد، وەك فیلێك پێ بەسەر شارە مێروولەدا بنێت، پێى دەنایە هەر شوێنێك، جۆگەى خوێن بەدوایدا دەكشا، گەلێك كۆشكى بەرزكردەوە لە ئێسقانى (گەلە) بەردەسكراوەكان، لە تۆڵەى مەرگى (جانگیر)ى كوڕیدا، سێ ساڵى تەواو تۆز قاڵێك میهرەبانى‌و بەزەیى لە سوچى دڵیدا جێى نەدەبووەوە.</s>
      <s>با زمان بە پیاهەڵدانى دایك بكەینەوە!.</s>
      <s>دایك: ئەو هێزەیە كە مەرگ سەرى زەبوونى بۆ دادەنوێنێت، چیرۆكى ڕاستەقینە لەدایك بگێڕینەوە: دایك كە نۆكەرو خزمەتكارى مەرگ، تەیموورى شەلى دڵرەق، لە ئاستى ئەودا سەرى ڕێزو قەدرى دانەواند.</s>
      <s>دەشتى سەوزو زەڕنگارى (كانى گوڵان)، كە بە گوڵاڵەو بەیبون داپۆشرابوو شاعیرەكانى سەمەرقەند ناویان نابوو (دۆڵى گوڵ) لەو جێگەیەى كە منارە بەرزو شینەكانى شار لەدوورەوە دەبینران، تەیموور جەژنێكى گەورەى پێنج هەزار خێوەتى لە چەشنى بایەوان هەڵدابوو، كە لەبانى هەر یەكێكیانەوە بە سەدان ئاڵاى ئاوریشمین دەشەكایەوە.</s>
      <s>لە ناوەڕاستى ئەم چادرانەدا، خێوەتى تەیموور وەك شاژنێك لەناو كارەكەراندا وەستابیت، لەسەر دوازدە هەستوونى زێڕ، كەهەر یەكەیان بە قەدەر درێژى باڵاى پیاوێك بوو، هەڵدرابوو، لە چوار سووچى خێوەتەكەدا، (چونكە چوارگۆشە بوو) چوار هەڵۆى زیوینیان داچەقاندبوو، لە ناوەڕاستى ئەواندا هەڵۆى پێنجەمین: پادشاى پادشاهان، تەیمورى دەسەڵاتدار، لەسەر تەختى فەرمانڕەوایى دانیشتبوو، ڕووكارى وەكو دەمى خەنجەرێكى پان بوو، كە بە خوێن سوور كرابێت: خوێنێ كە بە هەزاران جار لێیەوە لكابوو.</s>
      <s>تەختى خێوەتەكە بە جوانترین‌و نایابترین ڕایەخ داپۆشرابوو، سێ سەد بەرداخى زێڕینى پڕ لە شەرابیان دانابوو لەگەڵ هەر شتێكى نایابدا، كە بۆ خوانى پاشایەتى بە كەڵك بێت، بەزم گێرەكان لە پشتى سەرى تەیموورەوە جێگاى خۆیان گرت، لە تەنیشتەوە هیچ كەس دانەدەنیشت، نزیكانى‌و فەرماندەرانى‌و گەورە پیاوەكانى، هەموو لەبەر پێیدا دانیشتن.</s>
      <s>نزیكترو خۆشەویستتر لەهەمووان (كرمانى) شاعیرى سەرمەست بوو، كە تەیموور بوارى دابوو لە هەڕەتى سەرخۆشیدا گاڵتە بە سەردارى گەورە بكات، ئەو پیاوە جەنگاوییە بە سامە بداتە بەر توانج...دەبا زمان بۆ پیاهەڵدانى شاعیرى بكەینەوە، كە لە خواى تاك ‌و تەنیا بەولاوە هیچ ناناسێت و لە قسەى هەقدا كۆڵ نادات.</s>
      <s>لە هەڕەتى جەژن‌و لە گەرمەى شانازى‌و گێڕانەوەى شەڕان‌و سەركەوتنەكاندا، كە پیاوەكانى تەیموور نوقمى سامى ئەو بووبوون، لە ناكاو هاوارى ژنێك وەك قریشكەى تەوارێك، لە چەشنى بروسكە كە بەناو هەوردا تێپەڕێت، گەیشتە گوێچكەى (سوڵتان بایەزید).</s>
      <s>ئەم دەنگەى بەلاوە ئاشنابوو،  كاریشى لە دڵە زامدارەكەى كرد، كە مەرگ هێلانەى تێدا كردبوو، فەرمانیدا بزانن ئەم هاوارە دوور لە شادییە لە كوێوەیە؟ وەڵامیان هێنا، لەژنێكى شێتى شپرزەوەیە، كراسێكى شڕى لەبەردایەو بە زبانى عەرەبى دەدوێت‌و دەیەوێت بڵێ:
دەیەوێت سەردارى گەورە ببینێت.</s>
      <s>فەرمانیدا، بیهێنین.</s>
      <s>دواى پشوویەك، ژنەكە لە بەرامبەریدا وەستا، پێ خاوس‌و بەرگى شڕى لەبەردا بوو، پرچە شۆڕەكانى، سنگە ڕووتەكەى داپۆشیبوو، ڕواڵەتى وەك برنجە زەرد بوو، لە چاوەكانیدا گرنگى‌و لەخۆڕادیوى دەبینرا، دەستە گەنم ڕەنگەكانى كە هەرگیز نە دەلەزرین بۆ لاى سەردارى شەل درێژ كردو وتى:
"ئەرێ تۆى سوڵتان بایەزیدت شكاندووە؟ گوێ بگرە، تۆ هەر چییەك بكەیت، مرۆڤیت‌و منیش دایكم!</s>
      <s>تۆ مەرگ دەچێنیت، من ژیان دەبەخشم!</s>
      <s>گوناهت دەربارەى من كردووە، من هاتووم كە لاى من گوناهى خۆت بلاڵێیتەوە!</s>
      <s>بیستوومە، كە دروشمى تۆ (دادپەروەرى‌و دەسەڵاتە) باوەڕناكەم!</s>
      <s>بەڵام ویژدان گاڵتەدەكات، كە لەبەرانبەرى منداڵ گوێ ڕادێر بیت!</s>
      <s>من دایكم!"</s>
      <s>سەردارى شەل ئەوەندە زیرەك‌و وریا بوو، كە پەى بە تەوژمى پشت ئەم قسانە بەرێت.</s>
      <s>بە ژنەكەى فەرموو دانیشێت‌و بەسەرهاتى خۆى بگێڕێتەوە.</s>
      <s>ژنەكە گوتى: " من خەڵكى (سالرنۆ)م كەوا لە ئیتالیا لە وڵاتێكى دوور كە تۆ شارەزاى نیت.</s>
      <s>باوكم ماسیگر بوو، مێردەكەشم هەر ئەوە كاریبوو، بە دڵنیایى دەژیاو من مایەى بەختیارى ئەو بووم.</s>
      <s>منداڵێكم بوو لە هەموو منداڵان جوانتر بوو."</s>
      <s>لەم وەختەدا سەردارى پیر قسەى ژنەكەى بڕى‌و گوتى: "وەك جانگیرى كوڕم "  ژنەكە گورجانە گوتى: "منداڵى من لەجوانى‌و ژیریدا هاوتاى نەبوو، شەش ساڵانە بوو، كە دزانى دەریا ڕژانە قەراخى دەریاى ئێمەو خەزورى‌و من گەلێكى دیكەیان كوشت‌و كوڕەكەمیان ڕفاند.</s>
      <s>ئەمە چوار ساڵە دنیاى بە شوێندا دەپشكنم كەچى ئەوەتا لاى تۆیە!</s>
      <s>بەوەشدا دەزانم، چونكە پیاوى بایەزید ئەو دزە دەریاییانەیان گرت‌و ئەمجارە تۆیش بایەزیدت شكاندو هەرچییەكى هەبوو كەوتە دەستت.</s>
      <s>جا خاتر جەمم ئاگات لە شوێنى كوڕى من هەیەو لەسەر تۆیە بمدەیتەوە!"</s>
      <s>ئەوانەى لەوێ بوون هەموو دایانە قاقاى پێكەنین.</s>
      <s>سەركردەكانى سوپاو فەرماندەرانى وڵاتان، كە خۆیان بە پسپۆر دەزانى گوتیان: "ئەم ژنە شێتە!"</s>
      <s>ماقوڵان‌و گەورەكانى هۆزیش دایانە پاڵ ئەوان‌و پشتوانیان لە قسەكەیانكرد، بەڵام كرمانى شاعیر.</s>
      <s>تەنیا كەسێك بوو، كە پێنەكەنى، بەڵكو وردبووەوە، بە بیرا چوو، ڕاستەوخۆ سەرنجى ژنەكەى دەدا.</s>
      <s>تەیمورى شەلیش بەسەر سوڕماوییەوە تێیدەڕوانى.</s>
      <s>ئینجا شاعیر لەژێر لێوییەوە، گوتى: " بەڵى شێتە وەك ئەو ژنانەى جگەر گۆشەیان لە كیس چوو بێت!".</s>
      <s>لە دواییدا فەرماندەرى فەرماندەران، دوژمنى ئاسایش‌و هێمنى گوتى: "ژنەكە!</s>
      <s>لەو وڵاتە نادیارییەوە چۆن گەیشتیتە ئێرە؟، دەست ئەو پیاوانەى لە جانەوەرى كێوى دڕندەترن خۆت ڕزگار كردو بێ چەك‌و تەنیا ڕێگات گرتە بەر؟!</s>
      <s>چەك تەنیا پشتیوانى مرۆڤى بێدەسەڵاتە‌و تاقە دۆستێكە، كە مرۆڤ تا ئەو كاتەى بتوانێت بە چاكى بەكار بهێنێت، گزیى ناكات!"</s>
      <s>با سەر دانەوێنن بۆ گەورەیى ئافرەت، ئەو ئافرەتەى كە دایكە‌و خۆشەویستى ئەو تەگەرە‌و بەرهەڵست ناناسێت،  بە مەمكى خۆى ڕێگا لە دنیا دەكاتەوە.</s>
      <s>هەموو شتێكى باش لە ئادەمیزاددا بە ڕوو بۆى تیشكى ڕۆژو شیرى دایكەوە ئەمەیە، كە خۆشەویستى ژیانمان فێردەكات.</s>
      <s>ژنەكە گوتى:"من لە گەڕانەكەمدا هەر تووشى دەریاییەك بووم، كە ئەویش پڕ بوو لە دوورگەو گەمیى ڕاوى، توانیم بە كۆمەكى ئەوان لێى بپەڕمەوە.</s>
      <s>مرۆڤ  كاتێك بە شوێنى خۆشەویستێكدا دەگەڕێت هەموو شتێك ئامادە دەبینێت بۆ خزمەتى خۆى.</s>
      <s>پەڕینەوەى ڕوبار بە مەلە بۆ كەسێك كە لە قەراخ ئاو هاتبێتە دنیاوە كارێكى ئەوەندە گران نییە."</s>
      <s>لەم وەختەدا كرمانى گوتى: "كۆسار بەلاى خۆشەویستەوە، وەك دەشت‌و نەرمان تەخت دەبێت!"</s>
      <s>ژنە لەسەرى ڕۆیشت: تووشى جانەوەرانى سامناكى كێوى بووم، بەڵام هەموو جانەوەرێك دڵێكى هەیە، من لەگەڵ ئەواندا، هەر بەو جۆرە كە لەگەڵ تۆدا دەدوێم، قسەم دەكرد، ئەوانیش وەختێ، كە دەمگوت دایكم، باوەڕیان پێدەكردم، دڵیان پێم دەسووتا، بۆچى جانەوەرانى دڕندەى كێویش بەچكەى خۆیان خۆش ناوێت!</s>
      <s>بۆ پاراستنى گیانیان تەقەڵا نادەن؟!)</s>
      <s>ژنە لەسەر قسەكانى ڕۆیشت: "پیاو لەبەر چاوى دایكدا لە منداڵێك زیاتر نییە، تۆ دەكرێت حاشا لە بوونى خوا بكەیت."</s>
      <s>ژنە لەم كاتەدا قیژاندى:" خێراكە!</s>
      <s>كوڕەكەم بدەرەوە، ئەمن دایكى ئەم‌و خۆشم دەوێت!"</s>
      <s>با سەر بۆ گەورەیى ئافرەت دابنەوێنین.</s>
      <s>ئافرەتە كە موساو عیساو موحمەدى خستۆتەوە، ئەوە كە گەورە پیاوان دێنێتە دنیا، جیهان بە هەرچییەكەوە بنازێت لەدایكەوەیە.</s>
      <s>خاپووركەرى شاران، ئەو شەلە زۆردارە، كەوتە وتووێژ پاش بێدەنگییەكى درێژ بە وانەى لە دەوروبەرى بوون گوتى: "من تەیمورى خواپەرست، ئەوەى پێویستە بگوترێت بە ئێوە دەڵێم: ماوەیەكى زۆر دەژیم‌و دنیا لەژێر پێمدا دەناڵێنێت، سێ ساڵە لە تۆڵەى جانگیرى كوڕمدا دنیام خەڵتانى خوێن كردووە، بەدرێژایى ئەم ماوەیە خەڵك لەبەر خاترى شاران‌و وڵاتان لەگەڵ مندا جەنگاون‌و هیچ كەس سەبارەت بە مرۆڤ بە گژمدا نەهاتووە!</s>
      <s>مرۆڤ هیچ كاتێك ڕێزو نرخى بەلامەوە نەبووە، من ئەو تەیموورەم كە لە پاش بەى دەسكرن" بە بایەزیدى گوت: "بڕوا ناكەم شاران‌و خەڵكى شاران بەلاى خواوە نرخێكیان هەبێت، ئەو لە زنجیردا بوو من لە كاتێكدا ژیانم بەلامەوە وەك ژەهر تاڵبوو، تەماشاى چارەڕەشى ئەوەم دەكرد، لەبەرامبەر یەكێكى وەك مندا ئەوەتا ژنێك دانیشتووە هەست‌و بیرێكى لەمندا هەڵگیرساندووە، كە تا ئێستا بە خۆمەوە نەم دیوە.</s>
      <s>ئەو بە جۆرێك لەگەڵ مندا دەدوێت، خێرخوازى منە، ئەم ناپاڕێتەوەو تكا ناكات، ئەم دەیەوێت‌و داوا دەكات.</s>
      <s>ئێستا ڕازى تەوژمى ئەو ژنە تێدەگەم، ئەو خۆشەویستى لە دڵدایە، ئەو خۆشەویستییە واى لێدەكات، كە منداڵەكەى بە ڕیشەى ژیانى بزانێت.</s>
      <s>زۆردار، كە كوڕەكەى خۆى بیركەوتبووەوە، دەیناڵاند، لە دواى پشوویەك ڕوویكردە پیاوەكانى‌و گوتى: "هەر ئێستا سێ سەد سوار لە سەرانسەرى ناوچەى فەرمانڕەوایى مندا بۆ دۆزینەوەى كوڕى ئەم ژنە، بكەونە ڕێ، ئەم ژنە لێرە دەمێنێتەوەو منیش بە دیاریەوە دادەنیشم تا كوڕەكەى دەدۆزێتەوە، خۆشى لەو كەسەى كوڕى ئەم ژنە بێنێتەوە."</s>
      <s>ژنە بزەیەكى بۆ كردو ئەویش كشومات سەرى بۆ ژنەكە دانەواند، كرمانیش دەسبەجێ  شیعرێكى مێژوویى بۆ ژنێك خوێندەوە، كە عەشقى دایكانەى لەسەردایە.</s>
      <s>**			**		**
 ئەمە هەموو وایە: هەر وشەیەك كە لێرەدا دانراوە ڕاستە، دایكانى ئێمە ئەمە دەزانن، لەوان بپرسە پێتدەڵێن:
"بەڵێ ئەمانە ڕاستن، لەسەرەتاوە، ڕاستبوون‌و هەتا هەتایە ڕاست دەبن، ئێمەى دایكان لە مەرگ بەهێزترین، ئێمەین كە بۆ دنیا هەمیشە پسپۆرو شاعیرو پاڵەوان دێنینە بەرهەم،  هەر شتێك مرۆڤ لە سایەیدا بگاتە سەربەرزى، شانازى پێدەبەخشین."</s>
      <s>(مەكسیم گۆركى)</s>
</ch>