<?xml version="1.0" encoding="UTF-8"?>
<ch>
    <s>﻿

(وانەى سێزدەهەم)

جۆرەكانى ناو
ئـ- ناو لەڕووى ناوەرۆكەوە
ناوى تایبەتى- گشتى- كۆمەڵ

لەوانەى پەروەردەى نیشتمانیدا مامۆستا گوتى:
( هەرێمى فیدڕاڵى كوردستانى عیراق، ئانكو باشورا كوردستانێ، لەدواى ڕاپەڕینى بەهارى 1991ز گۆڕانێكى زۆرى بە خۆوە دیت، ئەڤـ هەرێمە لە پێنج پارێزگا پێك دێت، هەولێرو سلێمانى‌و كەركوك‌و دهۆك‌و هەڵەبجە، چەند قەزایێكى دیكەش هەن كە بەشێكن لەو هەرێمە وەكو: خانەقین‌و شەنگارو بەدرە.</s>
    <s>لە ماوەى ئەو چەند ساڵەى ڕێڤەبەریا كوردى، گەلێك پڕۆژەى ئاوەدانكردنەوە هاتنە جێ بەجێكردن.</s>
    <s>سەدان باژێرو گوندو دێ نۆژەن كرانەوەو سەر لەنوو هاتن ئاڤاكرن، سەدان كیلۆمەتر ڕێ‌و بان دروستكران.</s>
    <s>ژمارەیەكى زۆرى كارگەو كارخانە كەوتنەوە گەڕ، بایەخدرا بە كاروبارى چاندن‌و كتشوكاڵ بە ڤەژیاندنا سامانى ئاژەڵ‌و بەخێوكردنى مەڕو بزن‌و پەزو گاو چێل‌و مریشك.</s>
    <s>پەرلەمانى كوردستان‌و حكومەتى هەرێم ژى هاتن دامەزراندن.</s>
    <s>گەلى كورد لەم بەشەى كوردستاندا دەسەڵاتى گرتە دەست.</s>
    <s>چەندین زانكۆى تازە لە هەولێرو سلێمانى‌و دهۆك‌و دەیان قوتابخانەو خاندنگە كرانەوە.</s>
    <s>نازدارا كچا من‌و سەربەستێ برایێ وێ لەم زانكۆیانە دەخوێنن.</s>
    <s>كۆمەڵى كوردەوارى لە گەلێك لایەنەوە پێشكەفت.</s>
    <s>لەبەر هەندێ پێویستە بە دڵ‌و گیان ئەزموونى دیموكراتى گەلى خۆمان بپارێزین‌و هەموو ببین بە سەرباز بۆ پاراستنا ڤان دەستكەفتان).</s>
    <s>خستنەڕوو:
ئەگەر بە وردى پەیڤەكانى مامۆستاى پەروەردەى نیشتمانى بخوێنینەوە، دەبینین چەند ڕستەیەكى تێدایە وەكو:
1.</s>
    <s>ئەڤ هەرێمە لەپێنج پارێزگا پێكدێت هەولێرو سلێمانى‌و كەركوك‌و دهۆك و هەڵەبجە.</s>
    <s>2.</s>
    <s>سەدان باژێرو گوند نۆژەنكرانەوەو سەر لەنوو هاتنە ئاڤاكرن.</s>
    <s>3.</s>
    <s>بایەخدرا بە كاروبارى چاندن‌و كشتوكاڵ‌و بە ڤەژیاندنا سامانى ئاژەڵ‌و بەخێوكردنى مەڕو بزن‌و پەزو گاو چێڵ‌و مریشك.</s>
    <s>4.</s>
    <s>نازدارا كچا من‌و سەربەستێ برایێ وێ لەم دوو زانكۆیە دخوینن.</s>
    <s>5.</s>
    <s>گەلى كورد لەم بەشەى كوردستاندا دەسەڵاتى گرتە دەست.</s>
    <s>دیسان ئەگەر بە وردى بەرێ خۆ بدەینە ڕستەكان دبینین:
لە ڕستەى یەكەمدا ناوى چەند شارێك هاتووە كە دەكەونە هەرێمى كوردستان وەك (هەولێر، سلێمانى، كەركوك، دهۆك، هەڵەبجە ) كە هەر یەك ژ وان، ناوە بۆ شارێكى دیاریكراو و ناوەكە دەبێتە ناوى (تایبەتى).</s>
    <s>لە ڕستەى دووەمدا وشەى (باژێڕ، گوند، دێ) هەر یەكەیان ناوەو بەسەر هەموو گوندو دێ‌و باژێڕێكدا دابڕاوە، چونكە لە یەك ڕەگەزن، بۆیە ئەو جۆرە ناوانە پێیان دەگوترێت ناوى (گشتى).</s>
    <s>لە ڕستەى سێیەمیشدا دیسان بێژەكانى (مەڕ، بزن، پەز، گا، چێڵ، مریشك)، كە جانەوەرو گیاندارن، ناوى گشتین، چونكە بۆ ڕەگەزى ئەو گیاندارانەو بۆ تاكە تاكەیان بەكار دێت.</s>
    <s>لە ڕستەى چوارەمدا وشەكانى (نازدار، سەربەست) دوو ناون، كە بۆ دوو كەسى دیارى دەستنیشانكراو بەكارهاتوون‌و پێیان دەگوترێت ناوى (تایبەتى).</s>
    <s>لە ڕستەى پێنجەمیشدا وشەى (گەل) لە ڕواڵەتدا تاكە، بەڵام لە ناوەرۆك‌و واتادا (كۆ)یە، چونكە بێژەكە تێكڕا ئەو هەموو كەسانە دەگرێتەوە كە پێكڤە پێیان دەگوترێت (گەل)، ئەو جۆرە ناوەش پێیدەگوترێت ناوى (كۆمەڵ).</s>
    <s>دەستور:
ناو لە ڕووى ناوەرۆكەوە دەكرێت بە سێ جۆر:
1.</s>
    <s>ناوى تایبەتى: ئەو ناوەیە كە بەتایبەتى بەكاردێت بۆ ناونانى كەسێك یان شتێك یان شوێنێكى دیاریكراو و تایبەت وەك:
(ئەڤین- شێركۆ- نازدار- هەندرێن- مەتین- دهۆك- كەركوك)
ناوى تایبەتیش بۆى هەیە:
 ئـ- ناوى كەسان بێت، وەك: دارا، لاڤە، لەوەند، خوناڤ
    ب- ناوى ڕوبارو چیاو شارو گوند بێت، وەك: سیروان، سەفین، كەركوك، سۆربەش 
پ- ناوى وڵات‌و میللەت بێت، وەك: كوردستان، ئازەرى
2.</s>
    <s>ناوى گشتى: ئەو ناوەیە كە بۆ هەموو ئەو گیاندارو بێ گیانانە بەكاردێت كە خودانى یەك ڕەگەزن‌و ناوەكە بەسەر تێكڕاو بەسەر تاكە تاكەى ئەو ڕەگەزانە دابڕاوە.</s>
    <s>ئەو جۆرە ناوەش بۆى هەیە:
ئا- بۆ كەس بەكاربێت وەك: مامۆستا، كچ، كوڕ، دایك.</s>
    <s>ب- بۆ ئاژەڵ‌و باڵندەو ڕووەك‌و میوە بەكاربێت وەك: شێر، گورگ، ماین، هرچ، پەز، كەو، كۆتر، مراوى، گەنم، جۆ، سێو، هەنجیر.</s>
    <s>پ- بۆ شتان بەكاربێت (بێ گیان) وەك: بەرد، دار، چیا، ڕوبار، خانوو.</s>
    <s>3.</s>
    <s>ناوى كۆمەڵ: ناوێكە بە ڕواڵەت تاك پیشاندەدات، بەڵام لە ناوەرۆكدا واتاى كۆ دەبەخشێت، ئەم جۆرە ناوەش بۆى هەیە:
ئـ- بۆ كۆمەڵە كەسێك بەكاربێت وەك: لەشكر، گەل، میللەت، هۆز، دەستە، چین، تیرە.</s>
    <s>ب -بۆ ژمارەیەك گیاندارو ڕووەك بەكاربێت، وەك: گاڕان، مێگەل، ڕەوە، گەلە، ڕان، گاگەل، ڕەڤد (رەڤدا گورگان)، ڕەز، چەپك، دەسك، قامك.</s>
    <s>ڕاهێنانى (1)
جۆرى ئەم ناوانە دیاربكە:
(پیاو، زۆزك، قوتابى، جەژن، نێرگز، ئەحمەدى خانى، مێگەل، میللەت، زەردەشت)
ڕاهێنانى (2)
لەم پارچە هۆنراوەیەدا ناوەكان دەست نیشان بكەو جۆرەكانیشیان دیاربخە.</s>
    <s>بۆ ڕۆژى نەورۆز سێ چەپــك		لە نێرگزو گوڵى ناســـــــك
ئەكەم بە دیارییەكى جــــوان		بۆ گەلى كوردى قارەمــــان
گوڵاڵە سوورەى پارچەى دڵ		هى دڵێك كە كەوتە ژێر گڵ
دڵى ئەو لاوەى بۆ میللـــــەت		جەڕانیان( ) لە گەردنیا پـــەت
چراى گیانیان كوژانـــــــــەوە		شەماڵ جەستەى شەكانــــەوە
ئەم چەپكە گوڵەى من پێشكەش		بەوەى گڕ ئەگرێتە بــــــاوەش
بەو لاوانەى كە بۆ وەتــــــــەن		لە خەباتا پشوو نـــــــــــــادەن
بۆ ژینى كورد بوون بە پێشــەنگ		بوون بە مەشخەڵى شەوە زەنگ





ڕاهێنانى (3)
ئەم بۆشاییانە بە ناوێكى گشتى پڕ بكەوە:
1.</s>
    <s>باخەكەمان ........... ى جوانى تێدایە.</s>
    <s>2.</s>
    <s>چەم بێ ........... نابێ.</s>
    <s>3.</s>
    <s>پێویستە ........... هەموو ساڵێك لەوانەكانى دەرچێت.</s>
    <s>4.</s>
    <s>........... نەخۆشى بڵاو دەكاتەوە.</s>
    <s>ڕاهێنانى (4)
وشە هێڵ بەژێر داهاتووەكان لەم ڕستانەدا شلۆڤەبكە:
1.</s>
    <s>ڕەزڤانى ڕەزێ خۆ ئاڤ دا.</s>
    <s>2.</s>
    <s>لەشكر سنوورەكانى وڵات دەپارێزێت.</s>
    <s>3.</s>
    <s>سێڤێن بەرواری بناڤ ‌و دەنگن.</s>
    <s>4.</s>
    <s>گوڵێكم بۆ مامۆستا برد.</s>
    <s>5.</s>
    <s>سلێمانى شارى هەڵمەت‌و قوربانییە.</s>
    <s>جۆرەكانى ناو
ب- ناو لەڕووى  هەبوونەوە
ناوى بەرجەستەو ناوى واتایى

جوتیارێك گێڕایەوەو گوتى:
 ڕۆژەكە زۆر سارد بوو، هەورى ڕەش سەرتاپا ئاسمانى ناوچەكەى داپۆشیبوو، زەوى گەلەك تێنوو بوو، ئارەزووى بارانى دەكرد، لە ناكاو كردى بە هەورە تریشقەو لێزمەى باران، جوتیارو شڤان‌و گاوان، كەوتنە خۆشى‌و شادى، چونكە كاتێك بەفرو باران زۆر بوو، كانیاو دەردەبن، ئاوى چەم‌و ڕوبار زۆر دەبێت، لە بەهاردا جوانى هەموو لایەكى سروشت دەگرێتەوە، خەم‌و پەژارە لە دڵ نامێنێت، هێزو وزە دەكەوێتە گیانى زیندەوەرو جانەواران.</s>
    <s>لەم وەرزەدا بەرهەمى ئاژەڵان زۆر دەبێت، وەك: ماست، پەنیر، فرۆ، لۆر، سەرتوو و نڤیشك.</s>
    <s>خستنەڕوو:
لە خوێندنەوەى ئەم پارچە نووسینەدا چەند ڕستەیەك دێنە بەرچاو، وەك:
1.</s>
    <s>ڕۆژەكە سارد بوو، هەورى ڕەش سەرتاپا ئاسمانى ناوچەكەى داپۆشیبوو.</s>
    <s>2.</s>
    <s>لەم وەرزەدا بەرهەمى ئاژەڵان زۆر دەبێت، وەك: ماست، پەنیر، فرۆ، لۆر، سەرتوو و نڤیشك.</s>
    <s>3.</s>
    <s>لە ناكاو كردى بە هەورە تریشقەو لێزمەى باران، جوتیارو شڤان‌و گاوان كەوتنە خۆشى‌و شادى.</s>
    <s>4.</s>
    <s>لە بەهاردا جوانى هەموو لایەكى سروشت دەگرێتەوە، خەم‌و پەژارە لە دڵ نامێنێت.</s>
    <s>ڕستەى یەكەم هەندێك ناوى تێدایە كە ئێمە لێرەدا مەبەستمانن ناوەكانیش بریتین لە (هەور، ئاسمان)، كە لەو ناوانەن بەر یەكێك لە هەستەكانى مرۆڤـ  دەكەون ئەویش هەستى بینینە، لەبەر هەندێ  پێیان دەگوترێت ناوى (بەرجەستە).</s>
    <s>لە ڕستەى دووەمیشدا كۆمەڵە ناوێك هەن، كە هەر یەكەیان بەر هەستێك یا پتر لە هەستێكى مرۆڤ دەكەون‌و پێیان دەگوترێت ناوى بەرجەستە، وەك: ماست، پەنیر، فرۆ، لۆر، سەرتوو و نڤیشك.</s>
    <s>ئەگەر لە ڕستەى سێیەم ڕامینێین، دەبینین ڕستەكە ژمارەیەك ناوى تێدایە، بەڵام ئەوەى مەبەستمانە هەردوو ناوى (خۆشى‌و شادى)یە، كە لە خۆیاندا بوونى سەربەخۆیان نییە، ناكەونە بەر یەكێك لە پێنج هەستەكەى مرۆڤـ، بەڵكو تەنیا لە بیرو خەیاڵ‌و هزردا بوونیان هەیە، ناوەكانى ئەم چەشنەش پێیان دەگوترێت ناوى (واتایى).</s>
    <s>دیسان لە ڕستەى چوارەمدا ناوەكانى (جوانى، خەم، پەژارە) بەر ئەو جۆرە ناوانە دەكەون كە لەهزرو خەیاڵدا پەیدادەبن‌و بەر هیچ یەك لەو پێنج هەستەى كە مرۆڤ هەیەتى ناكەون، بۆیە بەوان ژى دەگوترێت ناوى (واتایى).</s>
    <s>ناوى واتاییش دوو جۆرى هەیە:
ئـ- ناوى واتایى بنجى، كە هەر لە بنەڕەتدا بونێكی سەربەخۆی هەیە و بۆ ئەم مەبەستانە بەكاردێن، وەك: خەم، هێز، وزە، هۆش، باوەڕ، ترس، مەرگ...هتد.</s>
    <s>ب‌-	ناوى واتایى دروستكراو، كە لە وشەیەك و بەیاریدەى پاشگرێك دروست دەكرێت، وەك: مێرانى، كوردینى، دۆستایەتى، پیاوەتى، ڕەشایى، مەزناتى، جوانى...هتد.</s>
    <s>دەستور:
لە ڕووى هەبوونەوە ناو دوو جۆرە:
1.</s>
    <s>ناوى بەرجەستە: ئەو ناوەیە، كە بەر یەك لە پێنج هەستەكانى مرۆڤ دەكەوێت‌و بوونى مادی هەیە.</s>
    <s>2.</s>
    <s>ناوى واتایى : ناوێكە لە خۆیدا بوونى مادى نییە، بەر هیچ یەك لە هەستەكانى مرۆڤ ناكەوێت، تەنیا لە بیرو خەیاڵدا پەیدا دەبێت، ئەویش دوو جۆرە:
ئـ- بنجى			ب- دروستكراو.</s>
    <s>ڕاهێنانى (1)
ئەم ناوە واتاییانە لە ڕستەدا بەكاربێنە.</s>
    <s>(مرۆڤینى، زیرەكى، برایەتى، جەنگ، ئاشتى)

ڕاهێنانى (2)
لەم ڕستانەدا ناوە واتاییەكان دەربهێنەو جۆرەكەیان پیشان بدە:
1.</s>
    <s>هەستى نەتەوایەتى پیرۆزە.</s>
    <s>2.</s>
    <s>كۆترى ئاشتى زۆر جوانە.</s>
    <s>3.</s>
    <s>هەمیشە تروسكەى هیوا ناكوژێتەوە.</s>
    <s>4.</s>
    <s>دووربینى پەشیمانى لەدوا نییە.</s>
    <s>5.</s>
    <s>خوێندن چاوى مرۆڤـ دەكاتەوە.</s>
    <s>6.</s>
    <s>خەو بۆ مرۆڤ پێویستە.</s>
    <s>7.</s>
    <s>تا مرۆڤایەتى مابێت، ژیان ناوەستێت.</s>
    <s>ڕاهێنانى (3)
لەم ڕستانەدا تەنها ناوە بەرجەستەكان دەربهێنە:  
1.</s>
    <s>تریفە بەیانیان هێلكەو نڤیشك دەخوات.</s>
    <s>2.</s>
    <s>گەنم‌و جۆ دوو بەرهەمى زستانن.</s>
    <s>3.</s>
    <s>ل بەهارێ خوناڤ ( ) دكەفیتە سەر پەلكێت داران
4.</s>
    <s>مەتینى دەستێ خۆ ب تەڤشوى( ) بڕى.</s>
    <s>5.</s>
    <s>جوتیارى زەڤى كێڵا.</s>
    <s>ڕاهێنانى (4)
1.</s>
    <s>شلۆڤەكردن:
كەوەكەى خەسرەو فڕى.</s>
    <s>كەوەكە: ناوە، گشتییە، بەرجەستەیە، دیارخراوە، ناسراوە، بكەرە.</s>
    <s>ى: ئامرازى دانەپاڵە.</s>
    <s>خەسرەو: ناوە، تایبەتییە، دیارخەرى ناوى (كەو)ە.</s>
    <s>فڕى: كارى ڕابردووى نزیكە، تێنەپەڕە.</s>
    <s>2.</s>
    <s>ئەم ڕستانە شلۆڤەبكە:
1.</s>
    <s>ترس مرۆڤ  دەتۆقێنێت.</s>
    <s>2.</s>
    <s>خوێندەوارى چراى ژیانە.</s>
</ch>