<?xml version="1.0" encoding="UTF-8"?>
<ch>
    <s>﻿
(وانەى یازدەهەم)
كار
ئـ- كارى تەواو
1.</s>
    <s>كاوەى ئاسنگەر شۆڕشى لە دژى زۆردارى بەرپاكرد.</s>
    <s>2.</s>
    <s>گیا لەسەر پنجى خۆى دەڕوێتەوە.</s>
    <s>3.</s>
    <s>كورد بە ئازادى ئەندامانى پەرلەمانى هەڵبژارد.</s>
    <s>4.</s>
    <s>شرینێ پەز دۆشى.</s>
    <s>5.</s>
    <s>ئێوەى تێكۆشەر سەردەكەون.</s>
    <s>6.</s>
    <s>ئاراسى ماسى دناڤ گۆمێدا گرت.</s>
    <s>ب- كارى ناتەواو
1.</s>
    <s>دراوى سپى بۆ ڕۆژى ڕەشە.</s>
    <s>2.</s>
    <s>ئاگر نیشانەى جەژنى نەورۆزە.</s>
    <s>3.</s>
    <s>گوڵە سپییەكە جوان بوو.</s>
    <s>4.</s>
    <s>ئاوى گۆزەكە سارد بوو.</s>
    <s>5.</s>
    <s>دیارییەكە بۆ تاڤان دەبێت.</s>
    <s>6.</s>
    <s>دیار دەبێت بە مامۆستا.</s>
    <s>خستنەڕوو:
لەوانەى پێشوودا خوێندمان كە ڕستە لەسەر دوو بنچینە پێكدێت ئەویش (بكەر، كار)ە، ئەگەر سەیرى ڕستەكانى بەشى (ئـ) بكەین، دەبینین هەموویان لەسەر ئەو دوو بنچینەیە پێكهاتوون‌و هەر یەكێكیان، واتاو مەبەستى تەواو دەدات بە دەستەوە.</s>
    <s>ئەگەر سەرنج بدەینە ڕستەكانى بەشى (ئـ) دەبینین (بەرپاكرد، دەڕوێتەوە، هەڵبژارد، دۆشى، سەردەكەون، گرت) هەموویان كارن‌و هەر یەكەیان كردەوەیەكیان پیشانداوە یان پیشانیدەدن‌و دراونەتە پاڵ كەسێك، كە(بكەر)ەكەیەتى، هەروەها هەر یەكەیان بە تەنیا ماناى تەواوو سەربەخۆیان هەیە، بۆیە بەو كارانە دەگوترێت كارى تەواو و (نەلكاون بە وشەى دیكەوە).</s>
    <s>جا ئەگەر سەرنج بدەینە ڕستەكانى بەشى (ب)، دەبینین (ە) لە ڕستەى یەكەم‌و دووەمدا (بوو) لە ڕستەى سێیەم‌و چوارەمداو (دەبێت) لە ڕستەى پێنجەم‌و شەشەمدا، هەر یەكەیان ڕوودانێكیان پیشانداوە یان پیشانى دەدەن، بەڵام هەر كارێك لەم كارانە بە تەنیا واتاى تەواو نابەخشێت، بەڵكو پێویستى بە یارمەتى وشەیەكى دیكە هەیە بۆ ئەوەى واتاكەى تەواو واتادار بێت یان بڵێین وەكو كار ئەركى خۆى ببینێت، بۆیە بەو كارانە دەگوترێت كارى ناتەواو.</s>
    <s>دەستور:
ڕستە لەسەر دوو بنچینە دادەمەزرێت، بنچینەى یەكەم: بكەرەو بنچینەى دووەم: كارە، كاریش دوو جۆرە:

ئـ- كارى تەواو: ئەو كارەیە كە بەبێ یاریدە، كردەوەیەك پیشاندەدات‌و دراوەتە پاڵ كەسێك یا شتێك، كە (بكەرە)كەیەتى‌و ماناى تەواو و سەربەخۆى هەیە، پێویستى بە وشەیەكى دیكە نییە.</s>
    <s>ب- كارى ناتەواو: ئەو كارەیە كە كردەوەیەك پیشاندەدات بەڵام بە یاریدەى وشەى دیكە دەتوانێت هەواڵێك یان سیفەتێك بداتە پاڵ نیهادەكەى.</s>
    <s>كارى ناتەواویش لە سێ شێوەو تافدا خۆى دەنوێنێت:





                         






ڕاهێنانى (1)
لەم ڕستانەى خوارەوەدا (كارى تەواو- كارى ناتەواو) دەربهێنە:
1.</s>
    <s>دەستى ماندوو لەسەر سكى تێرە.</s>
    <s>2.</s>
    <s>پێشمەرگە بە قوربانیدان كوردستانى ڕزگاركرد.</s>
    <s>3.</s>
    <s>درۆزن دوژمنى خوایە.</s>
    <s>4.</s>
    <s>ماڵى ئێوە خۆشبوو.</s>
    <s>5.</s>
    <s>ڕێوى دەمى نەدەگەیشتە ترێ دەیگوت ترشە.</s>
    <s>6.</s>
    <s>چەم بێ چەقەڵ نابێت.</s>
    <s>7.</s>
    <s>دەوڵەمەندى بە دڵە بە ماڵ نییە، گەورەیى بە عەقڵە بە ساڵ نییە.</s>
    <s>ڕاهێنانى (2)
لەم ڕستەیە: ئەسپە سپییەكە جوانە.</s>
    <s>1.</s>
    <s>كارى ڕستەكە دەربهێنە، چ جۆرێكە؟ لە چ دەمێكدایە؟
2.</s>
    <s>كارى ڕستەكە بگۆڕە بۆ دەمى ڕابردوو پاشان ڕستەكە بنووسەوە.</s>
    <s>3.</s>
    <s>كارى ڕستەكە بگۆڕە بۆ دەمى ڕانەبردوو (داهاتوو) پاشان ڕستەكە بنووسەوە.</s>
    <s>ڕاهێنانى (3)
لەم وشانەى خوارەوەدا، كارى تەواو و ناتەواو جیابكەرەوە، لەدواییدا بیانخەرە ڕستەوە.</s>
    <s>(دەوەرێت، بوو، گریا، دەبێت، ە، فیشكاندى)

ڕاهێنانى (4)
وەڵامى ڕاست هەڵبژێرە:
1.</s>
    <s>كتێبەكانت خاوێن ڕابگرە.</s>
    <s>( كارى ناتەواو، جێناو، ئامراز) 
2.</s>
    <s>دیمەنى ڕەشماڵى كورد دڵگیرە.</s>
    <s>(ئامراز، كارى ناتەواو، جێناو)
3.</s>
    <s>برنجەكە خوسابوو.</s>
    <s>(كارى ناتەواو، كاری تەواو، هاوەڵناو)  
4.</s>
    <s>دار بە گەورەیى ناچەمێتەوە.</s>
    <s>(كارى ناتەواو، پاشگر، جێناو)
5.</s>
    <s>ڕەشەباى سلێمانى بەهێزە.</s>
    <s>(ئامراز، كارى ناتەواو، پاشگر)
6.</s>
    <s>.چیرۆكەكە بەسوود بوو.</s>
    <s>(كارى ناتەواو، كارى تەواو، كارى یاریدەدەر)

ڕاهێنانى (5)
1.</s>
    <s>شلۆڤەكردن:
منداڵەكە پێدەكەنێت.</s>
    <s>منداڵەكە: ناوە، ناسراوە، بكەرە.</s>
    <s>پێدەكەنێت: كارى ڕانەبردووە، تێنەپەڕە.</s>
    <s>ێت: جێناوى لكاوە، بۆ كەسى سێیەمى تاك بۆ بكەر دەگەڕێتەوە.</s>
    <s>2.</s>
    <s>ئەم ڕستانە شلۆڤەبكە :
1.</s>
    <s>ترێ پێگەیشت.</s>
    <s>2.</s>
    <s>سێوەكە مزر بوو.</s>
    <s>ڕاڤەكردنى پەیڤەكان
پەیڤ	واتاكەى
پەز	مێگەل، مەڕو بزن
دناڤ گۆمێدا	لە ناو گۆماوەكەدا
نەدەگەیشت	نەدگەهشتێ
چەقەڵ	ئاژەلێكى كێوییە لە ڕەگەزى سەگە
گەورەیى	مەزناتى
پێگەیشت	پێگەهى
خوسابوو	نەرم بوو</s>
</ch>