<?xml version="1.0" encoding="UTF-8"?>
<ch>
   <s>﻿

(وانەى دەیەم)
بنچینەكانى ڕستە
ئـ- (بكەر- كارى تەواو)
1.</s>
   <s>دلۆڤان دچیت بۆ قوتابخانە.</s>
   <s>2.</s>
   <s>فەرهاد دانیشت.</s>
   <s>3.</s>
   <s>ڕەزڤانى زەڤى ئاڤدا.</s>
   <s>4.</s>
   <s>باران بارى.</s>
   <s>5.</s>
   <s>كەوەكە دەفڕێت.</s>
   <s>6.</s>
   <s>داراى سێڤ خار.</s>
   <s>ب- (نیهاد- كارى ناتەواو)
1.</s>
   <s>دایكا وان دڵسۆز بوو.</s>
   <s>2.</s>
   <s>سەردار تۆلازەكێ   ڕەوشنبیرە.</s>
   <s>3.</s>
   <s>پاڵتۆكە بۆ ژیلە دەبێت.</s>
   <s>4.</s>
   <s>فەرهەنگى هەمبانە بۆرینەى هەژار بەسوودە.</s>
   <s>5.</s>
   <s>قوتابییەكە دەبێت بە پزیشك.</s>
   <s>6.</s>
   <s>زڤستان سارە.</s>
   <s>خستنەڕوو:
ئەگەر سەرنج بدەینە ڕستەكانى بەشى (ئـ) دەبینین هەر ڕستەیەك لە دوو بەش پێكهاتووە، ئەگەر یەكێكیان لاببەین شیرازەى ڕستەكە تێكدەچێت‌و لە مەبەستەكەى ناگەین.</s>
   <s>بۆ نمونە: لە ڕستەى (دلۆڤان دچیت بۆ قوتابخانە) ئەگەر وشەى (دچیت) لابدەین، ئەوى دیكەیان بە تەنیا ناتوانێت مەبەستى ڕستەكە بدات بە دەستەوە، هەروەها ڕستەكانى دیكەش، بەمەدا بۆمان دەردەكەوێت كە هەموو ڕستەیەك لەسەر دوو بنچینە دادەمەزرێت، ئەگەر كارى ڕستەكە كارێكى تەواوبوو، بنچینەى ڕستەكە بەم شێوەیە دەبێت: یەكێكیان (بكەر)ەو ئەوەى تریان (كار)ە.</s>
   <s>وەكو لەمەولا ڕوونى دەكەینەوە.</s>
   <s>1.</s>
   <s>لە ڕستەى (دلۆڤان دچیت بۆ قوتابخانە) وشەى دلۆڤان ناوە، (بكەر)ە چونكە كارێكى كردووە، وشەى دچیت (كار)ە چونكە كردەوەیەكى پیشانداوە، كە دلۆڤان كردوویەتى.</s>
   <s>2.</s>
   <s>لە ڕستەى (فەرهاد دانیشت).</s>
   <s>وشەى فەرهاد ناوە، (بكەر)ە چونكە كارێكى كردووە، وشەى دانیشت (كار)ە چونكە كردەوەیەكى پیشانداوە، كە فەرهاد كردوویەتى.</s>
   <s>3.</s>
   <s>لە ڕستەى (ڕەزڤانى زەڤى ئاڤدا) وشەى ڕەزڤان ناوە، (بكەر)ە چونكە كارێكى كردووە، وشەى ئاڤدا (كار)ە چونكە كارێكى پیشانداوە كە ڕەزڤان كردوویەتى.</s>
   <s>4.</s>
   <s>لە ڕستەى (باران بارى).</s>
   <s>وشەى باران ناوە، (بكەر)ە چونكە كارێكى دراوەتە پاڵ، وشەى بارى (كار)ە چونكە كارێكى پیشانداوە كە دراوەتە پاڵ باران.</s>
   <s>5.</s>
   <s>لە ڕستەى (كەوەكە دەفڕێت).</s>
   <s>وشەى كەوەكە ناوە، (بكەر)ە چونكە كارێكى كردووە، وشەى دەفڕێت (كار)ە چونكە كارێكى پیشانداوە، كە كەوەكە كردوویەتى.</s>
   <s>6.</s>
   <s>لە ڕستەى (داراى سێڤ خار) وشەى دارا ناوە، (بكەر)ە چونكە كارێكى كردووە.</s>
   <s>وشەى خار (كار)ە چونكە كارێكى پیشانداوە، كە دارا كردوویەتى: 
كەوابوو: لە ڕستەى كارى تەواو، ڕستە لەسەر دوو بنچینە دادەمەزرێت بنچینەى یەكەم (بكەر)ەو بنچینەى دووەم (كار)ە.</s>
   <s>ئەگەر سەرنج بدەینە ڕستەكانى بەشى (ب) دەبینین، كە هەر ڕستەیەك لە دوو بەش پێكهاتووە.</s>
   <s>یەكێكیان لا ببەین شیرازەى ڕستەكە تێكدەچێت‌و لە مەبەستەكەى ناگەین، هەموو ڕستەیەك لەسەر دوو بنچینە دادەمەزرێت.</s>
   <s>ئەگەر كارى ڕستەكە كارێكى ناتەواو بوو بنچینەكانى، یەكێكیان نیهادەو ئەوەى تریان گوزارەیە وەكو لەم ڕستانەدا دەردەكەوێت.</s>
   <s>1.</s>
   <s>لە ڕستەى (دایكا وان دڵسۆز بوو) وشەى (دایك) ناوە، نیهادە، چونكە سیفەتێكى دراوەتە پاڵ، وشەى (بوو) كارى ناتەواوە، بە یاریدەى وشەى (دڵسۆز) بووە بە گوزارەو سیفەتێكى داوەتە پاڵ دایك.</s>
   <s>2.</s>
   <s>لە ڕستەى (سەردار تۆلازەكێ ڕەوشەنبیرە).</s>
   <s>وشەى سەردار ناوە، نیهادە، چونكە سیفەتێكى دراوەتە پاڵ، وشەى (5) كارى ناتەواوە بە یاریدەى وشەى (ڕەوشنبیر) بووە بە گوزارەو سیفەتێكى داوەتە پاڵ سەردار.</s>
   <s>3.</s>
   <s>لە ڕستەى (پاڵتۆكە بۆ ژیلە دەبێت) وشەى (پاڵتۆكە)  ناوە، نیهادە چونكە هەواڵێكى دراوەتە پاڵ، وشەى (دەبێت) كارى ناتەواوە بە یاریدەى وشەى (بۆ ژیلە ) بووە بە گوزارەو هەواڵێكى داوەتە پاڵ (پاڵتۆكە).</s>
   <s>4.</s>
   <s>لە ڕستەى (فەرهەنگى هەمبانە بۆرینەى هەژار بە سوودە).</s>
   <s>وشەى (فەرهەنگ) ناوە، نیهادە، چونكە سیفەتێكى دراوەتە پاڵ، وشەى (ە) كارى ناتەواوە بە یاریدەى وشەى (بەسوود) بووە بە گوزارە سیفەتێكى داوەتە پاڵ فەرهەنگ.</s>
   <s>5.</s>
   <s>لە ڕستەى (قوتابییەكە دەبێت بە پزیشك).</s>
   <s>وشەى (قوتابییەكە) ناوە، نیهادە، چونكە هەواڵێكى دراوەتە پاڵ، وشەى (دەبێت) كارى ناتەواوە، بە یاریدەى وشەى (پزیشك) بووە بە گوزارەو هەواڵێكى داوەتە پاڵ قوتابییەكە.</s>
   <s>6.</s>
   <s>لە ڕستەى (زڤستان سارە).</s>
   <s>وشەى (زڤستان) ناوە، نیهادە، چونكە سیفەتێكى دراوەتە پاڵ، وشەى (ە) كارى ناتەواوە بە یارمەتى وشەى (سار) بووە بە گوزارەو سیفەتێكى داوەتە پاڵ (زڤستان).</s>
   <s>كەوابوو: لە ڕستەى كارى ناتەواودا بنچینەكانى ڕستە بریتین لە      
         (نیهاد، گوزارە).</s>
   <s>دەستور:
ڕستە لەسەر دوو بنچینە دادەمەزرێت ئەگەر یەكێكیان لاببرێت ڕستە تێكدەچێت‌و لە مەبەستەكەى ناگەین.</s>
   <s>ئـ- ئەگەر كارى ڕستەكە كارێكى تەواوبوو، بنچینەكانى ڕستە بریتین   
   لە (بكەر، كار).</s>
   <s>ت‌-	ئەگەر كارى ڕستەكە كارێكى ناتەواوبوو، بنچینەكانى ڕستە بریتین   
      لە (نیهاد، گوزارە).</s>
   <s>بكەر: ئەو كەسەیە یا ئەو شتەیە، كە لەڕستەدا كارێكى كردووە، یان كارێك دەكات، یا كارێكى دەدرێتە پاڵ.</s>
   <s>كار: ئەوەیە، كە كردەوەیەك پیشاندەدات‌و دەدرێتە پاڵ كەسێك یا شتێك،  لە كاتێكى دیاریكراودا.</s>
   <s>نیهاد: ئەو ناوەیە یا ئەو جێناوەیە، كە لەڕستەدا هەواڵێك یا سیفەتێكى دەدرێتە پاڵ بەڵام بە هیچ كارێك هەڵناستێت.</s>
   <s>گوزارە: بریتییە لە كارى ناتەواو بە یارمەتى وشەیەكى دیكە هەواڵێك یا سیفەتێك دەداتە پاڵ نیهاد.</s>
   <s>ڕاهێنانى (1)
لەم ڕستانەى خوارەوەدا بنچینەكانى ڕستە‌و جۆرەكەى دیاربكە:
1.</s>
   <s>نێرگز كولیكەكا سپییە.</s>
   <s>2.</s>
   <s>باخەوان گوڵ دەچێنێت.</s>
   <s>3.</s>
   <s>كۆچەرێن جافان  دچنە زۆزانان.</s>
   <s>4.</s>
   <s>ئاوەكە دەبێت بە سەهۆڵ.</s>
   <s>5.</s>
   <s>هەنگ شیلەى گوڵ دەمژێت.</s>
   <s>6.</s>
   <s>ڕاستى سەردەكەوێت.</s>
   <s>ڕاهێنانى (2)
پێنج ڕستە بهێنەوە بە مەرجێك بنچینەى سێیانیان (بكەرو كار) بێت‌و بنچینەى دووانیان (نیهادو گوزارە)بێت.</s>
   <s>ڕاهێنانى (3)
ئەم كارانە لەناو بۆشاییەكانى خوارەوە دابنێ:
(پشكوت، بەزاند، درێژكرد، ڕاگەیاند، دەست پێكرد، گرتەوە، هاتن)

گەلى كوردستان شێرانە ڕاپەڕینە مەزنەكەى بەهارى (1991)ز ........ هێزى شەڕى ........ موژدەى سەركەوتنى ........ غونچەى ئازادى كە بە خوێنى شەهیدان ئاودرابوو دەمى ........ كامەرانى هەموو لایەكى ........ پەرلەمان‌و حكومەتى كوردستان ........ـە كایەوە.</s>
   <s>ڕاهێنانى (4)
ئەم ڕستانەى خوارەوە شلۆڤەبكە:
1.</s>
   <s>شەرمین دەچێت بۆ قوتابخانە.</s>
   <s>2.</s>
   <s>بەهارى كوردستان ڕەنگینە.</s>
</ch>