<?xml version="1.0" encoding="UTF-8"?>
<ch>
        <s>﻿ (وانەى شەشەم)
جۆرەكانى ڕستە
ڕستە بەپێى ناوەرۆك
(1)
ڕستەى ڕاگەیاندن

1.</s>
        <s>زەوى بە دەورى ڕۆژدا دەسوڕێتەوە.</s>
        <s>2.</s>
        <s>ڕۆژ لە ڕۆژهەڵاتەوە هەڵدێت.</s>
        <s>3.</s>
        <s>ئاڤا گۆزكى تەزى بوو.</s>
        <s>4.</s>
        <s>برای كاوەى بە یەكەم دەرچوو.</s>
        <s>خستنەڕوو:
ئەگەر سەرنج بدەینە ئەم ڕستانە دبینین، هەر ئێك ژوان واتاو مەبەستێكى تەواو دەبەخشێت، بەڵام ئەگەر لە ناوەرۆكى (واتاى)  هەر ئێك ژوان وردببینەوە دێ بینین:
ڕستا ئێكێ‌و دووێ ل ڕاستییەكى نەگۆڕ دەدوێن.</s>
        <s>ڕستا سێیێ ل دیاردەكێ تایبەتى دەدوێت.</s>
        <s>ڕستا چارێ ل شتێكى دیاركراو دەدوێت.</s>
        <s>لە مەدا بۆمان دەردەكەوێت ئەو ڕستانەى كە ڕووداوێكى ڕاستى نەگۆڕ یان ڕووداوێكى دیار پیشان دەدەن، ڕستەى ڕاگەیاندنن.</s>
        <s>دەستور:
ڕستەى ڕاگەیاندن كۆمەڵە پەیڤێكە، كە بەشێوەیەكى تایبەتى ڕیز دەكرێن، هەموویان بەسەر یەكەوە واتایەكى تەواو دەبەخشن، لە كوێشدا ڕستەكە تەواو بوو خاڵێك دادەنرێت.</s>
        <s>ئینجا ئەگەر واتاى ڕستەكە ڕووداوێكى دروستى نەگۆڕ یا ڕووداوێكى دیارى تێدا بەدى بكرێت‌و وەكو هەواڵێك ڕەنگە ڕاست بێت یان ڕاست نەبێت پێى دەگوترێت (ڕستەى ڕاگەیاندن).</s>
        <s>ڕستە بە پێى ناوەرۆك


        ڕاگەیاندن                    پرس                      سەرسوڕمان


ڕاهێنانى (1)
ئەم ڕستانەى خوارەوە چى پیشاندەدەن، بیاننووسە:
1.</s>
        <s>بە بازووى كرێكاران كارگەو پڕۆژەى گەورە دادەمەزرێت.</s>
        <s>2.</s>
        <s>مرۆڤ هەندێك بەردو خۆڵى هەیڤى لەگەڵ خۆیدا هێنایەوە بۆ زەوى.</s>
        <s>3.</s>
        <s>پەیكەرى شێرى بابل نیشانەى هێزو دەسەڵاتى بابلییەكانە.</s>
        <s>ڕاهێنانى (2)
لەم وشانەى خوارەوە ڕستە دروست بكە:
1.</s>
        <s>نازاوزێ- دەكات- میكرۆب- زیاد- بە.</s>
        <s>2.</s>
        <s>ڕادیۆ- بگرە- لە- گوێ- تەنیشتمەوە- وەرە- دابنیشە- لە.</s>
        <s>3.</s>
        <s>هەڵبەستى- ئەحمەدى خانى- نەتەوایەتى- كوردە- سەركێشى- میللەتى.</s>
        <s>4.</s>
        <s>بیرەوەرى یا- كوردییە- 22ى نیسانێ- ڕۆژنامەڤانییا.</s>
        <s>ڕاهێنانى (3)
1.</s>
        <s>شلۆڤەكردن:
پەپوولەكە نیشتەوە.</s>
        <s>پەپوولەكە: ناوە، تاكە، بكەرە.</s>
        <s>نیشتەوە: كارە، ڕابردووە، تێنەپەڕە.</s>
        <s>2.</s>
        <s>ئەم ڕستانە شلۆڤەبكە:
ئـ- گەڵاى دارەكە هەڵوەرى.</s>
        <s>ب- بەرف ل كوردستانێ دبارى.</s>
        <s>ڕاڤەكرنى پەیڤەكان 
پەیڤ	واتاكەى
دەتوێتەوە	دبۆڤرێت، دحەلیێت
بازوو	باسك، قۆڵ، باهو
كارگە	كارگەهـ
پەیكەر 	كۆتەڵ
پەپوولە	پەلا تیك			                             
ڕۆژنامەڤان	ڕۆژنامەنووس
بەرف		بەفر</s>
</ch>