<?xml version="1.0" encoding="UTF-8"?>
<ch>
    <s>﻿
(وانەى نۆیەم)
(4)
ڕستەى سەرسوڕمان
/ئـ/
1.</s>
    <s>كەریم خانى زەند چ پێشەوایەكى دادخوازبوو!</s>
    <s>2.</s>
    <s>كوردستان چەند خۆشە!</s>
    <s>3.</s>
    <s>بۆچى پاك‌وخاوێنیى شارەكەت ناپارێزیت!</s>
    <s>4.</s>
    <s>شینە شاهۆ باڵندەیەكى جوانە!</s>
    <s>5.</s>
    <s>نەشمیلێ هۆزانەك ڤەهاند!</s>
    <s>/ب/
1.</s>
    <s>ئاى!</s>
    <s>ئەوە لێرە دانیشتوون.</s>
    <s>2.</s>
    <s>ئاخ!</s>
    <s>نەسەرمان ما، نە ماڵ.</s>
    <s>3.</s>
    <s>مخابن!</s>
    <s>چاوم بە هاورێكەم نەكەوت.</s>
    <s>4.</s>
    <s>ئۆف!</s>
    <s>سەرێ من چەند دئێشیت!</s>
    <s>5.</s>
    <s>ئافەرین!</s>
    <s>بە یەكەم دەرچوویت.</s>
    <s>6.</s>
    <s>ئۆخەى!</s>
    <s>لە دەست دەرەبەگ ڕزگارمان بوو.</s>
    <s>خستنەڕوو:
1.</s>
    <s>ئەگەر بڕوانینە ڕستەكانى ڕیزى یەكەم دەبینین، هەموویان ڕستەى پرسن‌و هەستێكى تایبەتیان تێدایە، بەڵام چونكە لە پرسەكانیاندا پێویستیان بە وەڵام نییە، ئانكۆ چاوەڕێى دەستنیشانكردنى مەبەست لە گوێگر ناكرێت‌و لە جیاتى نیشانەى پرس (؟) لە نووسیندا نیشانەى سەرسوڕمان (!)</s>
    <s>لە كۆتایى ڕستەدا دادەنرێت، پێى دەگوترێت (ڕستەى سەرسوڕمان).</s>
    <s>2.</s>
    <s>ئەگەر سەرنج بدەینە ڕستەكانى ڕیزى دووەم دەبینین، هەر یەكەیان وشەیەكى تێدایە، بەهۆى ئەو پەیڤەوە هەستێكى تایبەتى (خۆشى، ناخۆشى، سەرسوڕمان) لە ڕستەدا بەدیدەكرێت.</s>
    <s>ئـ- لە ڕستەى یەكەمدا بەهۆى وشەى (ئاى)ەوە هەستى مەندەهۆشى بەدیدەكرێت.</s>
    <s>ب‌-	لە ڕستەى دووەم‌و سێیەم‌و چوارەمدا بە هۆى پەیڤەكانى (ئاخ، ئۆف، مخابن)ەوە هەستى ناخۆشى دهێتە دیاركرن.</s>
    <s>پ- لە ڕستەى پێنجەم ‌و شەشەمدا بەهۆى وشەكانى (ئافەرین، ئۆخەى) هەستى خۆشى بەدیدەكرێت.</s>
    <s>دەستور:
ڕستەى سەرسوڕمان ئەو ڕستەیەیە هەستێك یا سۆزێكى تێدایە بە هۆى پەیڤى (پرس) یا پەیڤى (سەرسوڕمان)ەوە پێك دێت‌و بە ئاوازێكى تایبەتییەوە دهێتە دەربڕین.</s>
    <s>لە ڕستەى سەرسووڕماندا چاوەڕێى بەرسڤ ناكرێت، لە نووسیندا لە جیاتى نیشانەى پرس (؟) نیشانەى سەرسووڕمان (!)</s>
    <s>دادەنرێت.</s>
    <s>زۆربەى پەیڤەكانى سەرسووڕمان لە زمانى كوردیدا ئەمانەن:
(ئاى، ئاخ، ئۆف، مخابن، ئافەرین، بژى، ئۆخەى... هتد).</s>
    <s>ڕاهێنانى (1)
ڕستەی سەرسوڕمان لەمانەى خوارەوە دروست بكە:
(گوڵێكى جوان، قارەمانێك، بەڵایەكى گەورە، نەمانى زۆردارى، سەركەفتنا پێشمەرگەى)

ڕاهێنانى (2)
ئەم ڕستانەى خوارەوە بە پەیڤێكى سەرسوڕمان پڕبكەوە:
1.</s>
    <s>.........!ئەوە تەواوتكرد.</s>
    <s>2.</s>
    <s>.........!ل گەل مە نەهات.</s>
    <s>3.</s>
    <s>......... ڤێرە چەند جهەكێ خۆشە!</s>
    <s>4.</s>
    <s>......... چەند ماندوو بووم!</s>
    <s>5.</s>
    <s>......... چۆن پیاوێك بوو!</s>
    <s>ڕاهێنانى (3)
ئەمانە لە ڕستەدا بەكاربهێنە:
(ئۆخەى!، بژى!، ئاى!، ئافەرین!، ئۆف!)</s>
    <s>ڕاهێنانى (4)
1.شلۆڤەكردن:
ئاى!</s>
    <s>كاوە كەوت.</s>
    <s>ئاى: وشەى سەرسوڕمانە.</s>
    <s>كاوە: ناوە، تایبەتییە، سادەیە، بكەرە.</s>
    <s>كەوت: كارى ڕابردووە، تێنەپەڕە.</s>
    <s>2.</s>
    <s>ئەم ڕستانە شلۆڤەبكە:
    ئـ- گوڵەكە چەند جوانە!</s>
    <s>ب- ئۆخەى!</s>
    <s>بە یەكەم دەرچوویت.</s>
    <s>ڕاڤەكردنى پەیڤەكان
پەیڤ	واتاكەى
دادخواز	دادپەروەر
هیوا	هێڤى، ئومێد
بەدى	دیار، ئاشكرا
سەرسوڕمان	مەندەهۆشى، سەرسام، حەپەسان
منداڵ	زارۆك
هۆزان	شیعر
ڤەهاند	هۆنییەوە
شینەشاهۆ	جۆرێكى گەورەى بازە

ج</s>
</ch>