<?xml version="1.0" encoding="UTF-8"?>
<ch>
    <s>﻿
(وانەى دوازدەهەم)

 نـــاو 

ئەم پارچە پەخشانە بخوێنەوە:
(سەرەتای بەهار بوو، تازە گوڵ‌و لالەى ئەو دەشت‌و دەرە سەریان دەرهێنابوو، بەدەم شنەباى فێنك پێدەكەنین.</s>
    <s>نێرگزو بەیبون‌و مێلاقەو شلێر ئەو ناوەیان خەملاندبوو.</s>
    <s>بەرخ‌و كاریلە دەمیان لە گیاى بەهار نابوو، قاسپەى كەو لە ترۆپك‌و قەد پاڵەكاندا دەنگى دەدایەوە، هەتاوى نەورۆزیى لە لوتكەى چیا بڵندەكەى ئەو بەر گوندەكەمان هەڵات.</s>
    <s>تیشكى زیوینى بەسەر بەفرى لاپاڵى شاخەكاندا، بەسەر لالەزارو گوڵزارى ئەو ناوەدا پەخشكرد.</s>
    <s>كوڕو كچ، لاو و پیرى گوندێ مە تێكڕا خۆیان بۆ سەیرانى نەورۆز ئامادەكردبوو، دەستەو كۆمەڵ پێكڤە بەرەو سەیرانگاى ناوچەكە دەچوون.</s>
    <s>خەڵك لە گوندەكانى دەورووبەریش ڕوویان لەو سەیرانگایە كرد، لەوێ هەموو بەیەك دڵ گۆرانى‌و ستران‌و سرودیان بۆ ئەو جەژنە نەتەوەییە دەچڕاند، من‌و كاوەى برادەریشم ڕوومان لەوێكرد، شایى‌و گۆڤەند دەستی پێكرد، سێپێى‌و شێخانى‌و سوسكەیى، سەماوەر لە هەموو لایەك جۆشدراو چا خورایەوە، دیسان كوڕو كچێت گوندییان دەستیان تێكگرتن‌و زەماوەندو هەڵپەڕكێ دەستى پێكردەوە، ئێڤارێ، هەموو بە دڵێكى پڕ لە خۆشى‌و شادى، بە ئازادى‌و تەناهى بەرەڤ گوندێن خۆ گەڕانەوە، پاش ئەوەى چاویان بە جوانى بەهار گەشایەوە).</s>
    <s>خستنەڕوو:
ئەگەر سەرنج بدەینە ئەڤ پارچە پەخشانە دەبینین پەیڤى واى تێدایە كە:
1.</s>
    <s>هەندێكیان ناوى گیاندارێك دیار دەكەن (ئاژەڵ بێ یان ڕووەك) وەك: (بەرخ، كاریلە، نێرگز، مێلاقە، شلێر).</s>
    <s>2.</s>
    <s>یان وشەى وا لەناو پەخشانەكەدا هەیە، كە ناون بۆ شتى بێ گیان وەك: (نان، سەماوەر، چا).</s>
    <s>3.</s>
    <s>هەندێ پەیڤى تێدایە كە ناون بۆ دیاریكردنى جێگاو شوێن وەك: (گوند، سەیرانگا).</s>
    <s>4.</s>
    <s>دیسان پارچە پەخشانەكە پەیڤى واى تێدایە كە ناوى كەسێكى دیارو تایبەتى پیشان دەدا وەك: (كاوە).</s>
    <s>5.</s>
    <s>هەر لەو پەخشانەدا جۆرە وشەى وا بەرچاو دەكەوێت كە بیرێك یان هەستێك پیشان دەدەن وەك: (خۆشى، شادى، ئازادى، تەناهى، جوانى).</s>
    <s>بەم جۆرە هەر وشەیەك لەوانەى كە دەرمان خستن‌و پیشانمان دان بۆ دەربڕینى مەبەستێك بەكارمان هێناون، پێیان دەگوترێت (ناو).</s>
    <s>دەستور:
ناو وشەیەكە بۆ ناونان‌و دیاریكردن‌و پیشاندانى گیاندارێك (مرۆڤ بێ، ئاژەڵ، یان ڕووەك) یان بێ گیانێك (شت بێ یان شوێن) یان بۆ بیرو مەبەستێك بەكاردێت.</s>
    <s>ڕاهێنانى (1)
لەم ڕستەو هۆنراوانەدا ناوەكان دەست نیشان بكە:
1.</s>
    <s>ڤى خورتى سەرێ مە بڵندكر.</s>
    <s>2.</s>
    <s>من جوتیارم، من جوتیارم
من لەگەڵ هەتاو هاوكارم
من بە ئارەق‌و ئەو بەتین
دامان ڕشتووە بناخەى ژین
3.</s>
    <s>ئاگر نیشانەى جەژنى نەورۆزە.</s>
    <s>4.</s>
    <s>ئەو ئەرخەوانە جوانە		كە لە گردى سەیوانە
بەڕیزە ئەو كچانە		وەك قومرى( ) دەوریان داوە.</s>
    <s>5.</s>
    <s>دلبەرێ ئیرۆ سەحەر ئاڤێتە جەرگێ من دوو دۆخ
یەك لسینە یەك لدل دا لەو ژ من تێن ئاخ‌و ئۆخ
                      

ڕاهێنانى (2)
ئەم بۆشاییانە بە ناوێك پڕ بكەوە:
1.</s>
    <s>هەولێر ........... هەرێمى فیدڕاڵى كوردستانى عیراقە.</s>
    <s>2.</s>
    <s>هەنگ شیلەى ...........دەمژێت‌و ........... دروست دەكات.</s>
    <s>3.</s>
    <s>شانۆ ........... ى گەلە.</s>
    <s>4.</s>
    <s>........... ئەندامێ دیتنێیە.</s>
    <s>5.</s>
    <s>ئاڤا ........... ژ بەفرو بارانێ پەیدا دبیت.</s>
    <s>ڕاهێنانى (3)

ئەم ناوانە لە ڕستەدا بەكاربهێنە:
( ڕاستى،  هەنار،  ڕەزڤان،  برادۆست،  هەڵەبجە)




ڕاهێنانى (4)
1.</s>
    <s>شلۆڤەكردن:
بارام نووست.</s>
    <s>بارام: ناوە، بكەرە
نووست: كارە، ڕابردووە، تێنەپەڕە
2.</s>
    <s>ئەم ڕستانە شلۆڤەبكە:
         1.</s>
    <s>شیلان هات.</s>
    <s>2.</s>
    <s>شێروانى هەرمى خار.</s>
    <s>ڕاڤەكردنى پەیڤەكان
      
پەیڤ	واتاكەى
مێلاقە	جۆرە گوڵێكى چیاییە
ترۆپك	لوتكە، سەرێ چیای
قەدپاڵەكان	لاپاڵى چیاى
پەخشكرد	بەلاڤكر ، بڵاوى كردەوە
خورت	لاو، گەنج، تۆلاز</s>
</ch>