<?xml version="1.0" encoding="UTF-8"?>
<ch>
    <s>﻿
(وانەى چواردەهەم)

ئەركى ناو لەڕستەدا

ڕستەكان:
1.</s>
    <s>پیرۆت نانى خوارد.</s>
    <s>پیرۆتى نان خار.</s>
    <s>2.</s>
    <s>كوڕەكەى پیرۆت ئەندازیارە.</s>
    <s>كوڕێ پیرۆتى ئەندازیارە.</s>
    <s>3.</s>
    <s>پیرۆتم لە شارى هەولێر دیت.</s>
    <s>من پیرۆت ل باژێرێ هەولێرێ دیت.</s>
    <s>4.</s>
    <s>كتێبەكەم لە پیرۆت وەرگرت.</s>
    <s>من كتێب ژ پیرۆتى وەرگرت.</s>
    <s>5.</s>
    <s>ئەمە پیرۆتە.</s>
    <s>ئەڤە پیرۆتە.</s>
    <s>كتێبەكە بۆ پیرۆت بوو.</s>
    <s>6.</s>
    <s>پیرۆت زیرەكە.</s>
    <s>پیرۆت زیرەكە.</s>
    <s>7.</s>
    <s>پیرۆت خەڵات كرا.</s>
    <s>پیرۆت هاتە خەلاتكرن.</s>
    <s>خستنەڕوو:
 ئەگەر سەیرى ئەو كۆمەڵە ڕستەیە بكەین، ژمارەیەك ناومان دێتە بەرچاو وەك: (پیرۆت، نان، كوڕ، ئەندازیار، شار، باژێر).</s>
    <s>ئەڤ ناوانە دەچنەوە سەر جۆرێك لەو جۆرانەى ناو، كە لەمەوپێش باسمان كردن.</s>
    <s>بەڵام لە ڕووى ئەو ئەركەى كە بەو ناوانەمان سپاردووە، هەر یەكەیان ئەرك‌و كارێكى جوداى هەیە، بۆ نمونە:
ناوى (پیرۆت) لە ڕستەى یەكەمدا كارى نان خواردنەكەى دراوەتە پاڵ، واتە كردەوەى خواردنى نانەكە لەلایەن پیرۆتەوە جێبەجێكراوە، لەبەر هەندێ ناوى پیرۆت بووە بە (بكەر).</s>
    <s>هەر ئەو ناوەى (پیرۆت) لە ڕستەى ژمارە دوودا ئەركەكەى گۆڕانى بەسەردا هاتووە، چونكە ئەگەر هەر ناوى (كوڕەكە)مان هێنابا، لەوانەبوو بپرسى كە كوڕەكە هى كێیە؟ بۆیە پیرۆت بووە بە دیارخەرى ناوى (كوڕەكە) واتە بووە بە دیارخەرى ناوێك كە نیهادە.</s>
    <s>لە ڕستەى سێیەمیشدا دیسان ئەركى (پیرۆت) گۆڕاوە، لڤێرێدا (پیرۆت) كەوتووتە بەر كاریگەری كارى تێپەڕى (دیت)و بووە بە (بەركار) چونكە ئەگەر ناوى (پیرۆت)مان نەهێنابا، نەمان دەزانى كێ بینراوە.</s>
    <s>لە ڕستەى ژمارە چواردا ناوى پیرۆت بە هۆى ئامرازى پەیوەندى 
(لە، ژ) بووە بە (تەواوكەرى بەیاریدە).</s>
    <s>ناوى (پیرۆت) لە ڕستەى پێنجەمدا بووە بە تەواوكەر بۆ كارێكى ناتەواو، كە ئەویش كارى ناتەواوى (ە)ى كاتى ئێستایە، بۆیە (پیرۆت) بووە بە (تەواوكەرى كارى ناتەواو).</s>
    <s>هەر ناوى (پیرۆت) لە ڕستەى ژمارە پێنجدا، بووە بە تەواوكەرى كارى ناتەواو، كارە ناتەواوەكەش بۆ كاتى ڕابردوو (بوو)ە ، بۆیە (پیرۆت) بووە بە تەواوكەرى كارى ناتەواو.</s>
    <s>ناوى (پیرۆت) لە ڕستەى ژمارە شەشدا سیفەتێكى دراوەتە پاڵ، كە ئەویش زیرەكییە.</s>
    <s>كارى ڕستەكەش ناتەواوە، لەبەر ئەوە ناوى (پیرۆت) لێرەدا دەبێتە (نیهاد).</s>
    <s>ناوى (پیرۆت) لە ڕستەى ژمارە حەوتدا، بووە بە جێگرى بكەر، لەبەر ئەوەى بكەرى ڕستەكە دیار نییە، كاری (خەڵاتكرا) دەبێتە بكەر نادیار و ناوى (پیرۆت) شوێنى بكەرەكە دەگرێتەوە.</s>
    <s>كەواتە ناوى (پیرۆت) وەكو ناوێكى تایبەتى لەم ڕستانەدا حەوت ئەركمان پێ سپاردووە، هەر وەك لە ڕستەكاندا ئاشكرا دیارن.</s>
    <s>دەستور:
ئەركى ناو لە ڕستەدا بەپێى ئەو كارەى كە پێى دەسپێرێت لە گۆڕان دایە، بە گشتى ناو لە ڕستەدا دەبێتە:
1.</s>
    <s>بكەر، ئەگەر كارەكە لەلایەن ناوەكەوە جێبەجێبكرێت.</s>
    <s>2.</s>
    <s>بەركار، ئەگەر كاریگەرى كارەكە یەكسەر بكەوێتە سەر ناوەكە، بە مەرجێك كارى ڕستەكە تێپەڕ بێت.</s>
    <s>3.</s>
    <s>دیارخەرى ناوێكى دیكە، كە لەم بارەدا دبێژنێ (دیارخەرى ناو).</s>
    <s>4.</s>
    <s>تەواوكەر بەهۆى ئامرازێكى پەیوەندى، ئەو كاتە پێى دەگوترێت (تەواوكەرى بە یاریدە)، لەم بارەشدا پێتڤییە ئامرازێكى پەیوەندى بكەوێتە پێش ناوەكەو ناوەكە دەبێتە تەواوكەرى بە یاریدە.</s>
    <s>5.</s>
    <s>تەواوكەرى كارى ناتەواو، ئەگەر واتاى كارە ناتەواوەكە تەواوبكات.</s>
    <s>6.</s>
    <s>نیهاد، ئەگەر هەواڵێك یان سیفەتێكى درایە پاڵ‌و كارى ڕستەكەش ناتەواو بوو.</s>
    <s>7.</s>
    <s>جێگرى بكەر، ئەگەر كارى ڕستەكە كارێكى بكەرنادیار بوو.</s>
    <s>ڕاهێنانى (1)
لەم ڕستانەدا ئەركى ئەو ناوانە پیشان بدە كە هێلیان بەژێردا كێشراوە.</s>
    <s>1.</s>
    <s>هاوین گەرمە.</s>
    <s>2.</s>
    <s>برام چوو بۆ دهۆك.</s>
    <s>3.</s>
    <s>شۆڕشڤانان دوژمن شكاندن.</s>
    <s>4.</s>
    <s>دەبێت شووشەى دەرمان پاك بێت.</s>
    <s>5.</s>
    <s>سەردارى وانە نڤیسى.</s>
    <s>6.</s>
    <s>كوڕێ سەردارى پزیشكە.</s>
    <s>ڕاهێنانى (2)
وەڵامى ڕاست هەڵبژێرە:
1.</s>
    <s>پەپوولەكان ڕەنگاوڕەنگن.</s>
    <s>(نیهاد، بكەر، بەركار)
2.</s>
    <s>هێمنم لە كتێبخانە بینى.</s>
    <s>(بەركار، تەواوكەرى بەیاریدە، دیارخەرى ناو) 
3.</s>
    <s>لوتكەى هەڵگورد بەرزە.</s>
    <s>(نیهاد، بەركارە، دیارخەرى ناو)  
4.</s>
    <s>چیرۆكەكەى خوێندەوە.</s>
    <s>( بكەر، نیهاد، بەركار)
    
ڕاهێنانى (3)
بە ڕستە نمونە بۆ ئەم مەبەستانەى خوارەوە بهێنەوە:
1.</s>
    <s>ناوێكى تایبەتى ببێتە نیهاد.</s>
    <s>2.</s>
    <s>ناوێكى گشتى ببێتە تەواوكەرى بەیاریدە.</s>
    <s>3.</s>
    <s>ناوێكى گشتى وەكو بەركار بەكار هاتبێت.</s>
    <s>4.</s>
    <s>ناوێكى تایبەتى ببێتە تەواوكەرى كارى ناتەواوى ئێستا.</s>
    <s>ڕاهێنانى (4)
ئەم ڕستانە شلۆڤەبكە:
1.</s>
    <s>كچا لەزگینى مامۆستایە.</s>
    <s>2.</s>
    <s>هەڤاڵم لە هەڵەبجە دیت.</s>
</ch>