<?xml version="1.0" encoding="UTF-8"?>
<ch>
    <s>﻿
(وانەى حەوتەم)
(2)
 جۆرەكانى ڕستەى ڕاگەیاندن
ئـ- ڕستەى ئەرێ		ب- ڕستەى نەرێ

یەكەم:
1.</s>
    <s>ئاوى ڕوبارەكە وشكبوو.</s>
    <s>2.</s>
    <s>نەسرینێ ئاگر هەلكر.</s>
    <s>3.</s>
    <s>كاوە كتێبى ڕێزمان دەخوێنێتەوە.</s>
    <s>4.</s>
    <s>ئەڤڕۆ ئاڤدەل دێ چیتە زاخۆ.</s>
    <s>5.</s>
    <s>ماستێ هەولێرێ ترشە.</s>
    <s>دووەم:
1.</s>
    <s>ئاوى ڕوبارەكە وشك نەبوو.</s>
    <s>2.</s>
    <s>نەسرینێ ئاگر هەلنەكر.</s>
    <s>3.</s>
    <s>كاوە كتێبى ڕێزمان ناخوێنێتەوە.</s>
    <s>4.</s>
    <s>ئەڤڕۆ ئاڤدەل ناچیتە زاخۆ.</s>
    <s>5.</s>
    <s>ماستێ هەولێرێ ترش نینە.</s>
    <s>خستنەڕوو:
1.</s>
    <s>ئەگەر سەرنج بدەینە كۆمەڵە ڕستەكانى بەشى یەكەم، دێ بینین هەموویان هەواڵ لە ڕوودانى شتێك دەدەن.</s>
    <s>ڕستەى یەكەم هەواڵى وشكبوونى ئاو لە ڕوبارەكەدا ڕادەگەیەنێت.</s>
    <s>ڕستەى دووەم هەواڵى هەلكرنا ئاگرى ژ لایێ نەسرینێ ڕادگەهینیت.</s>
    <s>ڕستەى سێیەم هەواڵى خوێندنەوەى كتێبى ڕێزمان لەلایەن كاوەوە ڕادەگەیەنێت.</s>
    <s>ڕستەى چوارەم هەواڵى چوونى ئاڤدەل بۆ زاخۆ ڕادەگەیەنێت.</s>
    <s>ڕستەى پێنجەم هەواڵى ترشبوونى ماستەكە ڕادەگەیەنێت.</s>
    <s>2.</s>
    <s>ئەگەر سەرنج بدەینە ڕستەكانى بەشى دووەم دەبینین هەموویان هەواڵ لە ڕوونەدانى شتێك دەدەن بە پێچەوانەى ڕستەكانى بەشى یەكەمەوە:
ڕستەى یەكەم ئەوە نەرێ دەكات، كە ئاوى ڕوبارەكە وشك بووبێت.</s>
    <s>ڕستەى دووەم ئەوە نەرێ دەكات، كە ئاگر هاتبیتە هەلكرن.</s>
    <s>ڕستەى سێیەم ئەوە نەرێ دەكات، كە كتێبى ڕێزمان لەلایەن كاوەوە بهێتە خواندن.</s>
    <s>ڕستەى چوارەم ئەوە نەرێ دەكات كە ئاڤدەل بچێت بۆ زاخۆ.</s>
    <s>3.</s>
    <s>ئەگەر دووبارە بەوردى كۆمەڵە ڕستەكانى بەشى یەكەم‌و بەشى دووەم بخوێنینەوەو جوداهى نێوانیان هەڵ بسەنگێنین دەبینین:
ئـ- لە ڕستەكانى بەشى دووەمدا ئامرازى نەرێ هەیەو خراوەتە پێش كارى ڕستەكە، كە ئەمە لە ڕستەكانى بەشى یەكەمدا نییەو بەرچاو ناكەوێت، ئەم ئامرازە نەرێیەش لە ڕستەى یەكەم‌و دووەمى بەشى ڕستەكانى ڕیزى دووەمدا (نە)یەو لە ڕستەى سێیەم‌و چوارەمدا ئامرازى (نا)یە.</s>
    <s>لە ڕستەى پێنجەمدا ئامرازى نەرێ (نین- نى)یە لەپێش كارى ناتەواوى (ە) هاتووە.</s>
    <s>ب- ئینجا ئەو ڕستانەى كە كەوتوونەتە بەشى یەكەمەوەو ئامرازى (نەرێ) یان تێدا نییەو هەواڵ لە ڕوودانى شتێك دەدەن پێیان دەگۆترێ (ڕستەى ئەرێ) بەڵام ئەو ڕستانەى كە كەوتوونە بەشى دووەمەوەو ئامرازى (نە)و (نا) و (نین- نى)ى نەرێیان لە پێش كارەكەوە تێدا بەدى دەكرێت‌و هەواڵ لە ڕوونەدانى شتێك دەدەن دبێژنێ (ڕستەى نەرێ).</s>
    <s>دەستور:
ڕستەى ڕاگەیاندن دوو جۆرە:
1.</s>
    <s>ڕستەى ئەرێ: ئەو ڕستەیەیە كە ڕوودانى شتێك پیشان دەدات.</s>
    <s>2.</s>
    <s>ڕستەى نەرێ: ئەو ڕستەیەیە، كە ڕوونەدانى شتێك پیشاندەدات.</s>
    <s>ڕێگاكانى نەرێكردن لە زمانى كوردیدا:
أ‌-	كارى ڕابردوو بە ئامرازى (نە) نەرێ دەكرێ.</s>
    <s>ب‌-	كارى ڕانەبردوو بە ئامرازى (نا) نەرێ دەكرێ.</s>
    <s>ت‌-	كارى ناتەواو بەم ئامرازانە نەرێ دەكرێ :
1-	ڕانەبردوو بۆ كاتى ئێستا (ە) بە (نى - نین) نەرێ دەكرێ.</s>
    <s>2-	ڕانەبردوو بۆ كاتى داهاتوو(دەبێت) بە (نا) نەرێ دەكرێ.</s>
    <s>3-	كاتى ڕابردوو(بوو) بە (نە) نەرێ دەكرێ.</s>
    <s>ڕاهێنانى (1)
ئەم ڕستانەى خوارەوە (نە) یا (نا) یا (نى- نین) یان بۆ دابنێ:
1.</s>
    <s>كەلا ئامێدیێ بڵندە.</s>
    <s>2.</s>
    <s>كاكم دەچێت بۆ هەولێر.</s>
    <s>3.</s>
    <s>دوێنێ میوانەكە هاتبوو.</s>
    <s>4.</s>
    <s>ئەم ماستە ترشە.</s>
    <s>5.</s>
    <s>ژوورەكەم خاوێنكردەوە.</s>
    <s>ڕاهێنانى (2)
ئەم بۆشاییانە بە (نە، نا، نى، نین) پڕبكەوە:
1.</s>
    <s>قەدرى مانگ......... گیرێت، تا ......... گاتە شەو.</s>
    <s>2.</s>
    <s>سوار تا ......... گلێ ......... بێت بە سوار.</s>
    <s>3.</s>
    <s>دووربینى پەشیمانى لەدوا ..... یە.</s>
    <s>4.</s>
    <s>ئاگام لە كەس ......... یە.</s>
    <s>5.</s>
    <s>سەرێ ......... ئێشیت پێتڤى دەرسۆكێ .........ـە.</s>
    <s>ڕاهێنانى (3)
ئەم ڕستە نەرێیانە بكە بە ڕستەى ئەرێ:
1.</s>
    <s>ئازاد لە ماڵەوە نییە.</s>
    <s>2.</s>
    <s>ئەز ل گەل وى نەبووم.</s>
    <s>3.</s>
    <s>ئەمە ڕێگەى كەركوك نییە.</s>
    <s>4.</s>
    <s>دوێنێ لێرە باران نەبارى.</s>
    <s>5.</s>
    <s>دلێر فراڤینێ ناخۆت.</s>
    <s>6.</s>
    <s>تۆ ئەم وانەیە باش نازانیت.</s>
    <s>ڕاهێنانى (4)
ئەم ئامرازانە  (نە، نا، نى، نین) لە ڕستەدا بەكاربهێنە:

ڕاهێنانى (5)
1.</s>
    <s>شلۆڤەكردن:
دوێنێ باران نەبارى.</s>
    <s>دوێنێ: هاوەڵكارى كاتییە، تەواوكەرى كارە.</s>
    <s>باران: ناوە، بكەرە.</s>
    <s>نەبارى: كارى ڕابردووە، تێنەپەرە، نەرێیە.</s>
    <s>2.</s>
    <s>ئەم ڕستانە شلۆڤەبكە:
ئـ- ئازاد نەچوو بۆ كەركوك.</s>
    <s>ب- شنۆ لە خوێندن دواناكەوێت.</s>
    <s>ڕاڤەكردنى پەیڤەكان
پەیڤ	واتاكەى
بەش	پشك، پار
دواكەوتن	پاشكەڤتن
كەل	قەڵا
دووربینى	هزرتیژى، دوورنواڕى			
دەرسۆك	سەرپۆش، دەسرۆك
فراڤین	نانى نیوەڕۆ</s>
</ch>