<?xml version="1.0" encoding="UTF-8"?>
<ch>
    <s>﻿
(وانەى شازدەهەم)
گـرێى ناوى
ئەم ڕستانە بخوێنەوە:
1-	 چراى ژوورەكە داگیرسا.</s>
    <s>(بكەر) 
2-	چراى ژوورەكە ڕوناكە.</s>
    <s>(نیهاد)
3-	چراى ژوورەكەم داگیرساند.</s>
    <s>(بەركار)
4-	ڕوناكى لە چراى ژوورەكە دێت.</s>
    <s>(تەواوكەرى بەیاریدە)
5-	ئەوە چراى ژوورەكەیە.</s>
    <s>(تەواوكەرى كارى ناتەواو)
6-	تیشكى چراى ژوورەكە ڕوناكە.</s>
    <s>(دیارخەرى ناو)
7-	چراى ژوورەكە كزكرا.</s>
    <s>(جێگرى بكەر)

خستنەڕوو:
ئەگەر سەیرى ڕستەكان بكەین دەبینین ئەو گرێیانەى كە هێڵیان بە ژێرداهاتووە پێكهاتەیەكى دیاریكراویان هەیە و هەریەكێكیان ئەركێكى جیاوازى وەرگرتووە.</s>
    <s>لە ڕستەى یەكەمدا (چراى ژوورەكە داگیرسا)، (چراى ژوورەكە)، گرێیەكى ناوییە، چونكە لە هەردوو ناوى (چرا) و (ژوورەكە) بە یارمەتى ئامرازى دانەپاڵ پێكهاتووە.</s>
    <s>ئەركى (بكەر)یشى بینیوە، چونكە كارى (داگیرسان)ى ئەنجامداوە، واتە كارێكى ئەنجامداوە‌و كارەكەش تەواوە.</s>
    <s>لە ڕستەى دووەمدا (چراى ژوورەكە ڕوناكە) بە هەمان شێوە (چراى ژوورەكە) گرێیەكى ناوییە، ئەركى (نیهاد)ى بینیوە، چونكە سیفەتێكى دراوەتەپاڵ و كارەكەى ناتەواوە.</s>
    <s>لە ڕستەى سێیەمدا (چراى ژوورەكەم داگیرساند) گرێی ناویی (چراى ژوورەكە) ئەركى (بەركار)ى بینیوە، چونكە كارى (داگیرساند)ى بەسەر داهاتووە.</s>
    <s>واتە كاریگەرى كارەكەى كەوتووەتە سەر.</s>
    <s>لە ڕستەى چوارەمدا (ڕوناكى لە چراى ژوورەكە دێت) گرێی ناویی(چراى ژوورەكە) ئەركى (تەواوكەرى بەیاریدە)ى بینیوە، چونكە بە یارمەتى ئامرازى پەیوەندى (لە) واتاى كارەكەى تەواوكردووە.</s>
    <s>لە ڕستەى پێنجەمدا (ئەوە چراى ژوورەكەیە) گرێى ناویی(چراى ژوورەكە) ئەركى (تەواوكەرى كارى ناتەواو)ى بینیوە، چونكە واتاى كارى ناتەواوى (ە)ى بۆ كاتى ئێستا تەواوكردووە.</s>
    <s>لە ڕستەى شەشەمدا (تیشكى چراى ژوورەكە ڕوناكە)، گرێى ناویی (چراى ژوورەكە) لە ئەركى (دیارخەرى ناو)دایە‌و بە یارمەتى ئامرازى دانەپاڵى (ى) بووەتە دیارخەرى ناوى (تیشك).</s>
    <s>لە ڕستەى حەوتەمدا (چراى ژوورەكە كزكرا)، گرێى ناویی (چراى ژوورەكە) لە ئەركى (جێگرى بكەر)دایە، چونكە لە شوێنى بكەر دانراوە‌و كارەكەشى بكەرنادیارە.</s>
    <s>دەستور:

گرێى ناوى، كۆمەڵێك پەیڤن، بەسەر یەكەوەن، پەیوەندییەكى بەهێزیان لەگەڵ یەكتردا هەیە و هەموو ئەركەكانى ناو دەبینین، هەر لەبەر ئەمەش پێیدەگوترێت گرێى ناوى.</s>
    <s>دروستكردنى گرێى ناوى
گرێی ناوى بە چەند ڕێگایەك دروستدەكرێت، گرنگترینیان ئەمانەن :

1.</s>
    <s>دەكرێ گرێی ناوى لە دوو ناو پێكبێت بە یارمەتى ئامرازى دانەپاڵ دەخرێنە پاڵ یەكتر، وەك:
شارى هەولێر، گوڵى باخەكە، دارا هنارێ، درەختى دارستانەكە، گۆپاڵێ گاڤانى.</s>
    <s>2.</s>
    <s>دەكرێ لە ناوێك‌و جێناوێكى سەربەخۆ بە یارمەتى ئامرازى دانەپاڵ پێكبێت، وەك:
براى تۆ ، كتێبى ئەوان ، خانووى ئێمە
3- دەكرێت لە ناوێك و هاوەڵناوێك بە یارمەتى ئامرازى دانەپاڵ پێكهاتبێت، وەك:
هەنارى ترش، سێوى سوور، گۆڤارى نوێ، قوتابییە زیرەكەكان

ڕاهێنانى (1)
لەم پارچەیەدا گرێى ناوى دەربهێنە:
شەوى زستان ناخۆشترین كات بوو لەلاى ئەم دایكە هەژارە، خۆى‌و منداڵێكى ساوا لە ئامێزى تەنیایى شەوگاردا، سەرگەردان تا بەرەبەیان، ئەگەر بۆ ساتێكى كەمیش چاوى بچووایە خەو، خەونى بە گوندە ڕووخاوەكەیان‌و چیا بڵندەكان‌و بەفرى كوێستان‌و گوڵە ژاڵەكەوە دەبینى.</s>
    <s>ڕاهێنانى (2)

لەم ڕستانەدا گرێ ناوییەكان دەستنیشان بكە‌و ئەركەكەیان دیارى بكە:
1.</s>
    <s>قوتابیی زیرەك خۆشەویستە.</s>
    <s>2.</s>
    <s>تەختەى ڕەش دەستمان پیسـدەكات.</s>
    <s>3.</s>
    <s>ئەوان خانووە خۆشەكەیان فرۆشت.</s>
    <s>4.</s>
    <s>ترێ وشكەكە فرۆشرا.</s>
    <s>5.</s>
    <s>دەنگى كەوى كوێستان خۆشە.</s>
    <s>ڕاهێنانى (3)
ئەم بۆشاییانە بە گرێى ناوى پڕ بكەرەوە:
1.</s>
    <s>........... ترسناكە.</s>
    <s>2.</s>
    <s>........... نە خواردەوە.</s>
    <s>3.</s>
    <s>نامەیەكم بە ........... ڕەوانەكرد.</s>
    <s>4.</s>
    <s>........... لە هیچ سڵ ناكاتەوە.</s>
    <s>5.</s>
    <s>........... بە یەكەم دەرچوو.</s>
</ch>