<?xml version="1.0" encoding="UTF-8"?>
<ch>
    <s>﻿
(وانەى حەوتەم)
هاوەڵـناو

1.</s>
    <s>كۆترى سپى نیشانەى ئاشتییە.</s>
    <s>2.</s>
    <s>كوردستان بە ئێوەى تێكۆشەر سەردەكەوێت.</s>
    <s>3.</s>
    <s>سەیرانەكەمان خۆش بوو.</s>
    <s>4.</s>
    <s>ئەسپى چاك ئاوزەنگى ناوێت.</s>
    <s>خستنەڕوو:
ئەگەر سەیرى ڕستەكان بكەین دەبینین:
1.</s>
    <s>لە ڕستەى یەكەمدا وشەى (سپى) وەسفى ناوى (كۆتر)ى كردووە بەهۆى ئامرازى دانەپاڵى (ى)یەوە بووەتە دیارخەرى ناوەكە، بۆى ڕوونكردووینەوە، كە (كۆترێك)ى چۆنمان مەبەستە، لەبەر ئەوە بە وشەى (سپى) دەوترێت (هاوەڵناو).</s>
    <s>2.</s>
    <s>لە ڕستەى دووەمدا وشەى (تێكۆشەر) وەسفى جێناوى (ئێوە)ى كردووە بەهۆى ئامرازى دانەپاڵی (ى) بووەتە دیارخەرى جێناوەكە، بۆى ڕوونكردووینەوە، كە بە (كێ)  كوردستان سەردەكەوێت، لەبەر ئەوە بە وشەى (تێكۆشەر) دەوترێت (هاوەڵناو).</s>
    <s>3.</s>
    <s>لە ڕستەى سێیەمدا وشەى (خۆش) واتاى كارى ناتەواوى (بوو)ى تەواوكردووە، بووە بە تەواوكەرى كارە ناتەواوەكە بەبێ یاریدەرى ئامرازى دانەپاڵ، لەبەر ئەوە بە وشەى (خۆش) دەوترێت (هاوەڵناو).</s>
    <s>4.</s>
    <s>لە ڕستەى چوارەمدا بە هەمان شێوەى ڕستەى یەكەم وشەى (چاك) وەسفى ناوى (ئەسپ)ى كردووە، بووە بە دیارخەرى ناوەكە، بە یاریدەى ئامرازى دانەپاڵی (ى)یەوە بۆى ڕوونكردووینەوە كە چ ئەسپێك ئاوزەنگى ناوێت، لەبەر ئەوە بە وشەى (چاك) دەوترێت (هاوەڵناو).</s>
    <s>دەستور:
هاوەڵناو وشەیەكە وەسفى ناوێك یان جێناوێك دەكات‌و دەبێتە دیارخەرى ناوەكە یان جێناوەكە هەروەها هاوەڵناو دەبێتە تەواوكەرى كارى ناتەواویش.</s>
</ch>