<?xml version="1.0" encoding="UTF-8"?>
<ch>
    <s>﻿
(وانەى نۆزدەهەم)
كارى تێنەپەڕو كارى تێپەڕ

ئـ/
1.</s>
    <s>دلێر نڤست.</s>
    <s>2.</s>
    <s>كۆترەكە دەفڕێت.</s>
    <s>ب/
1.</s>
    <s>پێشمەرگە وەلاتى دپارێزیت.</s>
    <s>2.</s>
    <s>نەوزاد چیرۆكى نووسی.</s>
    <s>خستنەڕوو:
1.</s>
    <s>ئەگەر بڕوانینە ڕستەكانى بەشى (ئـ) دەبینین:
•	كارى (نڤست- دەفڕێت) هەر یەك ژوان خراونەتە پاڵ كەسێك یان شتێك واتە هەر  یەك ژوان كارێكى هەیە.</s>
    <s>•	لە ڕستەى یەكەمدا كارى (نڤست) كارێكى ڕابردووەو بە تەنیا شیایە واتاى ڕستەكە تەواو بكات‌و مەبەستى ڕستەكەش بدات بە دەستەوە.</s>
    <s>•	لە لایەكى ترەوە دەبینین ئەركى كارەكە (نڤست) لە (بكەر)كەوە (دلێر) تێناپەڕێتە سەر كەسێك یا شتێكى تر.</s>
    <s>•	لە ڕستەى دووەمیشدا ئەركى كارى (دەفڕێت) لە بكەرى ڕستەكە تێناپەڕێتە سەر كەسێك یان شتێكى تر.</s>
    <s>جار هەر كارێك كە بەتەنیا واتاى ڕستەكە تەواو بكات‌و ئەركى لە (بكەر)ى كارەكەوە تێنەپەڕێتە سەر كەسێك یان شتێكى تر دبێژنێ (كارى تێنەپەڕ).</s>
    <s>2.</s>
    <s>ئەگەر بڕوانینە ڕستەكانى بەشى (ب) دەبینین:
لە ڕستەى یەكەمدا پەیڤى (دپارێزیت) كارەو بكەرەكەى (پێشمەرگە)یە.</s>
    <s>ئەگەر گوتبامان (پێشمەرگە دپارێزیت) نەمان دەزانى چى دپارێزێت؟
جا بۆ تەواوكردنى واتاى ڕستەكە، كارەكە پێویستى بە تەواوكەرێك هەیە بۆ ئەوەى واتاى ڕستەكە تەواو ئاشكرا بكات كە لەمەولا بەم تەواوكەرە دەبێژین (بەركار).</s>
    <s>هەروەها لە ڕستەى دووەمدا كارى (نووسی) پێویستى بە وشەیەكى تر هەیە تاكو واتاى ڕستەكە تەواو ئاشكرا بكات، چونكە ئەگەر گوتبامان (نەوزاد نووسی) نەمان دەزانى چى نووسی؟ لەبەر ئەمە پەیڤى  (چیرۆك) دەبێت بە بەركار.</s>
    <s>•	لەلایەكى ترەوە دەبینین ئەركى كارەكە كە (بكەر)ەكە ئەنجامى دەادات لە خۆیەوە تێدەپەرێت‌و دەكەوێتە سەر (بەركار)ەكە.</s>
    <s>•	جا هەر كارێك بە تەنیا لەگەڵ بكەرەكەى نەتوانێت واتاى ڕستەیەك تەواو ئاشكرا بكات‌و پێویستى بە پەیڤێكى تر بێت بۆ ئەم تەواوكردنە، پێیدەڵێین كارى (تێپەڕ).</s>
    <s>دەستور:
1.</s>
    <s>كارى تێنەپەڕ: ئەو كارەیە كە بە تەنیا دەتوانێت واتاى ڕستەیەك تەواو بكات‌و ئەركى لە بكەرى كارەكە تێناپەڕێتە سەر كەسێك یان شتێكى تر.</s>
    <s>2.</s>
    <s>كارى تێنەپەڕ بە هیچ ڕەنگێك (بەركار) وەرناگرێت بەڵام دەتوانێت (تەواوكەرى بەیاریدە) وەربگرێت وەكو: نیوار چوو بۆ هەولێر.</s>
    <s>3.</s>
    <s>كارى تێپەڕ: ئەو كارەیە بە تەنیا لەگەڵ بكەرەكەى نەشێت واتاى ڕستەیەك تەواو ئاشكرا بكات بەڵكو پێویستى بە پەیڤێكى تر هەیە بۆ ئەم تەواوكردنە، ئەم پەیڤەش ئەركى كارەكەى دەكەوێتە سەرو دەبێتە (بەركار).</s>
    <s>یان كارى تێپەڕ: ئەو كارەیە كە ئەركى لە (بكەر)ى كارەكەوە تێدەپەرێتە سەر كەسێك یان شتێكى ترو دەبێتە تەواوكەرى كارەكەو دبێژنێ (بەركار).</s>
    <s>4.</s>
    <s>كارى تێپەڕ: ئەم كارە دەشیت (بەركار)و (تەواوكەرى بەیاریدە) وەربگرێت وەكو: جوتیار زەوى بە هەوجاڕ دەكێڵێت.</s>
    <s>لەم ڕستەیەدا پەیڤى (زەوى) بەركارەو (هەوجاڕ) تەواوكەرى بەیاریدەیە بۆ كارى (دەكێڵێت).</s>
    <s>لە ڕووی دروستكردن
                     
هێز


واتا


كات
 
ڕاهێنانى (1)
ئەم بۆشاییانە بە كارێكى تێپەڕ پڕبكەوە:
1.</s>
    <s>سێوەكەم ..........
2.</s>
    <s>ئەو پیاوە خانوو دروست ..........
3.</s>
    <s>تە چەند كەو ..........؟
4.</s>
    <s>ئاڤان یا جلكا ..........
5.</s>
    <s>دارا سێوەكە ..........
ڕاهێنانى (2)

ئەم بۆشاییانە بە كارێكى تێنەپەڕ پڕبكەوە:
1.</s>
    <s>مللەت ب خاندنێ ..........
2.</s>
    <s>گیا لەسەر بنجى خۆى ..........
3.</s>
    <s>كۆترا شێردلى ..........
4.</s>
    <s>لە هەموو هەورێك باران ..........


ڕاهێنانى (3)

وەڵامى ڕاست هەڵبژێرە:
1.</s>
    <s>دەكڕین.</s>
    <s>(تێنەپەڕە، تێپەڕە)
2.</s>
    <s>هات.</s>
    <s>(تێپەڕە، تێنەپەڕە)
3.</s>
    <s>تەواودەكەم.</s>
    <s>(تێپەڕە، تێنەپەڕە)
4.</s>
    <s>هەڵدەواسێت.</s>
    <s>(تێنەپەڕە، تێپەڕە)
5.</s>
    <s>ڕایكرد.</s>
    <s>(تێپەڕە، تێنەپەڕە)
ڕاهێنانى (4)

ئەم كارانە چ جۆرێكن؟ لە ڕستەدا بەكاریان بهێنە:
( نووست، كەفت، دەبارێت، بخۆ، چاند، دەنووسین، ڕزى، هات ).</s>
    <s>ڕاهێنانى (5)
شیكردنەوە 

1.</s>
    <s>ئێمە گۆرانییەكەمان بیست.</s>
    <s>ئێمە: جێناوى سەربەخۆیە بۆ كەسى یەكەمى كۆ، بكەرە.</s>
    <s>گۆرانییەكە: ناوە، تاكە، ناسراوە ، بەركارە.</s>
    <s>مان:  جێناوى لكاوە بۆ كەسى یەكەمى كۆ، بۆ بكەر دەگەڕێتەوە.</s>
    <s>بیست: كارى ڕابردووى نزیكە، تێپەڕە.</s>
    <s>2.</s>
    <s>ئەم ڕستانە شلۆڤەبكە:
ئـ - خشتەكە شكابوو.</s>
    <s>ب- شڤانى پەز چەراند.</s>
    <s>ڕاڤەكردنى پەیڤەكان
پەیڤ		واتاكەى
پێویست	:	پێتڤى
كارى تێنەپەڕ	:	كارێ دەرباز نەبووى
كارى تێپەر	:	كارێ دەرباز بووى
كاڵەك	:	گندۆر
گۆرانى	:	ستران
بیست	:	بیهست، گوهـ لێبوو
خشت	:	كەلپیچ، كەرپوچ،لگبن
شیا	:	توانى
پەیڤ	:	وشە
بنێرینە	:	سەرنج بدەینە، تەماشا بكەین، بنۆرینە
ژوان	:	لەوان
بەركار	:	تەواوكەری ڕاستەوخۆ 
پێى دبێژن	:	پێى دەگۆترێت، پێى دەڵێن
بێنێتە دى	:	بجه بینیت
سەخت	:	دژوار، ب زەحمەت
بنج	:	بنج‌و بناوان، بنەما، ڕەگ، ڕهـ</s>
</ch>