<?xml version="1.0" encoding="UTF-8"?>
<ch>
    <s>﻿
(وانەى دەیەم)
پلەكانى هاوەڵناوى چۆنییەتى
ئـ/

1.</s>
    <s>ئاروى ناسك بكڕە.</s>
    <s>2.</s>
    <s>گولێن مە گەش بوون.</s>
    <s>3.</s>
    <s>ئێوەى تێگەیشتوو سەردەكەون.</s>
    <s>4.</s>
    <s>ئاڤا شیرین ڤەخۆ.</s>
    <s>ب
1.</s>
    <s>ئازاد لە نەوزاد ژیرترە.</s>
    <s>2.</s>
    <s>ئەڤ گوڵە ژ گولا دى سۆرترە.</s>
    <s>3.</s>
    <s>كتێبا من ژ كتێبا تە كەڤنتربوو.</s>
    <s>پ/
1.</s>
    <s>هەڵگود بڵندترین چیایە لە كوردستانى باشووردا.</s>
    <s>2.</s>
    <s>بەختیار قوتابیى هەرە زیرەكى ئەم قوتابخانەیە.</s>
    <s>3.</s>
    <s>دلۆڤان ژ هەمیا مەزنترە.</s>
    <s>4.</s>
    <s>ئازاد لە گشت خوێندكاران باشترە.</s>
    <s>5.</s>
    <s>نەرمین لە هەموو خوێندكاران هێمنترە.</s>
    <s>خستنەڕوو:
ئـ- كاتێ سەیرى ڕستەكانى بەشى (ئـ) دەكەین، دەبینین وشەكانى هێڵیان بەژێرەوەیە {ناسك، گەش، تێگەیشتوو، شیرین} هەموویان هاوەڵناوى چۆنیەتین‌و هەر یەكەیان بۆ وەسفى ناوێك یان جێناوێك، یاخود بۆ تەواوكردنى كارى ناتەواو بەكارهێنراون، لێرەدا هاوەڵناوەكە لە پلەى چەسپاودایە.</s>
    <s>ب- ئەگەر سەرنج بدەینە ڕستەكانى بەشى (ب) دەبینین وشەكانى هێلیان بەژێرەوەیە (ژیرتر، سۆرتر، كەڤنتر).</s>
    <s>هەموویان هاوەڵناوى چۆنییەتین‌و لە پلەى بەراورددان، چونكە هەریەكەیان بۆ بەراوردكردن لەنێوان دوو ناوى وەسفكراو بەكارهێنراون، كە هەردووكیان لە سیفەتەكە هاوبەشن، بەڵام پلەى یەكێكیان پترە لەوى تر.</s>
    <s>بە دانانى نیشانەى (تر) لە كۆتایى هاوەڵناوى چۆنییەتى دروستدەكرێت‌و ئامرازى پەیوەندى (لە، ژ) دەكەوێتە نێوان هەردوو ناوەكە.</s>
    <s>پ- كاتێ سەیرى ڕستەكانى بەشى (پ) دەكەین، دەبینین وشەكانى هێلیان بە ژێرەوەیە (بڵندترین، هەرە زیرەك، ژ هەمیا مەزنتر، لە گشت خوێندكاران باشتر، لە هەموو خوێندكاران هێمنتر).</s>
    <s>هاوەڵناوى چۆنییەتین‌و لە پلەى باڵادان، چونكە هەر یەكەیان پلەى باڵایى ناوێك پیشاندەدات لەنێوان ئەو ناوانەى كە هەموویان لە سیفەتەكە هاوبەشن، بەڵام پلەى یەكێكیان لە هەموویان پترە.</s>
    <s>بە دانانى نیشانەى (ترین) لە كۆتایى هاوەڵناوى چۆنییەتى دروستدەكرێت.</s>
    <s>هەروەها دەتوانرێ بەهۆى وشەى (هەرە) یا (ژهەمیا) یا (لە گشت) یا (لە هەموو) پلەى باڵا دروست بكرێ، كە دەخرێتە پێش هاوەڵناوى پلەى بەراورد یا چەسپاو.</s>
    <s>دەستور:
هاوەڵناوى چۆنییەتى سێ پلەى هەیە:

ئـ- پلەى چەسپاو: ئەو هاوەڵناوەیە كە بۆ وەسفى ناوێك یا جێناوێك بەكاردەهێنرێ.</s>
    <s>ب- پلەى بەراورد: ئەو هاوەڵناوەیە كە بۆ بەراوردكردن لەنێوان دوو ناوى وەسفكراو بەكاردەهێنرێ، كە هەردووكیان لە سیفەتەكە هاوبەشن، بەڵام پلەى یەكێكیان لەوى تر پترە.</s>
    <s>نیشانەى (تر) دەخرێتە كۆتایى هاوەڵناوى چۆنییەتى‌و ئامرازى پەیوەندى (لە، ژ) دەخرێتە نێوان هەردوو ناوى بەراوردكراو.</s>
    <s>پ- پلەى باڵا: ئەو هاوەڵناوەیە كە پلەى باڵایى ناوێك پیشاندەدات لەنێوان كۆمەڵە ناوێك، كە هەموویان لە سیفەتەكە هاوبەشن ، بەڵام پلەى یەكێكیان لە هەموویان زیاترە.</s>
    <s>1.</s>
    <s>بە دانانى نیشانەى (ترین) لە كۆتایى هاوەڵناوى چۆنییەتى دروست دەكرێ.</s>
    <s>2.</s>
    <s>دەتوانرێ بەهۆى وشەى (هەرە) كە دەخرێتە پێش هاوەڵناوى پلەى چەسپاو دروست بكرێ.</s>
    <s>3.</s>
    <s>دەتوانرێ بە یارمەتى وشەى ( ژ هەمیا، لە گشت، لە هەموو، ژ تەڤ ) كە دەخرێتە پێش هاوەڵناوى پلەى بەراورد دروست بكرێ.</s>
    <s>ڕاهێنانى (1)
وەڵامى ڕاست هەڵبژێرە:
1.</s>
    <s>جۆ لە گەنم هەرزانترە.</s>
    <s>(پلەى باڵا، پلەى بەراورد، پلەى چەسپاو)
2.</s>
    <s>نێرگز جوانترین گوڵى بەهارە.</s>
    <s>(پلەى باڵا، پلەى بەراورد، پلەى چەسپاو)
3.</s>
    <s>ئاوى كانییەكە سارد بوو.</s>
    <s>(پلەى باڵا، پلەى بەراورد، پلەى چەسپاو)
4.</s>
    <s>شاخى هەڵگورد لە شاخى سەفین بەرزترە.</s>
    <s>(پلەى چەسپاو، پلەى باڵا، پلەى بەراورد)
5.</s>
    <s>ئەم ئەسپە خێرایە.</s>
    <s>(پلەى باڵا، پلەى بەراورد، پلەى چەسپاو)








ڕاهێنانى (2)
لەم ڕستانەى خوارەوەدا هاوەڵناوى چۆنییەتى دەربهێنەو پلەكانیان دیار بخە:
1.</s>
    <s>پیاوى ئازا چاونەترسە.</s>
    <s>2.</s>
    <s>سەردار ژ نەوزادى خۆشمێرترە.</s>
    <s>3.</s>
    <s>شاسوار لەم پۆلەدا باشترین قوتا بییە.</s>
    <s>4.</s>
    <s>ئەڤ گولە ژ هەمیا جوانترە.</s>
    <s>5.</s>
    <s>ئەڤین لە گشت قوتابییان زیرەكترە.</s>
    <s>6.</s>
    <s>شێرۆ ژ میرانى مەزنتر بوو.</s>
    <s>ڕاهێنانى (3)
چۆن هاوەڵناوى پلەى بەراورد لە هاوەڵناوى پلەى باڵا جیا دەكەیتەوە؟ بە نمونە ڕوونیبكەوە.</s>
    <s>ڕاهێنانى (4)
ئەم ڕستانە شلۆڤەبكە:
1.</s>
    <s>زەریا لە دەریا قوڵترە.</s>
    <s>2.</s>
    <s>هاوین گەرمترین وەرزى ساڵە.</s>
</ch>