<?xml version="1.0" encoding="UTF-8"?>
<ch>
    <s>﻿
وانەى پازدەهەم
جۆرەكانى هاوەڵكار

1) هاوەڵكارى كاتى


1.</s>
    <s>دوهى جوتیارى گەنم جەنجەر كرد.</s>
    <s>2.</s>
    <s>ئەمڕۆ گەلانى جیهان بۆ ئاشتى تێدەكۆشن.</s>
    <s>3.</s>
    <s>ساڵەكا دى پەیمان دێ چێتە زانكۆ.</s>
    <s>4.</s>
    <s>ئەوان ئێستا نانەكەیان دەخۆن.</s>
    <s>5.</s>
    <s>بەزستان پینەو پەڕۆ، بەهاوینان وردورد بڕۆ.</s>
    <s>2) هاوەڵكارى شوێنى
1.</s>
    <s>منداڵەكە لەسەربان نوست.</s>
    <s>2.</s>
    <s>مەلەڤان دناڤ  ئاڤێدا بوو.</s>
    <s>3.</s>
    <s>پشیلەكە لە قوژبنى ژوورەكەدا هەڵتووتابوو.</s>
    <s>4.</s>
    <s>قوتابییەكە لەبن دارێ دخوێنیت.</s>
    <s>5.</s>
    <s>ئاكام لەتەنیشت منەوە وەستابوو.</s>
    <s>3) هاوەڵكارى چۆنییەتى 
1.</s>
    <s>پیاوەكە دەرگاكەى توند پێوەدا.</s>
    <s>2.</s>
    <s>ڕووداوەكەى لەسەرخۆ گێڕایەوە.</s>
    <s>3.</s>
    <s>نازدار بلەز چوو قوتابخانێ.</s>
    <s>4.</s>
    <s>مامۆستا بەپێكەنینەوە هاتە ژوورەوە.</s>
    <s>5.</s>
    <s>فراڤینێ ب گەرمى بخۆ.</s>
    <s>6.</s>
    <s>ڕۆژنامەكەى بەخۆڕایى هێناوە.</s>
    <s>خستنەڕوو:
1.</s>
    <s>لە زنجیرە ڕستەكانى بەشى (1)دا هاوەڵكارى ( دوهى، ئەمڕۆ، ساڵەكا دى، ئێستا، بەزستان، بەهاوینان) هەریەكەیان سنورێك بۆ ڕوودانى كارەكەیان دادەنێن‌و لەم ڕووەوە دەبنە تەواوكەرى كارەكان، جا بەو وشەیەى كە كاتى ڕوودانى كارى ڕستەكە دەردەخات‌و واتاكەشى تەواو دەكات دەگوترێت (هاوەڵكارى كاتى).</s>
    <s>2.</s>
    <s>لە زنجیرە ڕستەكانى بەشى (2)دا هاوەڵكارى (لەسەربان، دناڤ ئاڤێدا، لەقوژبنى ژوورەكەدا، لەبن دارێ، لەتەنیشت) هەر یەكەیان سنوورێك بۆ ڕوودانى واتاى كارەكان دادەنێن‌و لەم ڕووەوە دەبنە تەواوكەرى كارەكان، جا ئەو وشەیەى كە شوێنى ڕوودانى كارى ڕستەكە دەردەخات‌و واتاكەشى تەواودەكات، پێدەگوترێت (هاوەڵكارى شوێنى).</s>
    <s>3.</s>
    <s>لە زنجیرە ڕستەكانى بەشى (3)دا هاوەڵكارى (توند، لەسەرخۆ، بلەز، بەپێكەنینەوە، ب گەرمى، بەخۆرایى) هەر یەكەیان سنورێك بۆ ڕوودانى واتاى كارەكان دادەنێن‌و لەم ڕووەوە دەبنە تەواوكەرى كارەكان، جا بەو وشەیە، كە چۆنییەتى ڕوودانى كارى ڕستەكە دەردەخات‌و واتاكەشى تەواودەكات، دەگوترێت (هاوەڵكارى چۆنییەتى).</s>
    <s>دەستور:

1.</s>
    <s>هاوەڵكارى كاتى: وشەیەكە (یان چەند وشەیەكە)  كاتى ڕوودانى كارى ڕستەكە دەردەخات‌و دەبێتە تەواوكەرى كارەكە بۆ نمونە ئەمانەى خوارەوە هاوەڵكارى كاتین.</s>
    <s>(دوێنێ، پێرێ، ڕۆژى هەینى، مانگى گوڵان، نهۆ (ئێستا)، لەمەوپێش، پارشێو، ئێوارە، ئەمساڵ... ).</s>
    <s>2.</s>
    <s>هاوەڵكارى شوێنى: وشەیەكە (یان چەند وشەیەكە) شوێنى ڕوودانى كارى ڕستەكە دەردەخات‌و دەبێتە تەواوكەرى كارەكە.</s>
    <s>بۆ نمونە ئەمانەى خوارەوە هاوەڵكارى شوێنین.</s>
    <s>(خوار، تەنیشت، لەژێر، بەردەم، ڕاست، چەپ... ).</s>
    <s>3.</s>
    <s>هاوەڵكارى چۆنییەتى: وشەیەكە (یا چەند وشەیەكە) چۆنییەتى ڕوودانى كارى ڕستەكە دەردەخات‌و دەبێتە تەواوكەرى كارەكە، بۆ نمونە ئەمانەى خوارەوە هاوەڵكارى چۆنییەتین.</s>
    <s>(خێرا، هێدى، بەگوڕ، توند، لەسەرخۆ، بەژیرى، بەچاكى، 
بەپەلە، بەنازدارى، بەهێمنى، ب ساردى، ب خۆشى....).</s>
    <s>ڕاهێنانى (1)
لەم ڕستانەى خوارەوەدا هاوەڵكارى (كاتى، شوێنى، چۆنییەتى) دیار بكە:
1.</s>
    <s>لەمێژە گەلى كورد دژى داگیركەر وەستاوە.</s>
    <s>2.</s>
    <s>خوناڤ ب سەرفرازى ژ ئەزمونێ دەرباز بوو.</s>
    <s>3.</s>
    <s>كتێبەكەم لەناو جانتاكەدا دانا.</s>
    <s>4.</s>
    <s>بەهاوین زۆربەى خەڵك ل سەربان دنڤن.</s>
    <s>5.</s>
    <s>ئەڤڕۆ دڤێت كوردستان ژ هەموو لایاڤە پێش بكەڤیت.</s>
    <s>6.</s>
    <s>ڕۆژانى هەینى دەچن بۆ سەیران.</s>
    <s>7.</s>
    <s>كچەكەیان بە هێمنى كارەكانى ڕادەپەرێنێت.</s>
    <s>8.</s>
    <s>باران بەخوڕ دەبارێت.</s>
    <s>9.</s>
    <s>دوێنێ هاتم بۆ لات، لە ماڵ نەبوویت.</s>
    <s>10.</s>
    <s>ئۆتۆمبیلەكە بەگوڕ بە لاماندا تێپەرى.</s>
    <s>ڕاهێنانى (2)

ئەم هاوەڵكارانەى خوارەوە چ جۆرێكن، لە ڕستەدا بەكاریان بهێنە:
(لەناو باخەكەدا، پار، بەجوانى، هەفتەى داهاتوو، باش، بەربانگ، پیاوانە، لەژێر درەختەكە).</s>
    <s>ڕاهێنانى (3)

وەڵامى ڕاست هەڵبژێرە:
1.</s>
    <s>بەدڵ و بەگیان كوردستان دەپارێزین.</s>
    <s>(ه.شوێن، ه.كات، ه.چۆنییەتى)
2.</s>
    <s>گوندەكە لەسەر گردەكە بوو.</s>
    <s>(ه.شوێن، ه.چۆنییەتى، ه.كاتى)
3.</s>
    <s>بەیانى زوو كەڵەشێرەكە دەیخوێند.</s>
    <s>(ه.كات، ه.شوێن، ه.چۆنییەتى)
4.</s>
    <s>لەمەودوا كارى خراپ ناكەین.</s>
    <s>(ه.چۆنییەتى، ه.شوێن، ه.كاتى)
5.</s>
    <s>بەجوانى وەڵام بدەرەوە.</s>
    <s>(ه.كات، ه.شوێن، ه.چۆنییەتى)
6.</s>
    <s>كیسەڵەكە لەسەرخۆ دەڕوات.</s>
    <s>(ه.چۆنییەتى، ه.كاتى، ه.شوێن)

ڕاهێنانى (4)
1.</s>
    <s>شلۆڤەكردن:
ڕۆژنامەكەم بە پاڵكەوتنەوە خوێندووەتەوە.</s>
    <s>ڕۆژنامەكە:  ناوە، تاكە، گشتییە، ناسراوە، بەركارە.</s>
    <s>م:  جێناوى لكاوە بۆ كەسى یەكەمى تاك بكەرە.</s>
    <s>بەپاڵكەوتنەوە:  هاوەڵكارى چۆنیەتییە، تەواوكەرى كارى ڕستەكەیە.</s>
    <s>خوێندووەتەوە :  كارى ڕابردووى تەواوى تێپەڕە.</s>
    <s>2.</s>
    <s>ئەم ڕستانە شلۆڤەبكە:
ئـ- گەلى كوردستان لە پێنجى ئاداردا شێرانە ڕاپەرى.</s>
    <s>ب - دوێنى چووم بۆ ماڵى هاوڕێكەم.</s>
</ch>