<?xml version="1.0" encoding="UTF-8"?>
<ch>
    <s>﻿
(وانەى دووەم)
نیشانە تایبەتییەكانى نێرو مێ

1.</s>
    <s>بابێ ئازادى ئەندازیارە.</s>
    <s>2.</s>
    <s>خوشكا سەردارى چوو خوێندگەهێ.</s>
    <s>3.</s>
    <s>خانییێ من گەلەك مەزن‌و تازەیە.</s>
    <s>4.</s>
    <s>زەڤییا بەرمالا بەراڤە.</s>
    <s>5.</s>
    <s>دۆستێ تە هات ژ دهۆكێ.</s>
    <s>6.</s>
    <s>دۆستا من گەلەك ڕندو جوانە.</s>
    <s>7.</s>
    <s>كوڕۆ، بخوێنن دا سەركەڤن.</s>
    <s>8.</s>
    <s>شرینێ، چێلێ بدۆشە.</s>
    <s>9.</s>
    <s>كوڕە، ئەم كارە مەكە.</s>
    <s>كچێ، وانەكانت چاك بخوێنە.</s>
    <s>10.</s>
    <s>كوڕینە (كچینە) ئەم كارە مەكەن.</s>
    <s>11.</s>
    <s>ڤى قەلەمى بۆ من بكرە.</s>
    <s>ڤێ دەفتەرێ بۆمن بهینە.</s>
    <s>وى كوڕى كەوەك گرت.</s>
    <s>وێ كچێ كراسەك دوورى.</s>
    <s>12.</s>
    <s>سەردارى شیڤ خار
نازدارێ تەشى ڕێست


خستنەڕوو:
ئەگەر سەرنجى ئەم ڕستانە بدەین، دەیبینین هەندێ لە ناوەكان نیشانەى وایان وەرگرتووە، كە دەتوانین بەهۆیانەوە ڕەگەزى ناوەكە بزانین:
1.</s>
    <s>لە ڕستەى یەكەمدا نیشانەى (ێ) خراوەتە سەر ناوى (باب) لە دۆخى دانە پاڵدا، چونكە ڕەگەزى باب نێرەو لەم دۆخەدا (ێ)ى دەخرێتە سەر.</s>
    <s>2.</s>
    <s>كەچى دەبینین لە ڕستەى دووەمدا نیشانەى (ا) خراوەتە سەر پەیڤى (خوشك)، چونكە ڕەگەزى پەیڤەكە (مێ)یەو لەم دۆخەدا نیشانەى (ا)ى دەدرێتە پاڵ.</s>
    <s>3.</s>
    <s>هەروەها لە ڕستەى سێیەمدا پەیڤى (خانى) واتە (خانوو)، چونكە لە ڕەگەزدا نێرە (لە زارى كرمانجى ژووروودا) بۆیە لە دۆخى دانەپاڵدا (ێ)ى وەرگرتووەو بووە بە (خانیێ من).</s>
    <s>4.</s>
    <s>كەچى لە ڕستەى چوارەمدا، چونكە پەیڤى ( زەڤى- زەوى) لە ڕەگەزدا مێیە، بۆیە لە دۆخى دانەپاڵدا (ا)ى پێوە نووساوەو بووە بە (زەڤییا بەرمالا ) واتە زەوى بەرماڵان.</s>
    <s>5.</s>
    <s>ئەگەر سەرنج لە ڕستەى پێنجەم و شەشەم بدەین، دەبینین وشەى (دۆست) دوو لایەنە، واتە بۆ نێرو مێ بەكاردێت، بەڵام بۆ دەستنیشانكردنى ڕەگەزەكەى، لە دۆخى دانەپاڵدا بۆ نێر (ێ)ى دەخرێتە سەرو دەبێتە (دۆستێ سەردارى) واتە ڕەگەزى دۆستەكە نێرە، بۆ (مێ) نیشانەى (ا)ى دەخرێتە سەرو دەبێتە (دۆستا من) واتە ڕەگەزى دۆستەكەى من مێیە.</s>
    <s>6.</s>
    <s>لە ڕستەى حەفتەمدا نیشانەى (ۆ) خراوەتە سەر و پەیڤى (كوڕ) لە دۆخى بانگكردندا، چونكە ڕەگەزى كوڕ نێرە.</s>
    <s>7.</s>
    <s>كەچى لە ڕستەى هەشتەمدا چونكە ڕەگەزى (كچ) مێیە، لەبەر ئەوە لە دۆخى بانگكردندا نیشانەى (ێ)ى دەخرێتە سەر.</s>
    <s>8.</s>
    <s>لە ڕستەى نۆیەمدا هەر پەیڤى (كوڕ) لە دۆخى بانگكردندا نیشانەى (ە)ى خراوەتە سەرو بووە بە (كوڕە)و وشەى كچیش  هەر لەم دۆخەدا (ێ)ى پێوە نووساوەو بووە بە (كچێ).</s>
    <s>ئەم دوو نیشانەیە لە زارى كرمانجى خواروودا بەكاردێن.</s>
    <s>9.</s>
    <s>ئەگەر ناوە بانگكراوەكە (كۆ) بوو، نیشانەكە بۆ هەردوو ڕەگەز دەبێتە (ینە) وەكو ڕستەى دەیەم: (كوڕینە، كچینە، ئەم كارە مەكەن).</s>
    <s>10.</s>
    <s>لە ڕستەكانى ژمارە (یازدە)دا هاوەڵناوى نیشانەى (ڤى... ى) بۆ تاكى ڕەگەز نێرى نزیك بەكارهاتووە، لە ڕستەى (ڤى قەلەمى بۆمن بكڕە)، ئینجا (ڤێ... ێ) بۆ تاكى ڕەگەز مێى نزیك بەكارهاتووە، لە ڕستەى (ڤێ دەفتەرێ بۆ من بهینە) چونكە ڕەگەزى (دەفتەر) مێیە.</s>
    <s>11.</s>
    <s>بۆ تاكى نێرى دووریش هاوەڵناوى نیشانەى (وى... ى) لە ڕستەى (وى كوڕى كەوەك گرت) بەكارهاتووە هاوەڵناوى 
(وێ... ێ) بۆ تاكى مێى دوور، لە ڕستەى (وێ كچێ كراسەك دوورى) بەكارهاتووە.</s>
    <s>12.</s>
    <s>لە ڕستەى (سەردارى شیڤ خار)دا، چونكە كارى ڕستەكە ڕابردووى تێپەرە، بۆیێ نیشانەى (ى) خراوەتە سەر ناوە  نێرەكەو نیشانەى (ێ) لە ڕستەى (نازدارێ تەشى ڕێست)دا خراوەتە سەر ناوە مێیەكە، كە لەو ڕستەیەشدا كارى (ڕێست) ڕابردووى تێپەڕە، دەبێت ئەوەش بزانین كە ناوى (كۆ) نیشانەى نێر‌و مێ وەرناگرێت.</s>
    <s>دەستور:
لەزارى كوردى كرمانجى ژووروودا، چەند نیشانەیەك هەن دەخرێنە سەر ناو، بۆ جوداكردنەوەى ناوى نێرو ناوى مێ.</s>
    <s>نیشانەكان بەم جۆرە بەكاردێن:
1.</s>
    <s>لە دۆخى دانەپاڵدا:
ئـ- نیشانەى (ێ- یێ)  بۆ نێر بەكاردێت، وەك: (برایێ من)، (هەڤالێ تە).</s>
    <s>ب- نیشانەى (ا – یا ) بۆ مێ بەكاردێت، وەك: (كچا سەربەستى).</s>
    <s>2.</s>
    <s>لە دۆخى بانگكردندا بۆ نێر نیشانەى (ۆ) بەكاردێت، وەك: كوڕۆ- بابۆ.</s>
    <s>بۆ (مێ) نیشانەى (ێ) بەكاردێت، وەك: (كچێ، دەلالێ)
لە زارى كرمانجى خوارووشدا نیشانەى (ە) بۆ نێر بەكاردێت وەك (كوڕە)، نیشانەى (ێ) بۆ مێ بەكاردێت وەك (كچێ).</s>
    <s>بۆ ناوى كۆى نێرو مێ (ینە) بەكاردێت وەك (كوڕینە، كچینە).</s>
    <s>3.</s>
    <s>هاوەڵناوى نیشانە بۆ نێرو مێ لە زارى كرمانجى ژوورووودا بەم جۆرەیە:
ئـ- (ڤى ... ى) بۆ تاكى نێرى نزیك.</s>
    <s>ب- (ڤێ ...ێ) بۆ تاكى مێى نزیك.</s>
    <s>پ- (وى ... ى) بۆ تاكى نێرى دوور.</s>
    <s>ت- (وێ ... ێ) بۆ تاكى مێى دوور.</s>
    <s>4.</s>
    <s>ئـ- (ئەڤان ... ان) بۆ كۆی نزیكى نێرو مێ
    ب- (وان ... ان) بۆ كۆى دوورى نێرو مێ بەكاردێن.</s>
    <s>5.</s>
    <s>لە ناوى تایبەت نیشانەی:
(ى) بۆ نێرو (ێ) بۆ مێ بەكاردێن، وەك:
ئـ.</s>
    <s>بۆ نێر : لەزگینى دەرس نڤیسى.</s>
    <s>ب.</s>
    <s>بۆ مێ : شرینێ پەز دۆشى.</s>
    <s>ڕاهێنانى (1)
ئەم ناوانە لە دۆخى دانەپاڵدا لە ڕستە بەكاربهێنە،  پاشان ڕەگەزەكانیان بنووسە:
(ئاڤ، ڕەز، چاڤ، ڕوبار، ماڵ)

ڕاهێنانى (2)
ئەم ناوانە لە دۆخى بانگكردندا لە ڕستە بەكاربهێنە:
(لاوان،  ژن،  كیژ،  قوتابییان،  خاڵ)

ڕاهێنانى (3)
1.</s>
    <s>لە دۆخى دانەپاڵدا ناوى ڕەگەزی مێ چ نیشانەیەك وەردەگرێ؟
2.</s>
    <s>لە دۆخى دانەپاڵدا ناوى ڕەگەزی نێر چ نیشانەیەك وەردەگرێ؟
3.</s>
    <s>لە دۆخى بانگكردندا ئەگەر ناوەكە تاكى نێر بوو، لە زارى كرمانجى ژووروودا كام نیشانە وەردەگرێ‌و لە كرمانجى خوارووشدا كامە؟
4.</s>
    <s>جێناوى نیشانەى (ڤان) بۆچى‌و (وان) بۆچى بەكاردێن؟

ڕاهێنانى (4)
(هاوەڵناوى نیشانە)ى تاكى نزیك‌و دوور بدە پاڵ ئەو ناوانە لە ڕستەدا، ئینجا ڕەگەزى ناوەكان بنووسە:
(دەرگە،  كچ،  جامێر،  ماهین،  گوند)


ڕاهێنانى (5)
1.</s>
    <s>لە دانەپاڵدا نیشانەى نێرو مێ چین؟ نمونەى ڕستەییان بۆ بهێنەوە.</s>
    <s>2.</s>
    <s>ئەگەر ناوەكە تایبەت بێت، نیشانەكانى نێرو مێ كامانەن، نمونەى ڕستەییان بۆ بهێنەوە.</s>
    <s>3.</s>
    <s>هاوەڵناوى نیشانە بۆ تاكى مێى نزیك چییە؟ نمونەى ڕستەیى بۆ بهێنەوە.</s>
    <s>4.</s>
    <s>هاوەڵناوى نیشانەى تاكى نێرى دوور چییە؟ نمونەى ڕستەیى بۆ بهێنەوە.</s>
    <s>ڕاهێنانى (6)
شلۆڤەكردن:

برایێ ئازادى هات.</s>
    <s>برا	: ناوە، تاكە، گشتییە، نەناسراوە، بكەرە.</s>
    <s>یێ	: ئامرازی دانەپاڵە بۆ تاكی نێر.</s>
    <s>ئازاد: ناوە، تاكە، تایبەتییە، تەواوكەرى ناوى برایە.</s>
    <s>ى: نیشانەى ڕەگەزى نێرى تاكە.</s>
    <s>هات: كارى ڕابردووى نزیكە، سادەیە، تێنەپەڕە.</s>
    <s>ئەم ڕستانە شلۆڤەبكە:
1.</s>
    <s>ڤێ كچێ نان خار.</s>
    <s>2.</s>
    <s>كچینە وانەكە بخوێنن.</s>
</ch>