<?xml version="1.0" encoding="UTF-8"?>
<ch>
    <s>﻿
(وانەى هەشتەم)
هاوەڵناوى چۆنییەتى

1.</s>
    <s>مرۆڤى باش سەردەكەوێت.</s>
    <s>2.</s>
    <s>ترێى ڕەش بكڕە.</s>
    <s>3.</s>
    <s>ماسیى گەورە لە ڕوبارەكەدا هەیە.</s>
    <s>4.</s>
    <s>شیرین نازدارە.</s>
    <s>5.</s>
    <s>خانووەكە كۆن بوو.</s>
    <s>6.</s>
    <s>مرۆڤى نیشتمانپەروەر سەرفراز دەبێت.</s>
    <s>7.</s>
    <s>ئێوەى زیرەك بە ئامانج دەگەن.</s>
    <s>8.</s>
    <s>گۆتنا خۆش بهارا دلانە.</s>
    <s>9.</s>
    <s>باشترین چیرۆكم خوێندەوە.</s>
    <s>خستنەڕوو:
ئەگەر سەرنج بدەینە ڕستەكان، دەبینین ئەو وشانەى هێلیان بە ژێردا كێشراوە، وەك {باش، ڕەش، گەورە، نازدار، كۆن، نیشتمانپەروەر، سەرفراز، زیرەك، خۆش} هەموویان هاوەڵناوى چۆنین، چونكە هەر یەكەیان وەسفى ناوێك یا جێناوێكى كردووە، واتە بووە بە دیارخەرى ناوەكە یان جێناوەكە، یاخود بووەتە تەواوكەرى كارى ناتەواو، وەكو:
1.</s>
    <s>لە ڕستەى یەكەمدا هاوەڵناوى چۆنییەتى (باش) وەسفى ناوى (مرۆڤ)ى كردووەو بووەتە دیارخەرى ناوی (مرۆڨ).</s>
    <s>2.</s>
    <s>لە ڕستەى دووەمدا هاوەڵناوى چۆنییەتى (ڕەش) وەسفى ناوى (ترێ)ى كردووەو بووەتە دیارخەرى ناوى ترێ.</s>
    <s>3.</s>
    <s>لە ڕستەى سێیەمدا هاوەڵناوى چۆنییەتى (گەورە) وەسفى ناوى (ماسى)ى كردووەو بووەتە دیارخەرى ناوى (ماسى).</s>
    <s>4.</s>
    <s>لە ڕستەى چوارەمدا هاوەڵناوى چۆنییەتى (نازدار) بووەتە تەواوكەرى كارى ناتەواو.</s>
    <s>5.</s>
    <s>لە ڕستەى پێنجەمدا هاوەڵناوى چۆنییەتى (كۆن) بووەتە تەواوكەرى كارى ناتەواوى (بوو).</s>
    <s>6.</s>
    <s>لە ڕستەى شەشەمدا هاوەڵناوى چۆنییەتى (نیشتمانپەروەر) وەسفى ناوى (مرۆڤ )ى كردووەو بووەتە دیارخەرى ناوەكە.</s>
    <s>هەروەها هاوەڵناوى چۆنییەتى (سەرفراز) بووەتە تەواوكەرى كارى ناتەواوى (دەبێت).</s>
    <s>7.</s>
    <s>لە ڕستەى حەوتەمدا هاوەڵناوى چۆنییەتى (زیرەك) وەسفى جێناوى (ئێوە)ى كردووەو بووەتە دیارخەرى جێناوى (ئێوە).</s>
    <s>8.</s>
    <s>لە ڕستەى هەشتەمدا هاوەڵناوى چۆنییەتى (خۆش) وەسفى چاوگى  (گۆتن)ى كردووەو بووەتە دیارخەرى چاوگەكە.</s>
    <s>9.</s>
    <s>لە ڕستەى نۆیەمدا هاوەڵناوى چۆنییەتى (باشترین) وەسفى جێناوى (چیرۆكى)ى كردووەو بووەتە دیارخەرى.</s>
    <s>دەستور:
هاوەڵناوى چۆنییەتى: ئەو هاوەڵناوەیە كە لە ڕستەدا وەسفى ناوێك یا جێناوێك دەكات‌و دەبێتە دیارخەرى ناوەكە یا جێناوەكە، یاخود دەبێتە تەواوكەرى كارى ناتەواو.</s>
    <s>ئەگەر ببێتە دیارخەرى ناو بە دوو شێوە دەبێت:
1.</s>
    <s>لە شێوە زارى كرمانجى خواروو (ى-ە) بەكاردەهێنرێ.</s>
    <s>2.</s>
    <s>لە شێوە زارى كرمانجى ژوورووو بەم شێوەیە:

ئـ- ئەگەر ناوەكە نێرى تاك بوو (ێ) بەكار دەهێنرێ.</s>
    <s>ب- ئەگەر ناوكە مێى تاك بوو (ا) بەكار دەهێنرێ.</s>
    <s>پ- ئەگەر ناوەكە كۆ بوو نێر یا مێ {ێت- ێد- ێن} بەكاردەهێنرێ.</s>
    <s>ئامرازى دانە پال دەخرێتە نێوانیان ئەگەر هاوەڵناوى چۆنییەتى لە دواى ناوەكە یا جێناوەكە بێت.</s>
    <s>بەڵام ئەگەر هاوەڵناوى چۆنییەتى كەوتە پێش ناوەكە ئامرازى دانە پاڵى  پێویست نییە.</s>
    <s>هاوەڵناو ئەگەر بكەوێتە پێش ناو پێویستى بە ئامرازى پەیوەندى نییە.</s>
    <s>ڕاهێنانى (1)
لەم ڕستانەى خوارەوەدا هەر هاوەڵناوێكى چۆنییەتى هەیە دەریبهێنەو ئەركەكەى دیاربكە.</s>
    <s>1.</s>
    <s>پێ لە تەختەى چروك مەنێ.</s>
    <s>2.</s>
    <s>مە چاڤێن بەلەك دیتن.</s>
    <s>3.</s>
    <s>هەنار میوەیەكێ خۆشە.</s>
    <s>4.</s>
    <s>یارمەتیى مرۆڤى هەژار بدەن.</s>
    <s>5.</s>
    <s>پرچا بەفرینێ زەرە.</s>
    <s>6.</s>
    <s>ڕێزى مرۆڤى مەزن بگرن.</s>
    <s>7.</s>
    <s>شێركۆ كوڕەكى ئازایە.</s>
    <s>8.</s>
    <s>چیایێن كوردستانێ بلندن.</s>
    <s>9.</s>
    <s>ئێوەى تێكۆشەر سەردەكەون.</s>
    <s>ڕاهێنانى (2)
شەش ڕستە بهێنەرەوە، كە هاوەڵناوى چۆنییەتى تێدا بێت.</s>
    <s>سێیانیان دیارخەرى ناو بن، دووانیان دیارخەرى جێناو بن، یەكێكیان تەواوكەرى كارى ناتەواو بێت.</s>
    <s>ڕاهێنانى (3)
وەڵامى ڕاست هەڵبژێرە: 
1.</s>
    <s>دارستانێكى چڕ لە نزیك دێیەكەمان هەیە.</s>
    <s>(هاوەڵناوى چۆنى، ناو ، جێناو)
2.</s>
    <s>جوان پیشانگاكەى ڕازاندەوە.</s>
    <s>(جێناوە، هاوەڵناوى چۆنییە، ناوە)
3.</s>
    <s>ماسى گەورە لە تاڤگەدا ناگیرێ.</s>
    <s>(ناوە، هاوەڵناوى چۆنییە، جێناوە)
4.</s>
    <s>ئێوە هیواى دواڕۆژن.</s>
    <s>( هاوەڵناوى چۆنییە، ناوە، جێناوە)
5.</s>
    <s>ڕاگرتنى پاكوخاوێنیى شار ئەركێكى نیشتمانییە.</s>
    <s>(ناوە، هاوەڵناوى چۆنییە، جێناوە)




ڕاهێنانى (4)
ئەم ڕستانەى خوارەوە شلۆڤەبكە:
1.</s>
    <s>دراوى سپى بۆ ڕۆژى ڕەشە.</s>
    <s>2.</s>
    <s>سێوى باش بكڕە.</s>
    <s>3.</s>
    <s>دەستمالا نەسرینێ جوانە.</s>
</ch>