<?xml version="1.0" encoding="UTF-8"?>
<ch>
    <s>﻿

(وانەى بیستەم)
بـەركـار

1.</s>
    <s>پشیلەكە گۆشت دەخوات.</s>
    <s>2.</s>
    <s>دارا خشت دەبڕێت.</s>
    <s>3.</s>
    <s>فەرهاد نووسراوەكەى خوێندەوە.</s>
    <s>4.</s>
    <s>نازدار نێرگز دەڕوێنێت.</s>
    <s>خستنەڕوو:
ڕستە لە دوو بنچینەى سەرەكى پێكدێت كە یەكێكیان بكەرەو ئەویتریان كارە، هەرچى لەوان زیاتر بێت پێیدەوترێت (دیارخەر)‌و (تەواوكەر).</s>
    <s>دیارخەر بەشى ناو تەواودەكات، تەواوكەریش بەشى كار تەواودەكات.</s>
    <s>بەركار یەكێكە لە تەواوكەرەكانى كار.</s>
    <s>ئەگەر سەرنجى ڕستەكانى سەرەوە بدەین، دەبینین وشەى (پشیلەكە، دارا، فەرهاد، نازدار) هەر یەكەیان لەو شوێنەدا بكەرە، هەروەها وشەى (دەخوات، دەبڕێت، خوێندەوە، دەڕوێنێت) هەموویان كارن.</s>
    <s>لەم ڕستانەدا هەندێك وشەى دیكە دەمێننەوە، كە نە بكەرن‌و نە كارن، بەڵكو واتاى كارەكانیان تەواوكردووەو ئەركى كارەكانیشیان كەوتووەتە سەرو پێیاندەوترێت (بەركار)، ئەو وشانەش بە پێى ڕستەكانى سەرەوە لەم خاڵانەدا دەركەوتوون:
1.</s>
    <s>وشەى (گۆشت) واتاى (دەخوات)ى پێ تەواوكراوەو ئەركى كارەكەشى كەوتووەتە سەر، پێیدەوترێت (بەركار).</s>
    <s>2.</s>
    <s>وشەى (خشت) واتاى (دەبڕێت)ى پێ تەواوكراوەو ئەركى كارەكەشى كەوتووەتە سەر، پێیدەوترێت (بەركار).</s>
    <s>3.</s>
    <s>وشەى (نووسراوەكە) واتاى (خوێندەوە)ى پێ تەواوكراوەو ئەركى كارەكەشى كەوتووەتە سەر، پێیدەوترێت (بەركار).</s>
    <s>4.</s>
    <s>وشەى (نێرگز) واتاى (دەڕوێنێت)ى پێ تەواوكراوەو ئەركى كارەكەشى كەوتووتە سەر، پێیدەوترێت (بەركار).</s>
    <s>دەستور:

بەركار: وشەیەكە، كە لەرستەدا بەشى كار تەواو دەكات‌و ئەركى كارەكەشى دەكەوێتە سەرو هەمیشە لە ڕستەیەكدا هەیە كە كارەكەى تێپەڕ بێت.</s>
    <s>ڕاهێنانى (1)
بەركار لەم ڕستانەى خوارەوەدا دەربهێنە:
1.</s>
    <s>گوڵەكانم ئاودا.</s>
    <s>2.</s>
    <s>زەوییەكە ئاوەكە هەڵدەمژێت.</s>
    <s>3.</s>
    <s>كۆترەكەت فڕاند.</s>
    <s>4.</s>
    <s>ئەسپەكەمان بۆ نارد.</s>
    <s>5.</s>
    <s>خانووەكەیان بۆ ئازاد دانابوو.</s>
    <s>6.</s>
    <s>گورگەكەتان گرت؟
ڕاهێنانى (2)

ئەم وشانەى خوارەوە بە (بەركار) لە ڕستەدا بەكاربهێنە:
زەوى، جل، مەڕەكە، ئێوە، خۆمان، سێو، پوش، پەپولە، شیر.</s>
    <s>ڕاهێنانى (3)
ئـ - شیكردنەوە:
 هەنگ شیلەى گوڵ دەمژێت.</s>
    <s>هەنگ: ناوە، بكەرە.</s>
    <s>شیلە: ناوە، دیارخراوە.</s>
    <s>ى   : ئامرازى دانەپاڵە.</s>
    <s>گوڵ: ناوە، دیارخەرى ناوى (شیلە)یە.</s>
    <s>شیلەى گوڵ: گرێى ناوییە، بەركارە.</s>
    <s>دەمژێت: كارى ڕانەبردووە، تێپەڕە.</s>
    <s>ێت  : جێناوى لكاوە بۆ كەسى سێیەمى تاك، بۆ بكەر دەگەرێتەوە.</s>
    <s>ب- ئەم ڕستانە شلۆڤەبكە:
1.</s>
    <s>ئاسك گیا دەخوات.</s>
    <s>2.</s>
    <s>شێرەكەمان لە دارستانەكە بینى.</s>
</ch>