<?xml version="1.0" encoding="UTF-8"?>
<ch>
    <s>﻿
(وانەى هەژدەهەم)

گـرێى هاوەڵكارى

1-	ڕۆژى هەینى دەگەڕێینەوە.</s>
    <s>2-	لەنزیك قەڵا كاوەم دیت.</s>
    <s>3-	یاریزانەكە زۆر خێرا هات.</s>
    <s>خستنەڕوو:
ئەگەر سەیرى ڕستەكان بكەین، دەبینین هەر یەكێكیان گرێیەكى هاوەڵكارى تێدایە.</s>
    <s>1.</s>
    <s>لە ڕستەى ( ڕۆژى هەینى دەگەڕێینەوە)، (ڕۆژى هەینى)، گرێیەكى هاوەڵكارى كاتییە، چونكە كاتى ڕوودانى كارى ڕستەكە دەستنیشان دەكات، لە ڕووى دروستبوونەوە لە هەردوو ناوى (ڕۆژ) و (هەینى) بە یارمەتى ئامرازى دانەپاڵى (ى) پێكهاتووە، هەمووشیان بەسەر یەكەوە گرێیەكى هاوەڵكارى كاتییان دروستكردووە و بووەتە تەواوكەرى كارى ڕستەكە.</s>
    <s>2.</s>
    <s>لە ڕستەى (لەنزیك قەڵا كاوەم دیت)، (لەنزیك قەڵا)، گرێیەكى هاوەڵكارى شوێنییە، چونكە شوێنى ڕوودانى كارى ڕستەكە دیارى دەكات، لە ڕووى پێكهاتنەوە لە هاوەڵكارى (لەنزیك) و ناوى (قەڵا) دروستبووە، هەردووكیان بەیەكەوە گرێیەكى هاوەڵكارى شوێنییان دروستكردووە‌و بووەتە تەواوكەرى كارى ڕستەكە.</s>
    <s>3.</s>
    <s>لە ڕستەى (یاریزانەكە زۆر خێرا هات)، (زۆر خێرا) گرێیەكى هاوەڵكارى چۆنیەتییە، چونكە چۆنیەتى ڕوودانى كارى ڕستەكە دەخاتەڕوو.</s>
    <s>لە ڕووى دروستبوونەوە لە هەردوو هاوەڵكارى (زۆر) و (خێرا) پێكهاتووە، هەردووكیان بەیەكەوە گرێیەكى هاوەڵكارى چۆنیەتییان دروستكردووە، كەبووەتە تەواوكەرى كارى ڕستەكە.</s>
    <s>دەستور:

گرێى هاوەڵكارى: كۆمەڵێك پەیڤى بەسەر یەكەوەن، بە تەنیا واتاى تەواو نابەخشن، لە ڕستەدا لە ڕووى كاتى و شوێنى و چۆنیەتییەوە وەسفى ڕوودانى كارى ڕستەكە دەكەن و دەبنە تەواوكەرى كارەكە.</s>
    <s>ڕاهێنانى (1)
لەم ڕستانە گرێى هاوەڵكارى دەربهێنە و جۆرەكەیان دیاریبكە:
1.</s>
    <s>بەیانى زوو سوارى ئۆتومبێل دەبن.</s>
    <s>2.</s>
    <s>ئێمە لەناودۆڵەكە دانیشتین.</s>
    <s>3.</s>
    <s>لەمانگى جۆزەرداندا تاقیكردنەوە دەستپێدەكات.</s>
    <s>4.</s>
    <s>بایەكە كەمێك توند هەڵیكرد.</s>
    <s>5.</s>
    <s>بە كاتژمێرو نیوێك دەگەینە كەركوك.</s>
    <s>6.</s>
    <s>منداڵەكە لەسەر كورسییەكە دانیشتووە.</s>
    <s>ڕاهێنانى (2)

ئەم بۆشاییانە بە گرێى هاوەڵكارى پڕ بكەرەوە:
1.</s>
    <s>............ سەفەر مەكە.</s>
    <s>2.</s>
    <s>دارا ............ نووستووە.</s>
    <s>3.</s>
    <s>ئەو ئەسپەم ............ كڕى.</s>
    <s>4.</s>
    <s>............  بەهار دێت.</s>
    <s>5.</s>
    <s>............ دامەنیشە.</s>
    <s>ڕاهێنانى (3)

ئەم ڕستانە شلۆڤەبكە:
1.</s>
    <s>هەڵۆكە لەسەر بەردەكەوە نیشتبووەوە.</s>
    <s>2.</s>
    <s>باران گەلێك بەخوڕ دەبارێت.</s>
    <s>3.</s>
    <s>هەفتەى پێشوو ڕۆمانەكەمان خوێندەوە.</s>
</ch>