<?xml version="1.0" encoding="UTF-8"?>
<ch>
    <s>﻿
(وانەى سێزدەهەم)
جــیـاوازى 
هاوەڵناوى نیشانەو جێناوى نیشانە
ئـ/
1.</s>
    <s>ئەم قوتابییە هۆنراوەكەى ئەزبەركردووە.</s>
    <s>2.</s>
    <s>ئەڤ  ڕەزە یێ مەیە.</s>
    <s>3.</s>
    <s>ئەو نەمامانە بچێنە.</s>
    <s>4.</s>
    <s>ڤێ زەڤیێَ بەرهەمەك باش هەیە.</s>
    <s>5.</s>
    <s>ئەڤان گولان بچینە.</s>
    <s>6.</s>
    <s>وى ڕەزڤانى ڕەزێ خۆ فرۆت.</s>
    <s>7.</s>
    <s>ڤێ قوتابیێ وانە باش خاند.</s>
    <s>ب/
1.</s>
    <s>ئەمە كتێبەكەى هێنا.</s>
    <s>2.</s>
    <s>ئەوانە كارەكەیان تەواوكرد.</s>
    <s>3.</s>
    <s>ئەڤە بوو شەڤێ دى هاتە مالا وە.</s>
    <s>4.</s>
    <s>ڤى گول چاندییە.</s>
    <s>5.</s>
    <s>ڤێ كراسەك كڕ ییە.</s>
    <s>6.</s>
    <s>ئەڤان پارە وەرگرت.</s>
    <s>7.</s>
    <s>وان فراڤین خواردبوو.</s>
    <s>خستنەڕوو:
ئـ- پێشتر زانیمان، كە هاوەڵناوى نیشانە وشەیەكە ناوێك دەستنیشان دەكات و وەك سیفەتێك دەبێتە دیارخەرى ناوەكە.</s>
    <s>ئەمجا ئەگەر سەیرى ڕستەكانى بەشى (ئـ)  بكەین، دەبینین كە هاوەڵناوى نیشانە (ئەم...ە، ئەڤ ... ە، ئەو... ە، ڤێ... ێ، وى... ى، ئەڤان... ان ).</s>
    <s>هەر یەكەیان ناوێكى دەستنیشان كردووەو بووەتە دیارخەرى ناوەكە.</s>
    <s>ناوە دیارخراوەكە (دەستنیشان كراو) كەوتۆتە نێوان هەردوو كەرتى هاوەڵناوى نیشانە.</s>
    <s>ب-  لەمەو پێش زانیمان، كە جێناوى نیشانە وشەیەكە جێى ناوێك دەگرێت‌و ناوەكەش دەستنیشان دەكات.</s>
    <s>ئینجا ئەگەر سەیرى ڕستەكانى بەشى (ب) بكەین، دەبینین جێناوى نیشانە (ئەمە، ئەوانە، ئەڤە، ئەڤە، ڤى، ڤێ، ئەڤان، وان) هەر یەكەیان جێى ناوێكى گرتووەو لەبرى ئەو بەكارهاتووەو دەستنیشانی كردووە.</s>
    <s>دەستور:
جیاكردنەوەى هاوەڵناوى نیشانەو جێناوى نیشانە لە یەكترى بەم شێوە دەبێت.</s>
    <s>1.</s>
    <s>هاوەڵناوى نیشانە وشەیەكە دوو كەرتە، ناوێك دەكەوێتە نێوانیان، بەڵام جێناوى نیشانە وشەیەكە شوێنى ناوێك دەگرێتەوە.</s>
    <s>2.</s>
    <s>ناوى دەستنیشانكراو لە هاوەڵناوى نیشانە باسدەكرێت‌و دەكەوێتە نێوان هەردوو كەرتییەوە، بەڵام لە جێناوى نیشانەدا ناوى دەست نیشانكراو باس ناكرێت.</s>
    <s>3.</s>
    <s>هاوەڵناوى نیشانە لە پاڵ ناوێك دێت‌و  دەبێتە دیارخەرى، بەڵام جێناوى نیشانە جێى ناوێك دەگرێت‌و لە بڕى ئەو بەكاردێت.</s>
    <s>ڕاهێنانى (1)
لەم ڕستانەدا هاوەڵناوى نیشانەو جێناوى نیشانە دیاربخە.</s>
    <s>1.</s>
    <s>ئەڤە وارێ مەیە.</s>
    <s>2.</s>
    <s>ئەم كتێبەم خوێندووەتەوە.</s>
    <s>3.</s>
    <s>ئەوانە مێوانەكانن.</s>
    <s>4.</s>
    <s>ڤى خەباتكەرى خەلات بكە.</s>
    <s>5.</s>
    <s>كولیكێن ناڤ  وان ڕەزا، جانن.</s>
    <s>6.</s>
    <s>كەى ئەمە تەواو دەكەیت؟
7.</s>
    <s>ڤان شڤانان پەزێ خۆ ئاڤدا.</s>
    <s>8.</s>
    <s>ڤێ زەڤى فرۆتییە.</s>
    <s>ڕاهێنانى (2)

ئەم وشانە لە ڕستەدا بەكاربهێنە بە مەرجێك جارێك هاوەڵناوى نیشانەبن‌و جارێك جێناوى نیشانە بن.</s>
    <s>( وى، وان، ڤان، وێ، ڤى)


ڕاهێنانى (3)
چۆن هاوەڵناوى نیشانە لە جێناوى نیشانە جیادەكەیتەوە؟ بە نمونە ڕوونى بكەوە.</s>
    <s>ڕاهێنانى (4)
ئەم ڕستانەى خوارەوە شلۆڤەبكە:
1.</s>
    <s>وێ پەرتوكێ بكڕە.</s>
    <s>2.</s>
    <s>ئەوە كاغەزەكەى هێنا.</s>
    <s>3.</s>
    <s>ئەڤان چیرۆكنڤیسان چیرۆك نڤیسى.</s>
    <s>4.</s>
    <s>ئەوانە بۆ من دابنێ.</s>
</ch>