<?xml version="1.0" encoding="UTF-8"?>
<ch>
    <s>﻿
 (وانەى یازدەهەم)
هـاوەڵـناوى نـیشانە
ئـ-

1.</s>
    <s>ئەم گوڵە جوانە.</s>
    <s>2.</s>
    <s>ئەو گوڵە جوانە.</s>
    <s>3.</s>
    <s>ئەم دارانە بەرزن.</s>
    <s>4.</s>
    <s>ئەو دارانە بەرزن.</s>
    <s>5.</s>
    <s>ئەڤ  كوڕەیێ زیرەكە.</s>
    <s>6.</s>
    <s>ڤى خورتى سەرێ مە بلندكر.</s>
    <s>7.</s>
    <s>ڤێ كچێ هۆزانەك ڤەهاند.</s>
    <s>8.</s>
    <s>وى جامێرى هاریكاریا مە كر.</s>
    <s>9.</s>
    <s>وێ گۆتنێ دلێ مە خۆشكر.</s>
    <s>10.</s>
    <s>ئەڤان مرۆڤان نان خار.</s>
    <s>11.</s>
    <s>وان جوتیاران زەڤیێن خۆ كێلان.</s>
    <s>ب-
1.</s>
    <s>ئەم دێیە گەورەیە.</s>
    <s>2.</s>
    <s>ئەو دێیانە گەورەن.</s>
    <s>3.</s>
    <s>ئەم كەیبانووە خاوێنە.</s>
    <s>4.</s>
    <s>ئەو كەیبانووانە خاوێنن.</s>
    <s>خستنەڕوو:
ئـ- كاتێ سەیرى ڕستەكان دەكەین، دەبینین وشەكانى (ئەم...ە، ئەو... ە، ئەڤ ... ە ، ڤى ... ى، ڤێ ... ێ، وى... ى، 
وێ... ێ، ئەڤان... ان، وان ...ان) هەموویان هاوەڵناوى نیشانەن، چونكە هەریەكەیان وەسفى ناوێكى كردووە، بەهۆى دەستنیشانكردنەوە لە هاوچەشنەكانى خۆیدا جیایكردووەتەوە.</s>
    <s>1.</s>
    <s>لە ڕستەى یەكەمدا هاوەڵناوى نیشانەى (ئەم... ە) بۆ نزیك بەكاردێت، وشەى (گوڵ)ى دەستنیشانكردووە، وەكو سیفەتێك توانیویەتى لە هاوچەشنەكانى خۆیدا جیاى بكاتەوەو بووەتە دیارخەرى ناوى (گوڵ).</s>
    <s>2.</s>
    <s>لە ڕستەى دووەمدا هاوەڵناوى نیشانەى (ئەو...ە) بۆ دوور بەكاردێت، وشەى (گوڵ)ى دەستنیشانكردووە، وەكو سیفەتێك توانیویەتى لە هاوچەشنەكانى خۆیدا جیاى بكاتەوەو بووەتە دیارخەرى ناوى (گوڵ).</s>
    <s>3.</s>
    <s>لە ڕستەى سێیەمدا هاوەڵناوى نیشانەى (ئەم... ە ) بۆ نزیك بەكاردێت‌و وشەى (داران)ى دەستنیشانكردووە، وەكو سیفەتێك توانیویەتى لە هاوچەشنەكانى خۆیدا جیاى بكاتەوەو بووەتە دیارخەرى ناوى (داران).</s>
    <s>4.</s>
    <s>لە ڕستەى چوارەمدا هاوەڵناوى نیشانەى (ئەو... ە) بۆ دوور بەكاردێت‌و وشەى (داران)ى دەستنیشانكردووە، وەكو سیفەتێك توانیویەتى لە هاوچەشنەكانى خۆیدا جیاى بكاتەوەو بووەتە دیارخەرى ناوى (داران).</s>
    <s>5.</s>
    <s>لە ڕستەى پێنجەمدا هاوەڵناوى نیشانەى (ئەڤ ... ە ) بۆ نزیك بەكاردێت، وشەى (كوڕ)ى دەستنیشانكردووە، وەكو سیفەتێك توانیویەتى لە هاوچەشنەكانى خۆى جیاى بكاتەوەو بووەتە دیارخەرى ناوى (كوڕ).</s>
    <s>6.</s>
    <s>لە ڕستەى شەشەمدا هاوەڵناوى نیشانەى (ڤى... ى) بۆ ناوى نێرى تاكى نزیك بەكاردێت‌و وشەى (خورت)ى دەستنیشانكردووە، وەكو سیفەتێك توانیویەتى لە هاوچەشنەكانى خۆیدا جیاى بكاتەوەو بووەتە دیارخەرى ناوى (خورت).</s>
    <s>7.</s>
    <s>لە ڕستەى حەوتەمدا هاوەڵناوى نیشانەى (ڤێ... ێ) بۆ ناوى 
مێی تاكى نزیك بەكاردێت، وشەى (كچ)ى دەستنیشانكردووە، وەكو سیفەتێك توانیویەتى لە هاوچەشنەكانى خۆیدا جیاى بكاتەوەو بووەتە دیارخەرى ناوى (كچ).</s>
    <s>8.</s>
    <s>لە ڕستەى هەشتەمدا هاوەڵناوى نیشانەى (وى... ى) بۆ ناوى نێرى تاكى دوور بەكاردێت.</s>
    <s>وشەى (جامێر)ى دەستنیشانكردووە، وەكو سیفەتێك توانیویەتى لەناو هاوچەشنەكانى خۆیدا جیاى بكاتەوەو بووەتە دیارخەرى ناوى (جامێر).</s>
    <s>9.</s>
    <s>لە ڕستەى نۆیەمدا هاوەڵناوى نیشانەى (وێ... ێ ) بۆ ناوى مێی تاكى دوور بەكاردێت، وشەى (گۆتن)ى دەستنیشانكردووە، وەكو سیفەتێك توانیویەتى لەناو هاوچەشنەكانى خۆیدا، جیاى بكاتەوەو بووەتە دیارخەرى وشەى (گۆتن).</s>
    <s>10.</s>
    <s>لە ڕستەى دەیەمدا هاوەڵناوى نیشانەى (ئەڤان... ان ) بۆ ناوى نێرو مێى كۆى نزیك بەكاردێت، وشەى (مرۆڤ)ى دەستنیشانكردووە وەكو سیفەتێك توانیویەتى لە هاوچەشنەكانى خۆیدا جیاى بكاتەوەو بووەتە دیارخەرى ناوى (مرۆڤ).</s>
    <s>11.</s>
    <s>لە ڕستەى یازدەهەمدا هاوەڵناوى نیشانەى (وان... ان) بۆ ناوى نێرو مێ ى كۆى دوور بەكاردێت.</s>
    <s>وشەى (جوتیار)ى دەستنیشانكردووە، وەكو سیفەتێك توانیویەتى لەناو هاوچەشنەكانى خۆیدا جیاى بكاتەوەو بووەتە دیارخەرى ناوى (جوتیار).</s>
    <s>ب-  لە ڕستەكانى (ب)دا وشەكانى (دێ، كەیبانوو) دوو ناون بە پیتى بزوێنى (ێ، وو ) كۆتاییان هاتووە، هەروەها هاوەڵناوى نیشانەكەش (ئەم... ە ) و (ئەو... ە ) بە پیتى بزوێنى (ە) كۆتایى هاتووە، بۆ ئەوەى دوو بزوێن بە دواى یەكدا نەیەن، ئەوا ناوبەندى گونجاو دەخەینە نێوانیانەوە، ئەو كاتە بەپێى مەبەست بەكاریان دێنین:
( ئەم + دێ +  یـ + ە )
( ئەو + كەیبانوو + و+ ە )


دەستور:
هاوەڵناوى نیشانە: ئەو هاوەڵناوەیە كە وەسفى ناوێك دەكات‌و بە ئاسانى لە هاوچەشنەكانى خۆى جیاى دەكاتەوەو دەبێتە دیارخەرى ناوەكە،  هەمیشە ناوە دەستنیشانكراوەكە دەكەوێتە نێوان هەردوو بەشى هاوەڵناوەكەوە.</s>
    <s>هاوەڵناوەكانى نیشانە لە زمانى كوردیدا ئەمانەن:
1.</s>
    <s>ئەم .... ە	2.</s>
    <s>ئەو... ە	3.</s>
    <s>ئەڤ ... ە
4.</s>
    <s>ڤى... ى	5.</s>
    <s>ڤێ ... ێ	6.</s>
    <s>وى ... ى
7.</s>
    <s>وێ... ێ	8.</s>
    <s>ئەڤان... ان	9.</s>
    <s>وان ... ان


                              هاوەڵناو
                                  
   












ڕاهێنانى (1)
نمونە:
1.</s>
    <s>منداڵ (هەژار).</s>
    <s>ئەم منداڵە هەژارە پێویستى بە یارمەتى هەیە.</s>
    <s>2.</s>
    <s>دۆ (شیرین).</s>
    <s>ئەم دۆیە زۆر شیرینە.</s>
    <s>ئەمانەى خوارەوە لەگەڵ هاوەڵناوى نیشانە لە ڕستەدا بەكاربهێنە:
{ دەرگا (پان)، پەنیر (بەتام)، ئاو (سارد)، دەریا (قووڵ)، ئاگر (خۆش)، درەخت (بەرز)، بەڕوو (شیرین)، پیاو (ئازا)، 
كەو (گەردن بە خاڵ)}

ڕاهێنانى (2)
لەم ڕستانەى خوارەوەدا هاوەڵناوى نیشانە دەربهێنە:
1.</s>
    <s>ئەو گۆڤارانە بهێنە.</s>
    <s>2.</s>
    <s>ڤێ دەفتەرێ بكڕە.</s>
    <s>3.</s>
    <s>ئەم نەمامەم چاندووە.</s>
    <s>4.</s>
    <s>وى هەڤالى فراڤین خار.</s>
    <s>ڕاهێنانى (3)


ئەم هاوەڵناوە نیشانانەى خوارەوە لە ڕستەدا بەكاربهێنە:
(وان... ان، ئەڤان ...ان، وێ... ێ، ئەم...ە، ئەو... ە )


ڕاهێنانى (4)
ئەم ڕستانەشلۆڤەبكە:
1.</s>
    <s>ئەم خانووە خۆشە.</s>
    <s>2.</s>
    <s>ئەو وێنانە ڕەنگدەكەم.</s>
    <s>3.</s>
    <s>وێ كابانێ مالەكا مەزن بڕێڤەبر.</s>
</ch>