<?xml version="1.0" encoding="UTF-8"?>
<ch>
   <s>﻿

بەشى ئەدەب

1.</s>
   <s>موفتى پێنجوینى
2.</s>
   <s>مارف بەرزنجى
3.</s>
   <s>قەدرى جان
4.</s>
   <s>بێكەس
5.</s>
   <s>ئەمین زەكى بەگ
6.</s>
   <s>ئەسیرى
7.</s>
   <s>دڵدار
8.</s>
   <s>ساڵح یوسفى
9.</s>
   <s>دكتور كامیران بەدرخان
10.</s>
   <s>كاردۆخى
11.</s>
   <s>سادق بەهائەدین
12.</s>
   <s>سوارەى ئێلخانى زادە
13.</s>
   <s>ئەحمەد دڵزار

 
موفتى پێنجوینى
1881-1952ز

ناوى مەلا )عەبدوڵڵا كەریم(ە، لە ساڵى (1881)ز لەدێى بێستانە لە ناوچەى پێنجوین لەدایكبووە، لە تەمەنى منداڵیدا چووەتە بەر خوێندنى حوجرە، لەسەرەتادا لاى باوكى خوێندوویەتى، ئینجا بەدواى خوێندندا كەوتۆتە گەڕان بەناو شارەكانى كوردستاندا وەك: (پێنجوین، مەریوان، بانە، سەقز، بۆكان، مەهاباد، سەراو، سەروچاوە، بیارە).</s>
   <s>لە كاتێكدا كە دوا قۆناغى خوێندنى لە بیارە دەبێت، بەهۆى زیرەكى‌و قسەڕەوانییەوە، مەلاى گەورەى ئەو كاتەى بیارە مامۆستا (مەلا عەبدولقادر) نازناوى موفتى پێبەخشیوە، چونكە هەر لەو كاتەدا موفتى شارى سنە ناوى (مەلا عەبدوڵڵاى موفتى) بوو ئەمیش بەهەمان یادەوە ئەم نازناوەى پێ دەبەخشرێ.</s>
   <s>لە ساڵى (1946)ز كە كۆمارى كوردستان لە مەهاباد دامەزرا، هەر چەندە نەخۆش بوو، بەڵام خۆشەویستى ئەم سەربەخۆییەى كۆمارى كوردستان، گەیاندییە ناو جەرگەى ئەم كۆمارە، تا بە چاوى خۆى ئاواتى چەند ساڵەى ببینێت، لەوێ چەند پارچە هۆنراوەى بۆ كۆمارى كوردستان نووسیوەو لە گۆڤارى (هەڵاڵە) بڵاوی كردۆتەوە.</s>
   <s>لە ڕۆژى 15/6/1952ز كۆچى دواییكردووەو لە گۆڕستانى (حاجى شێخ)دا لە پێنجوین بەخاك سپێردراوە.</s>
   <s>موفتى لە كاتێكدا ئەو دیمەنە جوانانەى كوردستانى دیوەو بەناو گوڵ‌و گوڵستانەكاندا گەڕاوە‌و ئیلهامى شیعری پێبەخشیوە.</s>
   <s>هۆنراوەى موفتى، زادەى بیرێكى خۆماڵى‌و ئێش‌و ئازارى تێكڕاى نەتەوەكەى بووە.</s>
   <s>چاوى لە ئاسۆى ڕزگارى كوردو پێشكەوتنى بارى ژیان‌و دۆخى كۆمەڵایەتى كوردستان بوو.</s>
   <s>وەكو نیشتمانپەروەرێك بڕواى بە ڕاپەرین‌و سەركەوتنى گەلەكەى بووە.</s>
   <s>لە هۆنراوەكانیدا هانى ئیشكردنى داوە، جوتیار‌و ڕەنجبەرانى كوردى لاواندووەتەوە، بە گژ زۆرداراندا چووە، ڕەخنەى لە دەرەبەگایەتى گرتووە.</s>
   <s>لە بوارى بڕوابوون بە سەربەستى‌و تواناى ئافرەت‌و هێنانە كۆڕى ئیشكردنى سیاسى‌و پشت بەستن بە تواناى ئافرەت، هەمیشە ئافرەتى بۆ ئیشكردن‌و باوەڕ بە خۆكردن هانداوە، سەربەستى ئافرەتى بە بەردى بناغەى گۆڕانكارى كۆمەڵ داناوە، لە ڕووى ڕوخسارەوە هۆنراوەكانى سادەو ڕەوان‌و بێ گرێن، خوێندەوارو نەخوێندەوار تێیدەگەن.</s>
   <s>لە ساڵى (1959)ز بەشێك لە هۆنراوەكانى بەناوى (سۆزى نیشتمان) چاپكراوە.</s>
   <s>لە ساڵى (1990)ز سەرجەم هۆنراوەكانى بەناوى (دیوانى موفتى پێنجوینى) چاپكراوە.</s>
   <s>ئەمەش نمونەیەكە لە هۆنراوەكانى:

 
گــەورەیەك

گەورەیەك بۆ كەس نەبێ سێبەرى
			خۆم بۆ بگێڕم لە دەورى سەرى؟
بە وشكى بۆچى ببمە مەیتەرى
			وەختێ دەركەوێ هەستم لەبەرى
هەر خۆى دایما هەوڵى ژیانى بێ
			یاخوا ئەو گەورە بەشى نەمان بێ
گەورەیەك چاوى لە فەقیر نەبێ
			دەربەست ژیانى جوان‌و پیر نەبێ
مێمل بە ماڵ‌و دوژمن بە جان بێ
			یاخوا ئەو گەورە بەشى نەمان بێ
گەورەیەك ساتێ لەژێر دەستى ئەو
			ئارامم نەبێ بێ خۆراك‌و خەو
پاسەوانى بم بە ڕۆژو بە شەو
			جوێن‌و شەقیش بێ بەراتەكەى ئەو
ئەگەر شۆرەتى وەك سلێمان بێ
			یاخوا ئەو گەورە بەشى نەمان بێ

					   (سێ دێر بۆ ئەزبەركردنە)
 

ڕاڤەكردنى پەیڤەكان
    پەیڤ                             واتاكەى

مەیتەر	:	ئەو كەسەى وڵاخ بەخێودەكات
شۆرەت	:	ناوبانگ
مێمل	:	دوژمنى مەرگبڕى شت
جان	:	گیان
ساتێ	:	كاتێ، گاڤەكى
سلێمان	:	مەبەستى (سلێمان) پێغەمبەرە
بەراتەكەى ئەو	:	چاكەى ئەو، خەلاتا وى
دەربەست نەبێ	:	بە تەنگییەوە نەبێ، گوهێ خۆ پێنەدات
جوان	:	لاو، جحێل، گەنج
ئارامم نەبێ	:	سەبرم نەبێ، سرەوتم نەبێ

 

مارف بەرزنجى
1921-1963ز

ناوى (مارف عەبدولكەریم)ە، لە بنەماڵەى شێخ حەسەنى (قەرە چێوارین)ە.</s>
   <s>لە مانگى شوباتى (1921)ز لە دێى قادركەرەم لەدایكبووە، لە تەمەنى منداڵیدا چووەتە قوتابخانە، پۆلى چوارەمى سەرەتایى لە قادركەرەم خوێندووە، پاشان هاتۆتە كەركوك، خوێندنى سەرەتایى‌و ناوەندى‌و ئامادەیى لە كەركوك تەواوكردووە، لە ساڵى خوێندنى (1944- 1945)ز لە كۆلیجى ماف وەرگیراوەو لە ساڵى (1948)ز تەواویكردووە‌و بووە بە پارێزەر.</s>
   <s>تێكۆشەرێكى ئازاو فیداكارو لەخۆبردوو بوو، لە زۆربەى ڕاپەڕین‌و خۆپیشدانەكانى ساڵانى (1948- 1952- 1956)ز بەشداریكردووە.</s>
   <s>لە ماوەى ژیانیدا دووچارى دەربەدەرى‌و گرتن بووە.</s>
   <s>لەدواى شۆڕشى چواردەى تەمووزى (1958)ز بە سكرتێرى ئاشتیخوازانى شارى كەركوك هەڵبژێردراوە.</s>
   <s>لەسەر داخوازى جەماوەر بە سەرۆكى شارەوانى شارى كەركوك دامەزرێنرا، پاش مانگ‌و نیوێك بەهۆى ئاژاوەو هەراكەى كەركوكەوە لە ساڵى (1959)ز كە لە ڕۆژى ئاهەنگى یادى یەكەمى شۆڕشى چواردەى تەموزەوە ڕوویدا، گیراو درا بە دادگاى عورفى‌و بڕیارى لەسێدارەدانى بۆ دەرچوو.</s>
   <s>دواى كۆدەتاى هەشتى شوباتى(1963)ز، لە ڕۆژى 23/6/1963ز لە سێدارەدراو گیانى بەخاك سپارد.</s>
   <s>بەرهەمە ئەدەبییەكانى شێخ مارفى شاعیرو نووسەرو ڕۆژنامەنووس بریتین لەمانە:
1.</s>
   <s>هۆنراوە: وەك شاعیرێكى ناسراو لە سەردەمى دەرچوونى گۆڤارى (هیوا، شەفەق، ڕووناهى)و دواتریش ڕۆژنامەى (ئازادى) دەركەوتووەو هۆنراوەكانى بڵاوكردووتەوە.</s>
   <s>2.</s>
   <s>وتار: دوو جۆرە وتارى نووسیوە:
ئـ- وتار لەسەر ئاشتى‌و دیموكراسى.</s>
   <s>ب- وتارى ڕەخنەیی‌و لێكۆڵینەوەى ئەدەبى: ڕەخنەگرێكى هەڵكەوتوو بوو، كۆمەڵێك وتارى ڕەخنەیى و لێكۆلینەوەى ئەدەبى نووسیوەو لە گۆڤارو ڕۆژنامە كوردییەكان بڵاویكردووتەوە.</s>
   <s>3.</s>
   <s>چیرۆك: چیرۆكنووسێكى بە توانابووە، چەند كورتە چیرۆكى نووسیوە، وەك: (ئاوازو كەباب، گاى پیرۆز، شەتڵ، جەژنێكى شادى، نامەى سەرسنور، سەر لەبەیانى نەورۆزێك).</s>
   <s>شێخ مارف ڕوناكبیرێكى چالاكى سەردەمەكەى بوو، زمانى عەرەبى‌و توركى‌و ئینگلیزى زانیوە، گەلێك بابەتى ئەدەبى‌و كۆمەڵایەتى‌و سیاسى وەرگێڕاوەتە سەر زمانى كوردى.</s>
   <s>لە مەیدانى ڕۆژنامەگەریدا وەك ڕۆژنامەنووسێكى شارەزا ئەندامى دەستەى نووسەرانى گۆڤارى شەفەق بوو.</s>
   <s>شێخ مارف بەرهەمەكانى بەناوى (پشكۆ) یان (شوان) بڵاوكردووەتەوە.</s>
   <s>لە ساڵى (1993)ز بەرهەمەكانى كۆكراونەتەوەو لە كتێبێكدا چاپكراون بەناوى (سەرجەمى بەرهەمەكانى مارف بەرزنجیى شەهید)
 

ئـەلـف‌و یـێ
لە ئەلفەوە تا یێ، هەموو شتێكى لێپێك دێ، نامانەوێ هەر بە وتن بێ بەڵكو كردارمان ئەوێ، لەم دەرگایەوە لە گیروگرفتى گوزەرانى ژیانمان دەدوێین:
ئا- ئاو: كەمایەى ژیانە گەلێ جار ئەبێ بەهۆى زیان، وەك لافاو، ئەڵێن دەریاى دەستكردمان بۆ دروست ئەكەن، یەك لە دەربەندیخان، ئەوى تری لە دوكان.</s>
   <s>وڵاتەكەمان ئەمەى كەم بوو بۆ سەیران‌و ڕابواردن، بەڵام بەراوە خواكردەكانى شارەزوورو بتوێن‌و ڕانیەمان ڕۆ.</s>
   <s>دیارە بوون بێ چوون نابێ.</s>
   <s>كە دەریامان بوێ ئەبێ بەراومان بچێ.</s>
   <s>جا بڕوانە ئاوى چاوى خاوەن بەراوەكان كە ڕوویان ئەكا بە بەراو، داخەكەم ئاوەكە سوێرە، ئەترسم شەكرى كارخانە دەس پێ نەكراوەكەى شارەزووریش بەر ئاو بكەوێ.</s>
   <s>ئاگر: كە ئاومان وت ئەبێ ئاگریش بڵێین، یادى بەخێر ئاگرى خەڵووزو گڕى داربەڕوو بەهەرزان‌و بە ئاسان دەستمان ئەكەوێ، بەڵام ئێستا عەلادینمان لێ بووە بە چراى عەلادین، ڕووى بەفر سپى بێ ئەگینا چەقەى ددان وەك تەقەى دەنووكى لەقلەقى بەهار وا ئەبوو.</s>
   <s>وابزانم بەفر هەر بەشى كوردستانى ئێرانمان ئەكا.</s>
   <s>وەك بووبێ بە كفنى كەس‌و كارە لەناو چووەكانمان بەدەس بوومەلەرزەو سەرماوە.</s>
   <s>ئاسایش: كە ئاوو ئاگر هەبوو پێویستى ئاسایشین، بێ ئەم، ئاگر ئەبێ بە ئاگرى ژیان، ئاویش بەروبوومى ڕەنج‌و كردارى هەمووان ئەبا.</s>
   <s>لە خۆرهەڵاتەوە تا خۆر ئاوا ئەڵێن ئاسایش.</s>
   <s>كوردیش ئەڵێ: (شەڕ مەكەن‌و بێ داواش دامەنیشن).</s>
   <s>ب- بێ: ئەگەر بۆم بێ، یا بۆم بهاتایە وانە ئەبووم، زۆر كەس وا ئەڵێ، بابا گوڕ گوڕ یاخوا هەر گڕ بێ‌و گوڕەى بێ، نەوتەكەى خوێنى گەشى ژیانمانە بینایى چاومانە، بێ ئەو دنیامان تاریك‌و ماڵمان وێرانە.</s>
   <s>برادەر: زۆرترین برادەرى ئەمرۆ هەر زمانییە، تا لەڕووبن برادەرن، پاشملەى یەكترى شتى ترن، یا هەر برادەرى پۆكەرن، خۆزگە بێ درۆو دوو ڕوویى، لەسەر بناغەیەكى ڕاستى‌و پاك برادەرایەتیمان پێك ئەهێنا، ئەوسا ئەماندى برادەر لە برا باشترە.</s>
   <s>ت-ترس: خەریك بووم بنووسم ترس باش نییە، بەڵام چاك بوو زوو دەستم گرتەوەو بیرمكەوتەوە، كە دەردى ئێمە نەترسانە ترسان نییە.</s>
   <s>خوانە خواستە ناڵێم نەترسانەكەمان لەسەرچاوەیەكى ئازایەتییەوە هاتووە، بەڵكو نەترسانەكەمان مناڵانەیە، گەلێ جار ئەگاتە ڕادەیەك لەوانەیە ناوونیشان‌و شوێن‌و شێوەمان لەناو بچێت‌و بسڕێتەوەو گەلێكمان لەبەر پێنەزانین پێچاكە.</s>
   <s>بۆیە ئەمەوێت بڵێم: برا گەل بترسن، ترسان زۆر كەڵكى هەیە.</s>
   <s>ئەگەر ترس نەبێ قوتابى كۆشش ناكاو لە تاقیكردنەوەدا سەرناكەوێ، هەروەها لە ترسى برسێتى نەبێ كەس فرمان ناكا، میللەتێكیش لە نەمان‌و لەناوچوونى خۆى نەترسێ، ناكەوێتە هەوڵى خۆپاراستن‌و بەهێزبوون‌و پێشكەوتن، لە هەموو كەس زۆرتر كورد ئەبێ بترسێ، پێویستە لە هەموو خشەیەك ڕاچڵەكێت، چونكە ماران گازە.</s>
   <s>ح- حكوومەت: وەكو (ژان ژاك ڕۆسۆ) ئەڵێ: ئەو دەسگایەیە كە دەڵێن لە سەرەتادا خەڵك بە ئارەزووى خۆیان بۆ پارێزگاریكردنى ژیان‌و ماڵ‌و سەربەستییان دایان مەزراندووە، كەچى لە پاشاندا ئەو بە ئارەزووى خۆى لە گەلێ شوێندا خەڵك لێ ئەخوڕێ.</s>
   <s>لە ڕاستیدا ئەبێ هەموو ئامانج‌و تێكۆشانى حكوومەت بۆ كامەرانى‌و خۆش گوزەرانیى خەڵك بێ‌و بەیەك چاو سەیرى هەمووان بكا.</s>
   <s>كە ئەو ئامانجەى لەبیر كردوو بوو بە بەردى سەر ڕێگاى پێشكەوتنى خەڵك‌و دڕك‌و ئازار بۆ ژیانیان، وەیا چینێك بۆ چینێ چەوسانەوە، ئەوسا شایانى ئەوەیە ئەو دەسەڵاتەى لێ بستێنرێتەوەو بدرێ بە دەستەیەكى ڕاست‌و دڵسۆزتر بۆ خەڵك.</s>
   <s>د- دەردو دەرمان‌و دەستى بێگانە: خەواڵووى وامان هەن هێشتا خەو بەوەوە ئەبینن كە لەناكاوا بێگانە بێ دەردى گەورەمان تیماربكا، كورد ئەڵێ: (دەستى بێگانە هەر بۆ مار گرتن باشە).</s>
   <s>وە هەر كەسێك دەستى بۆ دەمى خۆى نەباو هەر كەسێكیش بە هیواى كاسەى ماڵ هاوسێ بێ، بەبێ شێو سەر ئەنێتەوە.</s>
   <s>كەوابوو هەر ئەبێ بە هیواى دەستى خۆمان بین بۆ تیمارى برینەكانمان، بەڵام كوا ئەو دەستە دڵسۆزە بەهێزە نە لەرزۆكە تا لە دەستە گۆج‌و لەرزۆك‌و چەپەڵەكان ڕزگارمان كا؟
ڕ- ڕێگا: هەموو شتێك ڕێگاى هەیە، كەون، ئاسمان، ژیان، زانست، سیاسەت، جەنگ، ئاشتى، ڕۆژنامەچێتى، ڕزگارى، ئەمانە هەموو لەسەر دەستوورى تایبەتى بەندەو بۆ دۆزینەوەو لێگەیشتن‌و پێگەیشتنى ڕێگاى تایبەتیى خۆى هەیە.</s>
   <s>ئادەمیزاد بەپێى پێویستى‌و داماوى خۆى لەگەڵ شوێن‌و كات‌و پلەى پێشكەوتنیا ئەم ڕێگایانە یەك لەدواى یەك ئەدۆزێتەوە بۆ كامەرانى خۆى، بەڵام ئەو ڕێگایەى ئادەمیزاد بڕیویەتى لە پێناوى ڕێگا دۆزینەوەدا زۆر دوورو سەختە، بەناو لافاوى خوێن‌و عارەقا، بەسەر بەر دەبازى ملیۆنەها كەللەى مرۆڤى لە پێناو چوودا، گەیشتۆتە ئەمڕۆمان.</s>
   <s>بۆ دۆزینەوەى ڕێگا، ڕێگاى هەر شتێك، یا بڵێین ئاشتى، یا ئازادى، یا نزیككردنەوەى هاتوچوو، پێویستى چەند مەرجێكن، ئەبێ ژیانمان گەیشتبێتە ڕادەیەك، داماوى دۆزینەوەى ئەو ڕێگەیە بین، وەك گوتوویانە داماوى‌و پێویستى دایەى دۆزینەوەن، تا زۆرترین خەڵك نەكەونە ئاخ‌و ئۆف‌و خۆزگە خواستى بۆ شتێك بیر ناكەوێتە كار بۆ دەس خستنى.</s>
   <s>(شیخ مارف بەرزەنجى)
(تەنها بۆ خوێندنەوەو ڕاڤەكردنە)                                                      






ڕاڤەكردنى پەیڤەكان
     پەیڤ  		 واتاكەى
نامانەوێ	:	مەنەڤێت، ئەم ناخوازین
دەرگا	:	قاپى- دەرى- دەرگەهـ
گیروگرفت	:	تەنگو چەڵەمە، دژوارى
مایە	:	هۆكار
زیان	:	زەرەر
كەم	:	كێم
بەراو	:	بەرئاڤ
خواكرد	:	خودێ كرى
خاوەن	:	خودان
سوێر	:	شۆر
خەڵوز	:	ڕەژوو، ڕەژى
دەنوك	:	نكڵ
بەروبووم	:	بەرهەم
هەمووان	:	هەمیا
پاش ملە	:	قسەكردن بەخراپە دەربارەى یەكێك كە خۆى لەوێ نەبێ
خۆزگە	:	خۆزى، خۆزیا، بریا، كاشكى
بناغە	:	بنچینە
ناڵێم	:	نابێژم
بسڕێتەوە	:	 لابات، نەهێلیت
مناڵ	:	منداڵ، بچوك، بچیك، زارۆ
تاقیكردنەوە	:	 ئەزموون
مارانگاز	:	مارانگەستى
 لە بیرمە
:	تێتە بیرامن
دەسگا	:	ئامێر
ئارەزوو	:	خۆزگە
ناكاو	:	 كوتوپڕ
هاوسێ	:	دراوسێ
برین- بریندار	:	زام- زامدار
مەرج	:	شەرت

 
قـەدرى جان
1911- 1972ز

ناڤێ وى (عبدالقادر عزیز جان)ە ل سالا (1911)ێ ل كوردستانا باكور ل گوندێ (دێریك) ل ڕەخ باژێرێ (ماردین) ڤە ژ دایكبوویە.</s>
   <s>ل هەمان گوند دەست ب خواندنێ كرییە هەتا گەهشتییە قۆناغا 
(خانەى مامۆستایان) ل باژێرێ (ئەزمیر)ێ ب دوماهى ئینایە، دناڤبەرا ئەسكەندەرونەو ئەنتاكیێدا بوویە مامۆستا.</s>
   <s>ل سالا (1931)ز ژبەر ڕەوشا سیاسى چوویە جزیرێ، چەندەك ژ ژیانا خۆ ل وێرێ برە سەر، پاشى چوویە دیمەشقێ‌و ئامودەو قامیشلۆ، ل قامیشلۆ بوویە مامۆستاو پاشى هاتییە ڤەگوهاستن بۆ وەزارەتا پەروەردێ ل دیمەشقێ وەكو فەرمانبەر، ل دوماهیێ بوویە سەرپەرشت.</s>
   <s>هەر دڤێ قۆناغێدا دگەل نڤیسەرو ڕۆژنامەنڤیسێن ناڤدار (د. كامیران بەدرخان‌و نورەدین زازاو جگەر خوێن‌و ئۆسمان سەبرى) كەفتییە كارى‌و دەست ب بەلاڤكرنا گۆڤارا (هاوار) كرییە.</s>
   <s>د سالا (1936)ز هۆزانڤان قەدرى جان ئێكەمین هەلبەستا سەربەستى نڤیسییە و بەلاڤكرییە، بڤى چەندێ دبیتە سەركێشێ كاروانێ هەلبەستا هەڤچەرخا كوردى، ئێك بوویە ژ وان هۆزانڤانێن هەردەم نویكرن د تۆرێ كوردیدا كرییە.</s>
   <s>ل سالا(1955)ز دەست ژ كارێ وەزارەتا پەروەردێ بەردایە، ژیانا وى پر نەخۆشى بوویەو چەندین جارا كەفتییە زیندانا.</s>
   <s>ل سالا (1957)ز دگەل شاندێ لاوێن كورد ژ سوریێ چوویە موسكۆ ژ بۆ پشكداریكرنێ د ڤیستەڤالا شەشێ یا لاوێن جیهانیدا، بارزانیێ نەمر ژى دیت.</s>
   <s>جارەكا دى ڤەگەڕیا سەركارێ میرى و ل سالا(1971)ز هاتە خانەنشینكرن.</s>
   <s>ل ڕۆژا 9/8/1972ز د ژیێ (61) سالیێدا كۆچى دواییدەكات‌و ل گوڕستانا (خالد نەقشبەندى) ل دیمەشقێ دهێتە ڤەشارتن.</s>
   <s>(قەدرى جان) دوو سروود ب بارزانیێ نەمر گۆتینە ل ژێر ناڤێ (سەردارێ كوردان بارزانى)و (شێرێ وەلات... بارزانى هات).</s>
   <s>(قەدرى جان) د زۆر گۆڤارو ڕۆژنامەدا هەڵبەست بەلاڤكرینەو پشكدارى د دانانا چەندین پەڕتوكێن فێرگەهادا كرییەو زۆر هۆزانێن چاپ نەكرى هەنە، شارەزایى د زمانێ توركى‌و عەرەبى‌و فرەنسیدا هەبوو، زێدەبارى زمانێ كوردى ب هەردوو زاراڤێن (كرمانجى سەروو)‌و(كرمانجى خواروو).</s>
   <s>بەرهەمێن قەدرى جان:
1.</s>
   <s>داستانەك ب هۆزان
2.</s>
   <s>ئەلفوبێیا كوردى
3.</s>
   <s>دیوانا هەلبەستا(1957)
4.</s>
   <s>رۆمانا (شڤانێ كورد) یا عەرەبێ شەمۆ ژ فرەنسى وەرگێرایە سەر زمانێ كوردى، سالا(1947)ز ب پیتێن لاتینى ل بەیروتێ چاپكرییە.</s>
   <s>ڕاڤەكردنى پەیڤەكان
پەیڤ                           واتاكەى
ب ڕەخ باژێرێ (ماردین)ڤە	:	لە نزیك شارى (ماردین)ەوە
ب دوماهى ئینایە	:	تەواو كردووە، كۆتایى پێهێناوە
د ناڤبەر	:	لەنێوان، لە مابەینى
ژ بەر ڕەوشا سیاسى	:	لەبەر بارودۆخى ڕامیارى یان سیاسى
هاتییە ڤەگوهاستن	:	گواسترایەوە، گوێزراوەتەوە
ب ڤى چەندى	:	بەم ڕەنگە، بەم شێوەیە
هەلبەستا هەڤجەرخا كوردى:	هەڵبەستى هاوچەرخى كوردى
هەردەم نویكرن دتۆرى كوردیدا كرد	:	هەمیشە نوێكردنەوەى لە ئەدەبیاتى كوردیدا دەكرد.</s>
   <s>شاندێ لاوێن كورد	:	وەفدى لاوانى كورد
بەگێ ئاخر زەمان
							(قەدرى جان)
دۆستێ من
دوژمنێ پۆستى من
بەگێ ئاخر زەمان
ئەڤ  زەمبیلا تە پێ هات
نەمە داتێ ژ ئاسمان
بەنێ وێ ڕزییا
لە ناڤا ڕێ قەتییا
ئو... كەت
كەتە ناڤ  دەریا سۆر
دەریا سۆر ژێڕا بوو گۆڕ
دەریا سۆر ژ فیرعەون‌و
چەند خودێ بچوكڕا بووكەفەن.</s>
   <s>**	**	**
مووساو موریدێن وى
هەمى 
بێ پرو بێ گەمى
ژ وێ دەریایێ دەرباز بوون
ژ جەورو جەفایێ خەلاس بوون
مووسا ل سەر ڕەقسى
فیرعەون ل ور فەتسى
نەمروودێ بچوك
مە ب ئاگر دترسینە
پڤ مەشكا ڤالا
ئەى كەڤناڕەیێ سالا
باوەڕیا دلێ مە
تاقەتا ملێ مە
ژ ئیمانا ئیبراهیم
پێترە، نەكێم ترە
ڤیا بزان
ئەى پێغمبەرێ دزان
دۆستێ من
دوژمنێ پۆستێ من
بەگێ ئاخر زەمان
ئەڤ  زەمبیلا تە پێ هات
نەمەداتێ ژ ئاسمان
**	**	**
مەزناتى
نە ب پارەو مالە
نە ب گۆڕینا كالە
مەزناتى
ب جەوهەرێ ئینسانە
ب عیلم‌و عیرفانە
بەڵێ... ئەم خەزانى مالن
لێ زەنگینێ كەمالن
زەنگینێ ئیدیالین
دۆستێ من
دوژمنێ پۆستێ من
بەگێ ئاخر زەمان
ئەڤ  زەمبیلا تە پێ هات
نەمەداتێ ژ ئاسمان
**	**	**
كۆشكا تەیە هیم ڤالا
یا ب نینۆكا پالا
ئین ب خوون
ئین برین
گەلەك ڕەبەن ژ برچیتیا كوشت
تە ئاڤا كر دبندا ڕوونشت
ئەوێ ل سەر سەرى تە هەلوەشە
گەر چى دلێ مە ب تە نائێشە
لێ ئەم دخازن
ب دل دبازن
زارۆیێن تە ئێ بێ گونەهـ
كو ب هێژمار هەنە نەهـ دەهـ
ژ وى تالووكێ خەلاس بكەن
ب ڕێیا ڕاست دا دەرباس بكەن
رێیا ڕاست، ڕێیامە
ئەوە باوەریا مە
زنجیر شكاندن
ئارمانج گهاندن
**	**	**
با بلیسكا بیستان
دیرۆكا ڕاستان
دبێژە
ببێژە
گوهـ مەدە ئەفسانەیێ دێوان
ب شۆندا نەمینە ژ كاروان
كاروانێ مەدەنیەت
گروهێ بەشەرییەت
خولاسە
پێشیێ‌و پاشییا فەلسەفە
فەلسەفە یامە
ئەڤە
دین، مەزهەب ئیمان
ببە ئینسان ببە ئینسان
**	**	**
(كۆپلەى یەكەم بۆئەزبەركردنە)

ڕاڤەكردنى پەیڤەكان
پەیڤ		واتاكەى
پۆست	:	پێست
ئەڤ	:	ئەو
زەمبیل	:	زەمبیلە، سەبەتە
تەپێ هات	:	تۆپێى هاتیت
نەمەداتێ	:	ئیتر دانابێ، ڤێجا نادادى، ئیتر نایەتە خوارەوە
ژ	:	لە
بەنێ وى	:	بەنى ئەو
ل ناڤارێ	:	لەناوڕێدا
قەتیا	:	پچڕا
ناڤ	:	ناو
ژێرا	:	بۆ ئەو
خودێ	:	خودا
موریدێن وى	:	موریدانى ئەو
پر	:	پرد
گەمى	:	بەلەم، كەشتى
ژ وى	:	بۆ ئەو
دەرباسبوون	:	ڕزگاربوون، ڕابوردن
لوڕ	:	لەوێ
فەتسى	:	تۆپى
ڕەقسى	:	هەڵپەڕى، سەمایكرد
مەشكا ڤالا	:	مەشكەى بەتاڵ
كەڤنارە	:	كۆتەردار، پیرەدار
پێترە	:	زیاترە
نە كێم ترە	:	كەمتر نییە
ڤیا بزان	:	ئەوە بزانە
مەزناتى	:	گەورەیى
گۆرین	:	گۆرانى
گۆرێن	:	قەبرانى، كۆى (گۆر) بە ماناى (قەبر) دێ
كال	:	باپیر
خەزان	:	هەژار، بەڵام لە كرمانجى خواروودا واتاى پاییزە
لێ	:	بەڵام
ئیدیال	:	بیر، هزر
هیم	:	بناغە
ڤالا	:	بەتاڵ
پالا	:	كرێكار
ئین	:	ئەوانە
ڕەبەن	:	هەژار، بەسەزمان
برچێتى	:	برسێتى
ئاڤاكر	:	ئاوەدانكردەوە
دبندا	:	لە بنیدا، لەژێریدا
ڕونشت	:	دانیشتى
ئەوى	:	ئەو
دخازن	:	مەدڤێت، دەمانەوێت
دبازن	:	ئارەزوومانە
زارۆیێن تە	:	بچوكێن تە، منداڵانى تۆ
زارۆ	:	منداڵ
تالووكێ	:	تالووكە، مەترسى
ئارمانج	:	ئامانج
بابلیسك	:	سەدە
بابلیسكا بیستان	:	سەدەى بیستەم
دیرۆك	:	مێژوو، ڕابردووو
بە شۆندانەمینە	:	دوامەكەوە
گروهـ	:	بار، كاودان، بارودۆخ 
دۆز	:	كێشە

ژێــدەر:
1.</s>
   <s>هەفتەنامەی پەیمان ژمارە (154).</s>
   <s>2.</s>
   <s>كتێبى زمان‌و ئەدەبى كوردى بۆ پۆلى دووەمى بنەڕەتى چاپى سێزدەهەم ساڵى 1996.</s>
   <s>بـێكـەس
  1905-1948ز
                             
ژیانى پڕ لەدەردەسەرى‌و كول‌و كۆڤان‌و مشەختى‌و دەربەدەرى بووە، بە هۆى ئەوە(فایق عەبدوڵڵا بەگ) نازناوى (بێكەس)ی بۆ خۆى هەڵبژاردووەو لەناو خەڵك هەر بەو ناوە ناسراوە.</s>
   <s>(فایق) لە ساڵى 1905ز لە گوندى (سیتەك) كە دەكەوێتە باكورى ڕۆژهەڵاتى سولەیمانى لەدایك بووە لە منداڵییەوە لە حوجرەى فەقێیان خوێندوویەتى.</s>
   <s>ماوەى چەند ساڵێك لە بەغدا ژیاوە، پاشان باوكى ڕوو لە توركیا دەكات، دایكیشى دواى ئەوە هەر لەبەغدا كۆچیدوایى دەكات، بۆیە فایق لە ساڵى (1918)ز دێتەوە سولەیمانى لاى مامى‌و لەوێ دەچێتە بەر خوێندن.</s>
   <s>دووبارە لە(1924)ز دەچێتەوە بەغداو دواى یەك دوو ساڵ دەگەڕێتەوە.</s>
   <s>ماوەیەك لە (ئەشغال) كاردەكات، ئینجا دەبێتە مامۆستا لە قوتابخانە سەرەتاییەكان.</s>
   <s>بێكەس شاعیرێكى كوردپەروەرو وڵاتـپارێز بووە، چەند جار لەبەر بزاڤى ڕامیارى تووشى گرتن‌و لە كار دەركردن بووە، چاو نەترس‌و ئازا بووە، بەشدارى لە ڕاپەرینەكەى (6)ى ئەیلولى(1930)ز بەر دەركى سەرا لە سولەیمانى كردوەو تیایدا بریندار بوو، هیچ كاتێك گوێى بە پلەو پایەو پارەو پوول نەداوە، نزیك بووە لە بزاڤە ڕامیارەكانى ئەو كاتە وەك بزاڤى (ژ.ك)  پاشان (پارتى دیموكراتى كوردستان).</s>
   <s>شیعرەكانى بۆ خزمەتكردنى گەل‌و نیشتمانەكەى تەرخانكردووە، بەشى زۆرى هۆنراوەكانى باس لە كوردایەتى‌و نیشتمانپەروەرى دەكەن، بێجگە لەوە بابەتەكانى كۆمەڵایەتى پانتایێكى فراوان داگیردەكەن.</s>
   <s>لە دیوانەكەى كۆمەڵە سرودێكى زۆر خۆشى بۆ منداڵان داناوە، كە سەردەمانێكى دوورو درێژ قوتابییانى سەرەتایى بە ئاوازى خۆشەوە هەموو بەیانییەك لە قوتابخانەكانیان دەیانگوت لەوانە:
1.</s>
   <s>خوایە وەتەن ئاواكەى	2.</s>
   <s>شاخى ڕەنگاو ڕەنگى گۆیژە
		3.</s>
   <s>ئەى دلێران بێچووە شێران‌و... گەلێكى تر
لە ڕۆژى 18/12/1948ز لە هەڵەبجە كۆچى دواییكردو لە گۆرستانى گردى سەیوان لە سولەیمانى بە خاك سپێرراوە.</s>
   <s>لە ڕۆژى 19ى حوزەیرانى 1947ز كاربەدەستان‌و دەسەڵاتدارانى حكومەتى عیراق چوار ئەفسەرى كوردپەروەریان لە سێدارەدا، ئەوانەى بەشداریان لە دامەزراندنى كۆمارى مەهاباد كردبوو، چوار ئەفسەرە شەهیدە جوانە مەرگەكە ئەمانە بوون:
      (عیزەت عەبدولعەزیز)، (محەمەد مەحمود قودسى)
         (مستەفا خۆشناو)، (خەیروڵڵا عەبدولكەریم)
 بێكەس ئەم پارچە هۆنراوە بە سۆزەى لە پێشوازى ئەو شەهیدانە گوتووە، كە تەرمى دووانیان لە بەغداوە بۆ سولەیمانى براوە.</s>
   <s>قەومى كورد ئیسپاتى كرد بۆ عالەمى سەر ڕووى زەمین
میللەتێكى قارەمانن هەر ئەبێ سەربەست بژین
میللەتێ لاوى لە ڕێگەى سەربەخۆیى نیشتمان
بێتە بەر سێدارە، بێ ترس، دەم بەخەندەو پێكەنین
قەومى وا نامرێ، ئەژى، با دوژمنى هەر شەق بەرێ
ساحیبى ڕۆڵەى نەبەردە، خاوەنى عەزمى مەتین
ئەو كەسەى گیانى لە ڕێگەى نیشتمانا بەخت ئەكا
پێى مەڵێن مردوو، شەهیدە، وا لە فیردەوسى بەرین
لاوى كورد مەردە، لە مردن قەتعییەن باكى نییە
پەندى پێشینانە، ڕاستە (بەرخى نێر بۆ سەربڕین)
وا وەتەن دیسان بە مەحزوونى ئەڵێ: ئەى لاوەكان
بۆچى وا مات‌و مەلوولن، بەسیەتى شین‌و گرین!</s>
   <s>ڕۆژى تێكۆشانە، سادەى هیممەتێ تاكو زووە
بەشكو لەم حالە نەجاتمان بێ‌و لە دیلى دەربچین!</s>
   <s>گەرچى هەندێ كەس خەریكن ورگ‌و گیرفان پڕ ئەكەن
شەو بەبێ خەم سەر ئەنێنە سەر سەرین، هەر سەرسەرین
پیاو ئەبێ دائیم خەمى قەوم‌و وڵاتى خۆى هەبێ
ئەو كەسانەى بێ خەمن حاشا نەوەى ئەم خاكەنین
    **			**			**
       (سێ دێر بۆ ئەزبەركردنە)

 ڕاڤەكردنى پەیڤەكان
             پەیڤ                            واتاكەى
مشەخەتى	:	ئاوارە
ساحیبى ڕۆلەى نەبەردە	:	خودانى ڕۆڵەى ئازایە
بەخت ئەكا	:	فیدادەكات، دەبەخشێت
مات‌و مەلوولن	:	بێدەنگ‌و خەفەتبارن
سەر ئەنێتە سەرسەرین	:	سەر ئەخەنە سەر بالیف
هەر سەرسەرین	:	هەر هیچ‌و پوچ‌و بەدڕەوشتن
سەرەتایى	:	بنەڕەتى





	








ئەمین زەكى بەگ
 1880-1948ز
مێژوونووس‌و ڕوناكبیر‌و ئەدیب‌و گەورە پیاوى كورد ناوى (محەمەد ئەمین زەكى  عەبدولڕەحمان مەحمود)ە، لە ساڵى( 1880)ز لە شارى سولەیمانى لەدایكبووە، لە ساڵى(1892)ز چووەتە قوتابخانەى سەرەتایى‌و ئینجا دواى ساڵێك چووەتە پۆلى دووەمى قوتابخانەى ئامادەیى عەسكەرى لە بەغدا، پاشان خوێندنى عەسكەرى لە ئەستەمبۆڵى پایتەختى دەوڵەتى عوسمانى تەواودەكات و لە لەشكرى شەشەم لە ساڵى(1902)ز دەبێتە ئەفسەر، لە سوپاى عوسمانیدا گەلێك پایەو پلەى جۆراوجۆرى پێسپێراوە، لە جەنگى گەورەى یەكەم لەبەرەكانى جەنگ لە عیراق‌و فەلەستین‌و قەفقاسیا، لە كۆمەڵەى دەست نیشانكردنى سنوور لەنێوان دەوڵەتى عوسمانى لەگەڵ هەر یەك لە ڕوسیاو بولگاریا ئەندام بووە.</s>
   <s>لە (1924)ز هاتووەتەوە عیراق‌و بووە بە مامۆستاى قوتابخانەى عەسكەرى، چەند جارێك پۆستى وەزارەتە جۆراوجۆرەكانى پێسپێراوە، هەروەها لە پەرلەمانى عێراقدا بووەتە نوێنەرى شارى سولەیمانى، لە ساڵى (1942)ز دەستى لە وەزارەت كێشاوەتەوە، تا  تەمەنى (68) ساڵیدا بە ئەندامییەتى ئەنجومەنى پیران ماوەتەوە، لە (10)ى تەمووزى(1948)ز كۆچى دواییكردووەو لە شارى سولەیمانى گردى سەیوان نێژراوە.</s>
   <s>ئەمین زەكى بەگ هەر لە منداڵییەوە خولیاى مێژوو و شوێنەوارى كۆن بووە، بەهرەیەكى زۆرى لە زانستەكانى عەرەبى، توركى و فارسى وەرگرتبوو، شارەزایەكى زۆرى لە زمانەكانى ئینگلیزى‌و فەرەنسى هەبوو، دەیان پەڕتوكى بەزمانى توركى لە بارەى كاروبارى سەربازییەوە داناوە.</s>
   <s>بە زمانى كوردیش كۆمەڵێك پەرتوكى مێژووى داناوە، وەك:
1.</s>
   <s>خولاصەیەكى تاریخى كوردو كوردستان
2.</s>
   <s>ناودارانى كورد (مشاهیر الكرد) بە زمانى كوردى لە دوو بەرگدا دایناوە.</s>
   <s>3.</s>
   <s>تاریخى لیواى سولەیمانى بە كوردى لە(1937)ز لە بەغدا چاپكراوە.</s>
   <s>ئەمەش نمونەیەكە لە نووسینەكانى:

(زمـانى كوردى)
نەك زۆرى خەڵك بەڵكو بەشى زۆرى عولەماو موتەفەكریش لە خوسوسى كونهو ماهیەتى زمانى كوردییەوە یان بە تەواوى بێ خەبەرن وەیان زۆر خراپ تێگەیشتوون.</s>
   <s>كە لەبابەت ئەم زمانەوە پرسیاریان لێ ئەكەى ئەڵێن: ئەم زمانى كوردییە لەهجەیەكى تێكەڵ‌و پێكەڵى فارسییەو ئەسڵ‌و ئەساسێكى سەربەخۆو ڕێك‌و پێكى نییە!.</s>
   <s>زاهر وایە سەبەبى جێگیربوونى مشابەهەت لە بەینى بەعزێ كەلمات‌و ئەلفازى كوردى‌و فارسیدا، وە دووەمیش ئیستعمال كردنى بەعزێ كەلماتى فارسى لە كوردیدا، ئەگەر باش سەرنجى لێ بدەین ئەبینین كە لەیەك چوونى هێندێ كەلمەى كوردى لە فارسى نەتیجەى خزمایەتییەكى بە قووەتى ئەم دوو زمانەیەو ئەم نەوعە مشابهەتە لە بەینى زمانە خزمەكانى تریشدا هەیە، ئینگلیزى‌و جەرمەنى‌و لاتینى چونكە هەموویان لە ئەسڵێك- زمانى ئارى قەدیم) هاتوونەتە خوارەوە، ئەبینین، كە زۆر لەفزو كەلمەیان لەیەك ئەچن‌و ئەم لێكچوونە هیچ ساحب مێشكێكى شارەزاى تووشى غەلەتێكى وا نەكردووە كە بڵێ ئەسڵى ئینگلیزى جەرمانییە وەیا لاتینییە بەڵكو ئەڵێ: سەبەبى ئەم مشابهەتە دەلالەت لەوە ئەكا كە هەموو ئەم زمانانە لە ئەسڵێك- كە زمانى ئارییە- هاتوونە خوارەوەو كەلماتى متشابهەیان كەلماتى ئەسلیەن وە لە هەموویانا ماوتەوەو كەمێك زۆرێك تەلەفوزەكەیان گۆڕاوە.</s>
   <s>نازانم بۆچى (متفكرین) لە باسى زمانى كوردى‌و فارسیدا لەم حەقیقەتە لائەدەن‌و كوردییەكەمان ئەكەنە بێچوویەكى لەڕو لاوازى زمانى فارسى؟!.</s>
   <s>ئەگەر بە ئینساف لێكى بدەینەوە ئەبینین كە بەشى زۆر زۆر كەلماتى كوردى لە شكل‌و تەلەفوزدا لە فارسى ناكاو سەربەخۆیە، (برژانگ، سك، دایك، باوك، كچ ) واقعا لە بەینى (تووك، لووت، چەناگە، كورى)ى كوردى‌و (موو- بینى) (زنخ- زنخدان)، (مژە)، (شكم)، (مادر)، (پدر)، (دختر)، (پسر)ى فارسیدا هیچ مشابهەتێكى لەفزى نابینرێ، جا كەوا بوو ئەم كەلماتانە ئەبێ لە دواى جوێ بوونەوەى قەومى كوردو فارس ڕەنگە ئەم حادسەیە لە عەسرى نۆهەم وەیا دەهەمى پێش میلاددا واقع بووبێ- ئیجاد كرابێ، ئەو پێنج مشابهەتەى (تەلەفوزى، ئەساسى، شكلى، تەسریفى‌و نەحوى) كە لەبەینى كوردى‌و فارسیدا ئەبینرێ دەلیلى ئەوەیە كە ئەم دوو زمانە لە ئەسلێكى مەعلوم، كە لەپێش هجرەتیانا بۆ تەرەفى غەرب زمانێكى موشتەرەك بووە، هاتووتە خوارەوەو هەر وەك زمانى ئەقوامى ئارى تر بەرە بەرە فەرقێكى كەم‌و زۆرى تێ كەوتووە.</s>
   <s>ڕاڤەكردنى پەیڤەكان
         پەیڤ                       واتاكەى
عولەما	:	(علما‌و) كۆى (عالم)ە، واتە زانایان
متفكرین	:	خاوەن بیران، خودانێت هزرو بیرا
لە خوسوسى	:	لە بابەت، لەبارەى
ماهیەت	:	جەوهەر، بنەڕەت
كەلیمە	:	وشە، پەیڤ
ئەسڵێك	:	ڕەگەز، بنچینە
مێشك	:	مژى
غەڵەت	:	هەڵە، چەوتى
حەقیقەت	:	ڕاستى
تووك	:	موو، مى
لوت	:	كەپو، دفن
چەناگە	:	چەهـ ، ئەرزینگ
برژانگ	:	مژیلانگ
حادیسە	:	ڕووداو
عەسر	:	سەدە، بابلیسك
كونهو ماهیە	:	ڕەچلەك، ڕەگوڕیشە



ئەسیرى
 1890-1962ز
ناوى (عەبدولخالق حوسێن نەقشبەندی)یە، نازناوى شیعرى (ئەپیرى- ئەسیرى)یە.</s>
   <s>لە ساڵى (1890)ز لە شارى كەركوك لە گەڕەكى (ئەخى حوسێن) لەدایكبووەو چاوى بە دیمەنە جوانەكانى كوردستان كراوەتەوەو لەناو گوڵزارى خوێندن‌و زانیارى‌و ئەدەبدا خونچەى ژیانى پشكووتووە، هەر لەسەرەتاى منداڵییەوە بۆ خوێندن چووەتە حوجرەى مزگەوت، گەلێك شوێنى كوردستان گەڕاوە بە دواى زانست‌و فێربووندا، وەك (سولەیمانى، بانە، سەقز، سنە، كرمانشان، هەمەدان) لە دواییدا گەڕاوەتە شارى كەركوك لە ماوەى خوێندنیدا فێرى گەلێك جۆرە زانست بووە، وەك: (ڕێزمانى عەرەبى، ڕەوانبێژى، مەنتیق، ئوسوڵى كەلام).</s>
   <s>ئیجازەى زانستیى لە مەلا (عەلى حیكمەت سیامەنسورى) وەرگرتووە.</s>
   <s>ئەسیرى بە نیازى دیدەنى نەجمەدین ئەفەندیى براى، خۆى گەیاندۆتە ئەستەمبۆل، لەوێ چاوى بە شێخ عەبدولقادرى شێخ عوبەیدوڵڵاى نەهرى كەوتووەو جموجۆڵ‌و چاڵاكییەكانى بزوتنەوەى ڕزگارى خوازى گەلى كوردى دیوە، كە لەلایەن كۆمەڵێك لە ڕۆشنبیرانى خوێن گەرمى كورد لەو شارە دەكرا.</s>
   <s>ئەمە كارێكى گەورەى كردۆتە سەر ئەسیرى‌و عەشقى نیشتمانپەروەرى لە دڵیدا پەیدابووە.</s>
   <s>بە بیستنى هەواڵى كۆچیدوایى باوكى لەگەڵ بڕانەوەى جەنگى یەكەمى جیهان لە ساڵى (1918)ز گەراوەتە كەركوك بۆ سەرپەرشتیكردنى كاروبارى تەكیەو ماڵ‌و خێزانەكەیان.</s>
   <s>-	ماوەیەك لە دادگاى شەرعیەى كەركوك بە نووسەرى یەكەم دامەزراوە.</s>
   <s>-	لە 1/11/1958ز خانەنشینكراوە.</s>
   <s>-	لە ڕۆژى 18/6/1962ز كۆچى دواییكردووەو لە گۆرستانى شێخ محیەدین لە كەركوك نێژراوە.</s>
   <s>ئەسیرى شاعیرێكى زانستپەروەر بووە، خەڵكى هانداوە بۆ ئەوەى بچن بۆ قوتابخانەو فێرى زانست ببن.</s>
   <s>لە هۆنراوەكانیدا داواى یارمەتى‌و كۆمەككردن‌و یەكێتى ڕیزەكانی نەتەوەى كوردى كردووە، چونكە زانیویەتى كە گەل بەبێ هاوكارى‌و یەكێتى لە كاروانى خەبات‌و تێكۆشاندا بە ئامانجە ڕەواكانى ناگات.</s>
   <s>ئەسیرى وەك شۆڕە سوارێكى مەیدانى ئەدەبى نەتەوەى كورد لەنێوان ساڵەكانى (1921- 1934)ز دلێرانە ئەسپى شیعرى شۆڕشگێرى تاوداوەو هۆنراوە ئاگرینەكانى، وەك مەشخەڵى گرى  ئاگرى باوەگوڕگوڕ تاریكى كوردستانى ڕوناككردۆتەوە، لەبەر ئەمە بە شاعیرێكى شۆڕشگێڕى قۆناغى دواى حاجى قادرى كۆیى دادەنرێت.</s>
   <s>ئەسیرى شەیداى دیمەنە جوانەكانى كوردستان بووە، وێنەو نەقش‌و نیگارى كوردستانى ڕەنگین، وەستایانە لەناو تابلۆى هۆنراوەكانیدا دەكێشێت وەك لەم هۆنراوەیەدا:
بێرە كوردستان

















	بێرە كوردستان عەزیزم گەر تۆ سەیرانت دەوێ
بت بەمە قەندیل ئەگەر گوڵزارى كوێستانت دەوێ
سەیرى ئەو خێڵانە، كە نیشتونە داوێنى چیا
با بچین بۆ ماڵى كوردى گەر تۆ خوێشانت دەوێ
بت بەمە پاى تاقى لاى سەر پیل‌و سەر میل‌و كرند
پێت نیشاندەم سەد هەزار ئاسارى ساسانت دەوێ
ئاوى ساف‌و ڕۆشنى داوێنى چەشمەكانى چیا
لێى  بنۆشە دەم بە دەم، گەر ئاوى حەیوانت دەوێ
لاوى كوردى من، لە بەركە شاڵى زاخۆ‌و ئامێدى
گەر تۆ سەد چاتر لە ڕەنگى شاڵى كرمانت دەوێ
هەڵسە گەشتى چیمەن‌و گوڵزارى كوردستان بكە
گەر لە بۆ دەردى دەروونت داو و دەرمانت دەوێ
ڕوح‌و ماڵت سەرفى ڕێگەى میللەتت كە ڕوحەكەم
گەر لە خوا لوتفى عەمیم وجودو ئیحسانت دەوێ
ئەى ئەسیرى هێندە عەشقى میللەتى كوردت هەیە
بشمرى لام وایە قەبرى گردى سەیوانت دەوێ


                         (سێ دێر بۆ ئەزبەركردنە)
ڕاڤەكردنى پەیڤەكان

   پەیڤ                 	:	 واتاكەى
مەنتیق	:	ژیربێژى، لۆژیك
بێرە	:	وەرە
سەیرى ئەو خێلانەكە	:	تەماشاى ئەو عەشیرەتانە بكە
نیشتوونە داوێنى چیا	:	لە داوێنى چیا خێوەت‌و ڕەشماڵیان هەڵداوە
خوێشانت دەوێ	:	خزمانت دەوێ
پاى تاقى	:	ناوى جێگایێكە
سەرپیل‌و سەرمیل‌و كرند:  ناوى سێ شوێنە
چەشمەكان	:	سەرچاوەكان، كانییەكان
لێی بنۆشە	:	لێی بخۆوە، ژێ ڤەخۆ
ئاوى حەیوان	:	ئاوى حەیات
لەبەركە	:	بپۆشە، بكەبەرخۆ
چاتر	:	چێتر، چاكتر، باشتر
گەشت	:	گەریان، سەیران




دڵــدار
 1918- 1948ز
یونسى مەلا ڕەئووف لە 20ى شوباتى ساڵى 1918ز لە كۆیە لە دایك بووە، بۆ یەكەم جار لە ڕانیە دەچێتە قوتابخانەو لە خوێندن بەردەوام دەبێت، تا لە ساڵى (1945 )ز كۆلێژى ماف (حقوق) لە بەغدا تەواو دەكات‌و دەبێتە پارێزەر.</s>
   <s>دڵدار هۆزانڤانەكى نیشتمانپەروەر بوو، شەیداى سروشتى جوانى وڵاتەكەى بوو، هۆنراوەكانى (حاجى قادرى كۆیى‌و نالى‌و عەونى‌و وەفایى‌و كوردى‌و بێكەس‌و پیرەمێرد) سەرچاوەى ئیلهامى شیعرى دڵدارن، هەروەها سروشتى جوان‌و ڕەنگینى كوردستان، هۆیەكى سەرەكى بوو لە بەهرەى شیعرى دڵدار، سەرەراى ئەمەش بارى ناخۆشى ژیانى خۆی‌و ئەو بارودۆخەى كە گەلى كورد تیایدا دەژیا، ئەمانە هەموو پێكەوە هەوێنى شیعرى دڵدار بوون، ئەگەر مەرگ كۆتایى بە ژیانى كورتى نەهێنابا بێگومان بووین لەوەى، كە دڵدار دەبووە لوتكەیەكى بەرزى ئەدەبیاتى كوردى.</s>
   <s>یەكەم پارچە هۆنراوەى لە ساڵى (1935)ز لە ژمارە (2)ى گۆڤارى (ڕۆناكى) بڵاوكردووەتەوە.</s>
   <s>دڵدار لە هۆنراوەكانیدا تواناو بەهرەیێكى زۆرى پیشانداوەو خاوەنى فەلسەفەیەكى بەرزیش بووە، شەیداى بیروباوەرى كوردایەتى بووە، هۆنراوەكانى سادەو ڕەوان‌و پڕ سۆزن، بەشى زۆریان بە دەورى بابەتى نیشتمانپەروەرى‌و كۆمەڵایەتیدا دەسوڕێنەوە، دیوانێكى چاپكراوى بە ناوى (دیوانى دڵدار)، لەگەڵ دەیان گوتارى بەنرخى ئەدەبى، ڕامیارى و ئابورى لەدواى خۆى بە جێهێشتوە لە 12/11/1948ز لە شارى هەولێر ماڵئاوایى لە كوردستان كردو هەموو ئاواتەكانى بەو تەمەنە كورتە بردە ژێر خاك.</s>
   <s>نمونەیەك لەهۆنراوەكانى:
    كوردستانى خۆش، نیشتمانى جوان
    تۆ قیبلەگاهى منى بێگومان
    چاوم پشكوتووى شاخەكانتە
    فێرى ژیانى باخەكانتە
    دەنگى شمشاڵى شوانەكانت
    زریق‌و باقى جوانەكانت
    قاسپەى كەوانى قەد كێوەكانت
    خوڕەى ئاوەكەى نشێوەكانت
    ئەمانە هەموو گوێیان كردمەوە
    هەوێنى شیعرى دڵیان گرتمەوە
   نەو نەمامێ بووم لەم خاكە ڕووام
   بە خۆشەویستى وڵات ئاودرام
   بەڵێ كوردستان تۆ منت خوڵقان
   تۆ منت خوڵقان پێت بەخشیم ژیان
   خۆشى ژیانم خۆشى ژینتە
   ئێشى ژینى من ڕۆژى شینتە
  چونكە كوردستان، نیشتمانى جوان
   تۆ قیبلەگاهى، دڵى بێگومان.</s>
   <s>(سێ دێر بۆ ئەزبەركردنە)

راڤەكردنى پەیڤەكان:
پەیڤ		واتاكەی
پارێزەر	:	بەڕەڤان، محامى
شەیدا	:	عاشق
هەوێن	:	هێوێن، خمیرە
پشكوتوون	:	كراوە، ڤەكرى
زریق‌و باقى	:	دەنگى یاریكردن‌و گەمەكردن
گوێیان كردمەوە	:	گوهێن من ڤەكر
نەونەمام	:	نەمامى تازە، شتڵەدارى تازە
پێت بەخشیم	:	پێتدام، تەدایە من

 
ساڵح یوسفى
1918- 1981ز
ناوى (ساڵح عەبدوڵڵا یوسفى)یە، یەكێك بوو لە ڕوناكبیرو تێكۆشەرانى گەلەكەمان، لە ساڵى(1918)ز لە گوندى (بامەڕنێ)ى سەر بەقەزاى ئامێدى لە پارێزگاى دهۆك ژ دایك بوویە.</s>
   <s>خوێندنى سەرەتایى لە گوندى بامەڕنێ دواناوەندیشى لە بەغدا تەواو كردووە، لە ساڵى (1943)ز لە كۆلێژى (شەریعە) لە بەغدا دەرچووە.</s>
   <s>شاعیر دەورێكى گەورەى گێراوە لە بزاڤى ڕزگاریخوازى گەلى كورد، ئەندامێكى چالاكى حیزبى (هیوا)و ئینجا (پارتى دیموكراتى كوردستان)بووە لە پاشان دەستەی دامەزراندنی(حیزبى سۆشیالیستى كوردستان) بوو، هەروەها ڕۆژنامەوانێكى لێهاتوو بووە، لە بوارى ڕۆشنبیریدا خزمەتى زۆرى هەیە، سەرنوسەرى گۆڤارى (ئەستێرە)و (ڕۆژى كوردستان) بووە.</s>
   <s>زۆربەى هۆنراوەكانى باسى كوردایەتى دەكەن‌و بە هۆنراوەى سیاسى دادەنرێن.</s>
   <s>هەروەها داوایكردووە، كە بیرى ئازادى سەر هەڵبدات‌و گەشەبكات.</s>
   <s>لە ساڵى (1981)ز بە پیلانێكى ڕەش لە بەغدا شەهیدكرا.</s>
   <s>ئەمەش نمونەیێكە لە هۆنراوەكانى:
	ڕۆژا مێرو خورتا هەلات		هاتن ژ هەوارێ تە، وەلات
	ژیێ لاوەتى یە، خەلات		جانێ خۆ دكەینە قەلات
	ئەڤرۆ ڕۆژا مە مێرانە		هەولى خورت‌و عەگیدانە
	گۆرى كرن خۆش سەیرانە		د ڕێكا وەلاتى دا قوربانە
	ئەم پلنگى زەند ئاسنین		شێرێت وەلاتى مەزنین
	سنگ چیاینە، عەرد درنین		نەهەنگێت شەرێ بێ بنین
	نەیارا هەمیا دێ سوژین		دا بسەربەستى هونەر بژین
(سێ دێر بۆ ئەزبەركردنە)
  	       ڕاڤەكردنى پەیڤەكان

پەیڤ		واتاكەی
بزاڤ	:	بزوتنەوە
مێر	:	 پیاو
ژیێ لاوەتى	:	تەمەنى لاویەتى، تەمەنى گەنجیەتى
جانێ خۆ	:	گیانى خۆمان
ئەڤرۆ	:	ئەمرۆ، ئیرۆ
عەگید	:	ئازاو خورت
گۆریكرن	:	خۆ كردنە قوربانى، خۆبەختكردن
دڕێكا	:	لە ڕێى، لە ڕێگاى
نەیارا	:	نەیاران، دوژمنان.</s>
   <s>هەمیا	:	هەمووان
دێ سوژین	:	دەسووتێنین.</s>
   <s>كامیران ئەمین عالى بەدرخان
1895-1978ز

دكتۆر كامیران ئەمین عالى بەدرخان لە ساڵى (1895)ز لە ئەستەمبۆڵ لەدایك بووە.</s>
   <s>ژ بنەماڵا بەدرخانیانە، خوێندنى لە ئەستەمبۆڵ بە دوماهى هینایە، پاش سەركەوتنى شۆڕشى كەمالستەكان‌و حاشاكردنیان ژ هەموو مافێن كوردان، سەرۆكێن كوردان ژ وەلات هاتن دوور خستن، ئەمین عالى بەدرخان‌و كوڕێ وى (ئەحمەد پورەیا) چوون ل میسرێ ئاكنجى بوون، كامیران‌و جەلادەت ژى چوونە ئەڵمانیاو دەست ب خاندنا بلند كر ل كۆلێژا حقوقێ باوەرنامە (دكتۆرا) وەرگرت، پاشان لە زانكۆى (سۆربۆن)ى فەڕنسى باوەڕنامەى بڵندى فەلسەفەو ئادابى وەرگرت.</s>
   <s>لە ئەوڕوپا تێكەڵى لەگەڵ زۆر لە ئەدیب‌و نڤیسەرێن ناڤدار پەیداكرد وەك (لوسى پۆل مارگرێت، مارگرێت ڕۆدینكۆ).</s>
   <s>گوتارى بە زمانى كوردى‌و زمانى تریش لە گۆڤارى (هاوارو ڕۆناهى) بڵاوكردووتەوە، هەروەها هەڵبەستێن نیشتمانى لە ژێر ناوى (گەڕۆك) بڵاوكردووتەوە.</s>
   <s>لە دەستپێكى ساڵى(1943)ز ل بەیروتێ حەفتەنامەى (ڕۆژانوو)ى وەشاندووە هەر لە(1943)ز گۆڤارى (ستێر)ى دەرخست.</s>
   <s>لە(1947)ز چووە فەرەنساو لەوێرێ  (سازگەها لیكۆڵینێ كوردى) داناو گۆڤارەك بناڤێ (بولتەنا مەركەزا لێكۆلینێ یا كورد) دەرخست.</s>
   <s>دوازدە ساڵان بەبێ پارە خزمەتەكا زۆرى زمانى كوردى لە پەیمانگەى (زمانە زیندووەكان) كردووە.</s>
   <s>خزمەتەكا زۆرى یا زمان‌و ئەدەب‌و دۆزا كورد كرییە.</s>
   <s>لە(1971)ز بووە بە ئەندامى كاراى كۆرى زانیارى كورد لە بەغدا.</s>
   <s>لە ساڵى(1978)ز لە پاریس دەچێتە بەر دلۆڤانیا خودێ‌و لەسەر وەسیەتاوى ماڵەكەى‌و بۆ دامەزراندنى دەزگەیێكى چاندنى- زانستى بە ناوى (بەدرخان- كوردستان) تەرخانكرا، پاش مردنى كتێبخانەكەى درا بە (ئەنیستیتۆى كوردى) لە پاریس.</s>
   <s>دكتۆر كامیران بەدرخان تێكۆشەرێكى سیاسى‌و ڕوناكبیرێكى ژێهاتى‌و مەزن بوو، بێجگە لە كوردى، توركى‌و عەرەبى‌و ئەڵمانى‌و فەرەنسى‌و یۆنانى‌و ئینگلیزى‌و پۆلۆنى دەزانى.</s>
   <s>بەرهەمى زۆرى هەیە لەسەر (ڕێزمان، چیرۆك، پەخشان، ئەلفۆبێ... هتد)، هەروەها فەرهەنگى (كوردى‌و فەرەنسى)، (ئەڵمانى و كوردى) داناوە.</s>
   <s>لاوكـێ مـن
گاڤا كۆ فەرمانا كوردان ڕابوو ئەم هێژ نوو زەوجى بوون.</s>
   <s>شەڤەكێ تۆ پڕ درەنگ ماى‌و گاڤا تۆ هاتى مال، ددەستێن تە دە تڤەنگەكە نوو و چەند سەد بەرك هەبوون.</s>
   <s>دلێ من ترسیاو ڕەجفى، من ژ تەڕە ب دەنگەكى لەرزى دگۆت.</s>
   <s>-	گورگین... دیسان چ هەیە؟
تەل من هیڤینا چاڤان‌و ب كەسارا دلان مێزەكر، پاشى ب دەنگەكى خورت ل من ڤەگەڕاند.</s>
   <s>-	داوەت دەست پێ دكە.</s>
   <s>دوەلاتى دە شەش مەهـ شەڕەكى زۆر چێبو، ژن بى بوون، زارۆك سێوى مان، كورد دەسپێكێ دە دوژمن شكاند، لێ، پاشى ب بێ بەختى هاتنە شكەستن.</s>
   <s>گاڤا تو دشەڕ دەبوویى، من ژ تەرە كوڕكەك ئانى ئێڤاركێ، ئەز لبەر دەریێ مالێ سەكنى بووم، چاڤێن من لێ ڕێ بوون.</s>
   <s>من دیت تو هاتى، هەردوو دەستێن تە بخوین بوون، دسەر سینگاتە دە برینەكە كوورو ڤەكرى هەبوو، تە... ئەز همێز كرم‌و تەگۆت عەسكەرێن دوژمن دسەر شۆپا من دە نە، باوڕكە نهۆ ئەوێ بێن‌و من بگرن، مەگرى!!!</s>
   <s>تنێ ڤى دەمى ژبیرا مەكە.</s>
   <s>پاشى تو ب گاڤێن لەز چویى سەر دەرگۆشا كۆڕێ خوە ئێ پێنج مەهى (تاجین)و تە ئەو هلانى‌و ژیرا گۆت.</s>
   <s>-	تاجین!!</s>
   <s>دلێ تە ژ بوو نا ئاریكارییا كوردستانێیە.</s>
   <s>خویناتە ژبوونا شەڕو ڕژاندنێیە.</s>
   <s>تە كوڕێ خوە دكر ناڤ  دەرگۆشێ‌و عەسكەرێن دوژمنان دكەتن هندرێ مالێ...
لاوكێ من!</s>
   <s>ئیرۆ پێنج سال قەد یاینە كۆ ئەم ژ هەڤ دوور هاتنە ئێخستن.</s>
   <s>تۆ نهۆ دكۆرتالكێ دە ب سەد جامێرێن كورد ڕا دكەڤى.</s>
   <s>خوە دزانە... چەرمێ ڕوو وسینگاتە پرچفى‌و لاشێ تەڕزییایە.</s>
   <s>لێ، گورگین.</s>
   <s>بزانە كۆ هەر شەڤ  بەرى هەرە ڕاكەڤا كوڕێ تە تاجین زەندو دەستێن خوە ئێن تەڕ داڤێژە سەر ستۆیێ من و ب چاڤێن خوە ئێ زەلوول و ب كەسەر ل من مێزە دكە، من ماچ دكە ژمن ڕە دبێژە.</s>
   <s>- دایێ!...</s>
   <s>دایكا من باڤێ من ڕە بنڤیسینە كۆ مەزن بوومە.</s>
   <s>دلێ من ژ بۆ هەژكرنا كوردستانێیە، خورتییا ژ بوونا ئاریكارییا كوردستانێیە، خوینا من ژبۆ شەرو ڕژاندنێیە!!!</s>
   <s>لە (د وەلاتى دە شەش مەهـ شەرەكى زۆر چێبوو) لەبەر دەكرێ تا (تەكورێ خوە دكر ناڤ دەرگۆشێ‌و  عەسكەرێن دوژمنان دكەتن هندرێ مالى)

دكتۆر.</s>
   <s>كامیران ئەمین عالى بەدرخان
گۆڤارى هاوار ژمارە (4) ڕوو پەل6
3ێ تیر مەهێ- ئێك شەمب- 1932ز










ڕاڤەكردنى پەیڤەكان
پەیڤ		واتاكەی
شۆپ	:	دەوس: شوێن پێ
همێز	:	هەمبێز: باوەشكرن، ئامێز
دەرگۆش	:	لاندك، لانك
پرچفى	:	چرمسى، سیس بوو
كەتن هندرێ مالێ	:	هاتنە ژوورڤە
هندر: داخل:	:	هندور: هوندور
ژن بى بوون	:	بێوەژن
مەگرى	:	نەكە گرى
كۆرتالك	:	كەند
هلانى	:	ڕاكر، بەرزى كردەوە، هەڵگرت
ئاریكارى	:	هاریكارى
قەدیاینە	:	بۆرینە/ تێپەڕینە
بولتەنەك	:	گۆڤارەك وەرزیى
مێزەدكە	:	دنێڕیت، سەیرى دەكات
زەلوول	:	خاشع چاودا گرتوو
داڤێژە	:	ئاڤێتە ، دهاڤێتە
 خورتى
:	گەنجى، لاوێتى
باڤ	:	باب، باوك
هەژكرن	:	حەژێ كرن، حەز لێكرن
كاردۆخى
1916- 1982ز

ناوى (محەمەد ئەمین كاكە شێخى تەوێڵەیى) یە كە هەر لە تەوێڵەى هەورامان لە ساڵى (1916)ز لەدایكبووە.</s>
   <s>سەرەتا خوێندنى لەلاى باوكى دەست پێكردووەو ئینجا چووەتە قوتابخانە، بەردەوام بووە لەسەر خوێندن تا لە ساڵى (1939)ز بووە بە مامۆستاى سەرەتایى.</s>
   <s>كاردۆخى، هەر لە خۆیدا خاوەنى بەهرەو توانایێكى باش بووە، بۆ ڤەهاندن‌و هۆنینەوەى شیعر، بەڵام شاعیر، وەك هۆزانڤانەكانى دى كەوتووتە بەر كاریگەرییەتى چەند هۆیەك، كە ئەو بەهرەو توانایەیان بەهێزترو پتەوتر كردووە، جگە لەوەش، خۆشەویستى‌و ئەڤینى، سەرچاوەو ژێدەرێكى ترى هەڵقوڵینى كانیاوى هەڵبەستى بووە، سەرەڕاى ئەمانە، جوانى سروشتى كوردستان بۆ سەرچاوەگرتنى شیعرى كاردۆخى هۆكارێكى گەورە بووە .</s>
   <s>كاردۆخى لە هۆنراوەدا ڕێچكەى نیشتمانپەروەرى‌و دڵدارى گرتووە، بە دوو شێوە زار هۆنراوەى هەیە، بە كرمانجى خواروو بە هەورامى.</s>
   <s>دیوانێكى چاپكراوى هەیە بەناوى (دیوانى كاردۆخى)، لە ساڵى (1982)ز كۆچى دواییكردووە، لەكاتى بینینى تەرمى شەهیدەكان لە حامیەى سلێمانى شیعرێكى داناوە بەناوى (پیرێكى زانا)، كە بە هەردوو شێوە زارى هەورامى‌و كرمانجیى خواروو لە دیوانەكەیدا هەیە.</s>
   <s>پیـرێـوى زانـا
پیرێو ڕیش چەرمە، دونیا دیدەو ڕاس
				زاناو فامیدە تەمام پیا خاس
ئاماو، دیش وەچەم، كەش‌و كۆو سارا
				قەبرۆ شەهیدا، جەدەگاو شارا
دیم، هەڕەش پیما، تا واچى فرى
				گرەوى‌و ناڵێ، دەنگى بەرز چڕى
بە كام نەیاوێ چى كوردستانە
				یەكجار فرێنى چى گۆڕستانە
خەفەتى فرەم پەى ئانیشانە
				بە دەست‌و وێما، نریەى نیشانە
ئازاو گەنجێما، زیاد جەسەدى
				كرێى دارەرە، بەدەست‌و بەدى
پیرە ئى شیعرا وانێ‌و گرەوێ
				تا سۆش بیەوە، چاگە مەرد شەوى

(لەسەرەتاوە سێ دێرى بۆ ئەزبەركردنە)
دیوانى كاردۆخى: چاپى یەكەم 1978 بەغدا
 

ڕاڤەكردنى پەیڤەكان

پەیڤ		واتاكەی
فرێ	:	زۆر، پتر
گرەوێ	:	دەگریا، شیوەن
چڕى	:	هاواركردن
نەیاوێ	:	نەگەییو
پەى	:	بۆ ئەو
ئانیشانە	:	بۆ ئەوانە
وێما	:	خۆمان
نریەى	:	دانرا
گەنجێما	:	گەنجى، لاوى
كرێى دارەرە	:	كران بە دارا
بەدى	:	خراپى
تاسۆش	:	سوێى بووەوە، لەهۆش چوو
چاگە	:	لەوێ
مەرد	:	مرد




 
ســــادق بەهائەدین
1918- 1982ز

لە ساڵى (1918)ز لە شارى ئامێدى لەدایكبووە، سەرەتا بە خوێندنى ئایینى دەستى پێكردووە، لە پاشان چووەتە قوتابخانە، قۆناغەكانى خوێندنى سەرەتایى‌و ناوەندى‌و ئامادەیى بە سەركەوتوویى بڕیوە، لە خانەى بڵندى مامۆستایان لە بەغدا وەرگیراوەو لە ساڵى(1944)ز دەرچووەو لە قوتابخانە ناوەندى‌و ئامادەییەكان بووە بە مامۆستا.</s>
   <s>ماوەیەكى زۆر لەگەلێك شارى عیراقدا مامۆستا بووە.</s>
   <s>ئەم نووسەرە زۆر لەمێژ بوو خەریكى خوێندنەوەى گۆڤارەكانى (هەوار)و (گەلاوێژ) بوو، ئەم گۆڤارانە زۆر كاریان كردە سەر ڕەوشى ڕوناكبیرى‌و سەرچاوەى هاندانى بوون بۆ نووسین، گەلێك گوتارو نووسینى لە گۆڤارو ڕۆژنامە كوردییەكاندا بڵاوكردەوە، ئەندام بوو لە كۆڕى زانیارى كوردو ماوەیەكیش وانەبێژ بوو لە بەشى كوردى كۆلێژى ئادابى زانكۆى بەغدا، لە ساڵى (1982)ز كۆچى دواییكرد، بەرهەمێكى زۆرى لەدواى خۆى بەجێ هێشت گرنگترینیان ئەمانە بوون:
1.</s>
   <s>ئیدیەمێت كوردى 1973.</s>
   <s>2.</s>
   <s>دیوانا مەلایێ جزیرى 1977.</s>
   <s>3.</s>
   <s>دیوانا پەرتەیێ هەكارى 1978.</s>
   <s>4.</s>
   <s>نەوبەهارا سەیدایێ مەزن ئەحمەدى خانى 1979.</s>
   <s>5.</s>
   <s>هۆزانڤانێت كورد 1980.</s>
   <s>6.</s>
   <s>خان‌و مان 1981.</s>
   <s>7.</s>
   <s>مەولیدا مەلایێ باتەیى 1982.</s>
   <s>8.</s>
   <s>ڕێزمانا كوردى.</s>
   <s>ئەڤە ژى نمونەیێكە لەنووسینەكانى:

(سیامەند بازرگانەكێ مەزن بوو، گەلە لێَ ب ڕاها ڤێر بوو.</s>
   <s>خەلكى باژێرى ب جارەكى سەر تێ دكر، هەمى پێ تڤیێت خۆ ژێ دكرین ژ بەركو مرۆڤەكێ ڕاستەگۆ، چاڤ  قسەكرى، ئاخافتن خۆش، دەستگر، خێرخازو جامێربوو.</s>
   <s>دلێ كەسى نەدەهێلا، دەست گرتن دگەل ژارو دەست كورتان دكر، ژبەر ڤێ چەندێ گەلەكێ ژ جهێ خۆدا ناڤدار بوو، بەلێ لسەر جامێرى‌و خۆش مرۆڤیا وى ژى ڕا، خودێ ژ ڕەنگ نەدیتبوو چو بچویك نەبوون).</s>
   <s>(تەنها بۆ خوێندنەوەو ڕاڤەكردنە)


ڕاڤەكردنى پەیڤەكان:
سەر تێ دكر	:	سەریان تێ دەكرد، ڕوویان تێ دەكرد
پێ تڤێیت خۆ	:	پێویستیەكانى خۆیان
دلێ كەسێ نەدهێلا	:	دڵى كەسى نەدەشكاند
ژبەر ڤێ چەندێ	:	لەبەر هەندێ، لەبەر ئەوە
لسەر جامێرى‌و خۆش مرۆڤیاوى ژى ڕا :   سەربارى جوامێرى‌و پیاو چاكى ئەو
ژار	:	هەژار



















سوارەى ئێـلخانى زادە
1937- 1976

ئەم شاعیرە نوێخوازەى ڕۆژهەڵاتى كوردستان ناوى (سوارە ئەحمەد ئاغاى ئێـلخانى)یە، لە شارى بۆكان هاتۆتە دنیاوە، خوێندنى سەرەتایى‌و ناوەندیى لە سەقزو بۆكان‌و تاران تەواوكردووەو پاشان چووەتە كۆلیجى حقوقى زانستگەى تاران.</s>
   <s>سوارە تەنیا تەمەنى منداڵى بەخۆشى بردووتە سەر، دواى ئەوە نەخۆشى‌و ژێر دەستەیى نەتەوەكەى هەراسانیكردووە، لە ساڵى (1961)ز بۆتە ئەندام لە یەكێتى خوێندكارانى كورد لە زانستگەكانى ئێران، لە پەلامارێكى گەورەى گرتن‌و ڕاونانى دەزگاى پۆلیسى (شا)وە، سوارەش كەوتە بەندیخانەى تارانەوە لە بەشى گرتووخانەى سیاسى ئێران.</s>
   <s>لە یادى دە ساڵەى كۆچى دوایى ئەم شاعیرەمان، یەكێ لە نزیكترین هاوڕێ‌و خۆشەویستى سوارە، بەم جۆرە نووسیویەتى‌و دەڵێت:
لە خۆ شاردنەوەو هەڵات هەڵاتى منداڵانە ڕا هەتا خۆشاردنەوەو هەڵات هەڵاتى سیاسەت‌و كوردایەتى، لە بووكى جوانى كوردستان ڕا هەتا شارى بە گرمەو دووكەڵ… چەند جارو چەند ساڵ پەككەوتن‌و تێهەڵچوونەوە، پێشمەرگایەتى من‌و گیرانى ئەو، گیرانى من‌و كڕمانەوەى ئەو لەبەشى كوردیى ڕادیۆى تاران‌و بە ناچارى لە دووتوێى سەد پەردەى ڕەمزو ڕازدا پێدا هەڵگوتن بە ئازادى‌و بە ڕابەرى‌و بەختەوەرى ئینسان شیعرو وتارى سیاسیى نووسیوە.</s>
   <s>شــــــــــــــــــار
گوڵم، دڵم پڕە لە دەردو كوڵ
ئەڵێم بڕۆم لە شارەكەت
ئەڵێم بە جامێ ئاوى كانیاوى دێیەكەم
عیلاجى كەم كوڵى دڵى پڕم لە دەردى ئینتیزارەكەت
وەڕز بوو گیانى من لە شارو هاڕە هاڕى ئەو
لە ڕۆژى چڵكنى نەخۆش‌و تاویادى شەو
     **    **    **
ئەڵێم بڕۆم لە شارەكەت
لە شارى چاو لەبەر چراى نیئۆن شەوارەكەت
بڕۆمە دێ كە مانگەشەو بزێتە ناو بزەم
چۆن بژیم لە شارەكەت
كە پڕ بە دڵ دژى گزەم
لە شارەكەت، كە ڕەمزى ئاسن‌و منارەیە
مەلى ئەوین غەوارەیە
ئەڵێى لە دەورى دەست‌و پێم
ئەوەى كە تێل‌و تان‌و ڕایەڵە، كەلەبچەیە
ئەوەى كە پەیكەرە میسالى داوەڵە
لە شارەكەت كەمەندى دووكەڵە
كە دێتە دەر لە ماڵى دەوڵەمەند
بە دارە تەرمى كووچە تەنگەكانى شارەكەت
ڕانەهاتووە لەشم
بنارى پڕ بەهارى دێ
ڕەنگى سوورو شین ئەدا
لە شیعرو عاتیفەى گەشم
ئەڵێم بڕۆم لە شارەكەت گوڵم
           (تەنها سێ دێری یەكەم بۆئەزبەركردن)


لێكدانەوەى وشەكان:
پەیڤ		واتاكەی
گوڵم	:	خۆشەویستەكەم
نوێخواز	:	ڕێبازى نوێ، لادان لە ڕێبازى كۆن
زانستگە	:	زانكۆ
هەراسان	:	پرزەى لێبڕیوە، بێتاقەتى كردووە
كوڵ	:	ئازار، حەسرەت
تاویاد	:	تاو لەرز
نیئۆن	:	گڵۆپى نیۆن
شەوارە	:	تیشكێكى بەهێزە كە شەو بۆ ڕاوكردنى باڵندە بەكارى دەهێنن لێرەدا بە واتاى ڕوناكییەكى بێئەندازەیە كە چاو لەبەرى هەڵنایە.</s>
   <s>بزێتە	:	دەركەوێ، دەركەڤى
بزە	:	خەندە، خۆشى‌و شادى
ئەوین 	:	ئەڤین، عەشق
غەوارە	:	بێگانە، نەناس
كرمانەوە	:	ماتبوون، گیرسانەوە
گرتووخانە	:	بەندیخانە، حەپسخانە
هەڵات هەڵات	:	ڕاكە ڕاكە
تێل	:	تەل
داوەڵ	:	كەلاشێكى گەورەو ناقۆڵا
كەمەند	:	زنجیرێ، گوریسێ كە خەڵكى پێبگرێ (ناوقەدى مرۆڤ)، لێرەدا مەبەستى دووكەڵەكە بۆتە كەمەند بۆ شارى تاران
عاتیفە	:	هەست‌و شعور
 
ئەحمەد دڵزار
ناوى (ئەحمەد مستەفاى حەمە ئاغاى حەوێزى)یە، لە ساڵى (1920)ز لە شارى كۆیە هاتۆتە ژیانەوە، هەر لەسەرەتاى ژیانیدا بە خوێندنەوەوە زۆر خۆى خەریككردووە، لە تەمەنى لاویدا كەوتۆتە خەباتى نیشتمانپەروەرییەوە، لەم ڕێگەیەوە زیندان‌و ئازارو ئەشكەنجەى زۆرى دیوە شاعیرى خەبات‌و  ژیان زۆر باش لەوە گەیشتووە، كە دەبێت خەبات بۆ كۆمەڵانى فراوانى گەل بێت، لەبەر ئەوە دەبینین شیعرەكانى دەخاتە چوارچێوەیەكى ئەوتۆى شیعرەوە، كە بەشێكى زۆر لە زەحمەتكێشان تێیبگەن‌و بیكەنە گۆرانى‌و سرودى كاروانى خەباتى خۆیان، وەك دەڵێت:
كارگەرین جەنگاوەرین		ڕەنج بەرین تێكۆشەرین
شیعرەكانى مێژوویەكى خوێناوى ڕێكخراوى چینى كرێكارانى عیراق بە گشتى‌و كورد بەتایبەتى باسدەكات، چونكە دڵزار لەناو ئەو ژیانە سەختەدا پەروەردە بووە، دڵزار دەستێكى باڵاى هەبووە لە وەرگێڕاندا، ئەمەش لە ئەنجامى زیرەكى‌و شارەزایى شاعیرە لە زارەكانى كوردى‌و ئەدەبى بێگانەدا، بەڵگەشمان بۆ ئەوە:
1.</s>
   <s>گەنجینە: كۆمەڵە چوارینەكانى بابە تاهیرە كە لەشێوەى لوڕییەوە كردوویەتى بەزارى كرمانجى خواروو.</s>
   <s>2.</s>
   <s>پێكەنینى بەهار: كە بەشێكە لە وەرگێرانى شیعرى شاعیرى بەناوبانگى فەرەنسى (ڤیكتۆر هیگۆ) بۆ سەر زمانى كوردى، كە سەرەتاكەى دەڵێت:
وا گەڕانەوە ڕۆژە درێژەكان    بەجۆش‌و خۆشى ڕووناكى پەخشان
ئەمەیە بەهار ئازارو نیسان    	هاتن پێكەوە ڕووخۆش خەندان
ئەحمەد دڵزار دوو بەرهەمى بە چاپ گەیشتووە بەناوى (ئاوازى ئاشتى)و (خەبات‌و ژیان).</s>
   <s>دڵزار هەر ئەو شاعیرە نییە كە شیعرەكانى، هەر بۆ مەبەستى سیاسى تەرخان كردبێت، بەڵكو شاعیر سروشت‌و بەهارو دیمەنى كوردستانى جوانیشى كردووە بە هەوێنى شیعرەكانى، ئەم هەستە ناسكەو سۆزە بەرزەى شاعیر لە شیعرى (مانگى گوڵان)دا دەردەكەوێت:
                                 مانگى گوڵان




















	مانگى گوڵانە گوڕەى بەهارە
زەمین سەراپا باخ‌و گوڵزارە
مافوورى سەوزى هەردان گوڵ گوڵە
گوڵشەن بە جارێ پڕ لە بولبولە
سەراپا شاخ‌و باخ‌و دۆڵ‌و دەشت
چاو ئەندازێكن لە باخچەى بەهەشت
پۆلێ كەنیشك‌و دەستەى دڵداران
هاتوچۆیانە لەنێو گوڵزاران
منداڵى ورد وێنەى كارژۆڵان
پەرت‌و پەخشانن لەناو مێرگوڵان
گەلەى گاكێوى‌و كەروێشك‌و ئاسكان
پەرتانن بە دەم هەڵدێرو باسكان
ئاوى كانیاوى ساردو سازگار
لە ژێرو قەدى كێوان دێتە خوار
لە لایێ شەپۆڵ شڵە شڵپ ئەكا
لەلایێ ئاگر كڵپە كڵپ ئەكا
لایەكیش گردو هەورازو ڕازە
دامێنى جێگەى یاریى سێبازە
وردو درشت‌و كچ‌و ژن‌و ژالأ
منداڵ‌و گەورە، پیاوو كوڕوكاڵ
گشتى سەرخۆشى جوانیى سروشتن
بەرانبەر نەغمەى بولبولان وشتن

(سێ دێرى بۆ ئەزبەركردنە)

ڕاڤەكردنى پەیڤەكان
پەیڤ		واتاكەی
مانگى گوڵان	:	دووەم مانگى بەهارە (نیسان)
گوڕەى بەهار	:	جۆش‌و خڕۆشى بەهارە
چاو ئەندازە	:	دیمەنێكى دڵرفێن
پۆلێ كەنیشك	:	پۆلێ كچ
پەرت‌و پەخشان	:	بڵاوبوونەتەوە
ئاسكان	:	ئاسك، مامز
باسكان	:	باسك، باسكى چیا، قەدى چیا
كڵپەى ئاگر	:	گڕى ئاگر
سێباز	:	یارییەكى كوردەوارییە
سەرخۆش	:	سەرمەست، خۆشییەكى بێ ئەندازە
وشتن	:	هەستیارن، حەساسن، گوێكراوەن.</s>
   <s>هەردان	:	هەرد، زەوى
گوڵشەن	:	گوڵزار
گەلە	:	ڕەوە، ژمارەكا زۆر
پەرتانن	:	بڵاون
شلپە شلپ	:	هاژە هاژى ئاو



بـۆ زانـین:
ناوى مانگە كوردییەكان ئەمانەن:
1.</s>
   <s>وەرزى بەهار: نەورۆز، گوڵان، جۆزەردان.</s>
   <s>2.</s>
   <s>وەرزى هاوین: پووشپەڕ، خەرمانان، گەلاوێژ.</s>
   <s>3.</s>
   <s>وەرزى پاییز: ڕەزبەر، گەڵاڕێزان، سەرماوەز.</s>
   <s>4.</s>
   <s>وەرزى زستان: بەفرانبار، ڕێبەندان، ڕەشەمێ.</s>
   <s>ئەو سەرچاوانەى بۆ نووسینى هەردوو
بابەتى ڕێزمان‌و ئەدەب سوودیان لێـوەرگیراوە:

1.</s>
   <s>ڕێزمانى كوردى- ناو-   د. ئاوڕەحمانى حاجى مارف
2.</s>
   <s>ئاواو دەستوورا زمانێ كوردى،	جگەرخوێن
3.</s>
   <s>ڕێزمانى ئاخاوتنى كوردى،	كۆڕى زانیارى كورد
4.</s>
   <s>ڕێزمانا كوردى، صادق بها‌والدین
5.</s>
   <s>ڕێزمانى كوردى پ. كوردۆییف، د. كوردستان موكریانى لە ڕوسیەوە كردوویە بە كوردى.</s>
   <s>6.</s>
   <s>ڕێزمانى كوردى، نورى عەلى ئەمین
7.</s>
   <s>دیوانى پێنجوینى كۆكردنەوەو ئامادەكردنى/ ئومێد ئاشناو عبدالكریم موفتى.</s>
   <s>8.</s>
   <s>یادى موفتى، كوكردنەوەى بوڕهان قانیع.</s>
   <s>9.</s>
   <s>ئەسیرى شاعیرێكى شۆڕشگێڕى، قۆناغى دواى حاجى قادرى كۆییە، جەبار جەبارى.</s>
   <s>10.</s>
   <s>سەرجەمى بەرهەمەكانى: شەهید مارف بەرزنجى، كۆكردنەوەو ڕێكخستنى سامان مارف بەرزنجى‌و عمر معروف بەرزنجى.</s>
   <s>11.</s>
   <s>دیوان دڵدار.</s>
   <s>12.</s>
   <s>دیوانى كاردۆخى.</s>
   <s>زۆر سـەرچـاوەى تـریـش....</s>
</ch>