<?xml version="1.0" encoding="UTF-8"?>
<ch>
  <s>﻿
 وانەى سێیەم
ناوى نەناسراو - ناوى ناسراو

ئـ- ناوى نەناسراو

1.</s>
  <s>كچێك دەرگاى ماڵى ئێمەى كردەوەو هاتە ژوورەوە.</s>
  <s>كچەكێ دەرگەهێ مالا مە ڤەكرو هات ژوورڤە.</s>
  <s>2.</s>
  <s>كە چاوم پێت كەوت تووشى دەریایێك (دەریایەك، دەریایێ) خەفەت‌و پەژارە بووم.</s>
  <s>چووینە دێیێك (دێیەك، دێیێَ) لەبنارى چیاى قەندیل.</s>
  <s>كانیێكى (كانیەكى، كانیێ) خۆش لە گوندەكەمان هەیە.</s>
  <s>هەڵۆیێك (هەڵۆیەك، هەڵۆیێ) لە ئاسماندا نێچیرێكى گرتبوو.</s>
  <s>پەنجەرەیێك (پەنجەرەیەك، پەنجەرەیێ) لە ژوورى سەرەوە شكابوو.</s>
  <s>3.</s>
  <s>داربەڕووێك (داربەڕووەك، داربەڕووێ) لەو دارستانە وشكبووە.</s>
  <s>4.</s>
  <s>ڕۆژانێك (رۆژانەك، ڕۆژانێ) مرۆڤ  لە ئەشكەوتان دەژیا.</s>
  <s>خستنەڕوو:
ئەگەر ڕستەكان بە وردى بخوێنینەوە، دەبینین:
1.</s>
  <s>لەرستەى یەكەمدا كە ناوى (كچێك- كچەك- كچێ) دەهێنین، مەبەستمان تاكە كچێكەو ئەو كچەش نەناسراوەو تاكیشە.</s>
  <s>2.</s>
  <s>لە ڕستەى دووەمدا كە دەبێژین (دەریایێك، دەریایەك، دەریاێى) مەبەست ئەوەیە، دەریایەكە هەم تاكە هەم نەناسراویشە واتا هەردوو نیشانەى یا هەردوو سیفەتى تاكایەتى‌و نەناسراویى پێوەیە.</s>
  <s>3.</s>
  <s>هەر بەم جۆرە لە ڕستەكانى دیكە كۆمەڵە ناوێك دەبینین، كە بەڕیز بریتین لە:
 د ێیێك، دیێەك، دیێ 
كانیێك، كانیەك،كانیێ
هەڵۆیێك، هەڵۆیەك، هەڵۆیێ
پەنجەرەیێك، پەنجەرەیەك، پەنجەرەیێ
ئەم ناوانە وەكو ئەوانى پێشوو هەموویان هەم تاكایەتى‌و هەم نەناسراویى پیشاندەدەن، ئەو پیشاندانەش بەهۆى نیشانەیەك كراوە كە بریتییە لە (ێك، ەك، ێ).</s>
  <s>4.</s>
  <s>لە ڕستەى ژمارە (3)شدا، ناوى داربەڕوو، بووە بە (داربەڕووێك، داڕبەرووەك، داربەڕووێ) كە هەر هەمان مەبەستى نە ناسراویى وتاكایەتى دەبەخشێ.</s>
  <s>5.</s>
  <s>لە ڕستەى ژمارە (5) داناوى (ڕۆژانێك، ڕۆژانەك، ڕۆژانێ) ناوێكە نەناسراویى پیشان دەدا بەڵام تاك نییە، بەڵكو بەهۆى نیشانەى (ان) كۆكراوەتەوەو نیشانەكە خراوەتە دواى ناوەكە پێش نیشانەى (ێك) كە بۆ نەناسراوى بە كارهاتووە، كەواتە ئەم نیشانەیە دەخرێتە سەر ناوى كۆ هەروەكو چۆن لەگەڵ تاكیشدا بەكاردێت.</s>
  <s>دەستور:
1.</s>
  <s>نیشانەى نەناسراوى لە زمانى  كوردیدا، جگە لە پیشاندانى نەناسراوى تاكایەتیش پیشاندەدات، هەرچەندە جاروبار دەخرێتە سەر ناوى (كۆ)ش.</s>
  <s>2.</s>
  <s>نیشانەكە یەك لەم شێوانە وەردەگرێ:
(ێك، ەك، ێ)، كە دەخرێتە سەر ناو و دەیكات بە ناوى نەناسراو بەم جۆرە:
ئـ- ئەگەر ناوەكە كۆتایى هاتبوو بە پیتى نەبزوێن، یەكسەر نیشانەى (ێك، ەك، ێ) دەخرێتە سەر ناوەكە، وەك: پیاو= پیاوێك، پیاوەك، پیاوێ
دار = دارێك، دارەك، دارێ
ب- ئەگەر ناوەكە كۆتایى هاتبوو بە بزوێنەكانى (أ، ێ، ى، ۆ، ە) لە نێوان ناوەكەو نیشانەكە ناوبەندی (ى) پەیدا دەبێت، وەك:
چیا + ى+ نیشانەكە= چیایێك، چیایەك، چیایێ
زێ + ى+ نیشانەكە= زێیێك، زێیەك، زێیێ
ماسى+ ى+ نیشانەكە= ماسییێك، ماسییەك، ماسییێ
پەڕۆ+ ى + نیشانەكە = پەڕۆیێك، پەڕۆیەك، پەڕۆیێ
پەڕە+ ى + نیشانەكە = پەڕەیێك، پەڕەیەك، پەڕەیێ

پ- ئەگەر ناوەكە كۆتایى هاتبوو بە بزوێنى (وو)، ناوبەندى (و) لەنێوان ناوەكەو نیشانەكە دادەنرێ، بزوێنى (وو) ئەو كاتە لە دەربڕیندا كورتتر خۆى پیشاندەدات، وەك:
بەڕوو + و + نیشانەكە= بەڕووێك، بەڕووەك، بەڕووێ( ).</s>
  <s>3.</s>
  <s>ناوى نەناسراو (ان)ى نیشانەى كۆكردنەوەى ناو وەردەگرێت‌و ئەو نیشانەیە دەكەوێتە نێوان ناوەكەو نیشانەى نەناسراویەوە، وەك:
كەس+ ان+ نیشانەكە= كەسانێك، كەسانەك، كەسانێ.</s>
  <s>ب- ناوى ناسراو
(دارەكە زۆر بڵند بوو، كەس ژمە نەشیاین بچینە سەرى، باخەوانەكە خۆى هەنارە شیرینەكەى بۆمان لێكردەوە، هەروەها لە دار هەرمێكە 
و لە هەڵووژەكە هەندێكى بۆ لێكردینەوە.</s>
  <s>میوانەكانمان بردو چووینە سەر كانییەكە، ل وێرێ ڕوونیشتین‌و دەستمانكرد بە میوەخواردن، ئاوى كانییەكە گەلێك سارد بوو، تەنانەت بادییە دۆیەكەى لەناو ئاوەكە دانرابوو ساردو تەزیببوو.</s>
  <s>جوتیارى براى باخەوانەكە لەژێر داربەڕووەكەدا بەرامبەر چیاكە پاڵ كەوتبوو و تەماشاى ئێمەى دەكردو خۆزى ئەوەى دەخواست كە لەو ڕوونیشتنە لەگەڵمان بووایە، لەپڕ مارێكمان لێدەركەوت، ویستمان بیكوژین، مارە بۆى دەرچوو، لەدەستمان ڕزگارى بوو).</s>
  <s>خستنەڕوو:
لە خوێندنەوەى ئەم نووسینەدا، ژمارەیەك ناو دەبینین، كە هێلیان بە ژێردا كێشراوە،  ناوەكان بۆیە هێلیان بەژێردا هاتووە، چونكە هەر یەكە نیشانەیەكى تایبەتى خراوەتە سەر بۆ ئەوەى مەبەستێك دەرببڕێ.</s>
  <s>بۆ نمونە ئەگەر تەماشاى ناوەكانى:
(دارەكە، باخەوانەكە) بكەین لە بنەڕەتدا ئەم دوو ناوە لەشێوەى (دار، باخەوان)دا بوون، كە هەردووكیان بە پیتى نەبزوێن كۆتاییان هاتووە، ئێمەش هاتووین‌و نیشانەى (ەكە)مان خستووتە سەریان بۆ ئەوەى بیانكەین بەناوێكى ناسراو، وەك: (دارەكە، باخەوانەكە).</s>
  <s>دیارە جیاوازى لەنێوان (دار، دارەكە)و (باخەوان، باخەوانەكە)دا هەیە، لەوەدا كە (دار) ناوێكى گشتییەو بەسەر هەموو جۆرە دارێكدا دابڕاوەو جۆرە دارێكى دیارو ئاشكراو ناسراو دەستنیشان ناكات، بەڵام (دارەكە)، دارێك دەستنیشان دەكات كە لەمەوبەر لامان ئاشكراو دیارو ناسراو بووە، كە گوتمان (دارەكە) یەكسەر بیرو هۆشمان بۆ لاى دارێك دەچێت كە لەمەو پێش ناسیومانەو دەزانین كامەیە، بۆیە نیشانەى (ەكە) ناوەكەى بۆ كردین بە ناوى ناسراو، هەروا (باخەوان، باخەوانەكە)ش.</s>
  <s>ناوى (دارهەرمێكە) كە لە بنەڕەتدا (دارهەرمێ) كۆتایى بە بزوێنى (ێ) هاتووە، بەهۆى نیشانەى (ەكە)وە كردوومانە بە ناوێكى ناسراو، هەروەكو گوتمان چونكە ناوەكە كۆتایى بە بزوێن هاتووە، بۆیە (ە)ى سەرەتای نیشانەكە تێدەچێت‌و دەبێتە (هەرمێكە).</s>
  <s>هەر بەم جۆرەش ناوەكانى:
دۆ، دۆیەكە 
چیا ،  چیاكە
هەر یەكەیان بەهۆى نیشانەى (ەكە)وە كراون بەناوى ناسراو، بەڵام چونكە ناوەكان لە بنەرتدا كۆتاییان بە بزوێن هاتووە، بۆیە (ە)ى سەرەتاى نیشانەى (ەكە)، یان تێدەچێت.</s>
  <s>هەر ناوێكیش، كە كۆتایى بە بزوێنى (ى) هاتبێت وەكو (كانى)، كە دەكرێ بە ناسراو و نیشانەى (ەكە)ى دەخرێتە سەر، نەبزوێنى (ى) پێویستە ببێت بە ناوبەند لە نێوان پیتى (ى) كۆتایى ناوەكە، كە بزوێنەو پیتى (ە)ى نیشانەكە دابنرێ، وەكو:
كانى دەبێتە (كانییەكە).</s>
  <s>ماسى دەبێتە ( ماسییەكە).</s>
  <s>ناوى (هەڵوژەكە) كە لە بنەڕەتدا بریتیە لە (هەڵوژە) كۆتایى بە بزوێنى (ە) هاتووە، كە دەیكەین بە ناوێكى ناسراو بە هۆى نیشانەى (ەكە)، ئەوا نیشانە نەناسراوى(ە)ى تێدەچێت.</s>
  <s>هەروەها ناوى (داربەڕووەكە)، ئەم ناوە لە بنەڕەتدا كۆتایى بە بزوێنى (وو) دێت، كاتێك، كە نیشانەى (ەكە)ى ناسراوی دەخرێتە سەر، ئەوا پیتى نەبزوێنى (و- W ) لەنێوان ناوەكەو نیشانەكەدا پەیدا دەبێت‌و بزوێنى (وو) لەكاتى دەربڕیندا كەمێك لەبارى ئاسایى خۆى كورتتر دێتە گۆتن.</s>
  <s>هەر لە نووسراوەكەدا ڕستەیەك بەم جۆرە هاتووە (لە پڕ مارێكمان لێدەركەوت، ویستمان بیكوژین، مارە بۆى دەرچوو).</s>
  <s>لەم ڕستەیەدا ناوى (مارە) ناوێكى ناسراوەو بەهۆى نیشانەى (ە)، كە ئەویش نیشانەى ناسراوى ناوە، كراوە بەناوى ناسراو، لەوانەشە ئەم نیشانەیە كورتكراوەى نیشانەى (ەكە) بێت.</s>
  <s>ناوى ناسراوى بەرجەستە  هەر تاك نایێت، بەڵكو هەموو ناوێكى ناسراو بەهۆى نیشانەى (ان)ى كۆ، كۆدەكرێتەوە، نیشانەكە دەخرێتە دواى (ەكە)و ناوەكە دەبێتە ناسراوى كۆ، وەك لە ڕستەى (میوەكانمان بردو چووینە سەركانییەكە)دا دەردەكەوێت.</s>
  <s>هەندێ جار نیشانەى ناسراوى دەكەوێتە سەر هاوەڵناوەوە، بەڵام لەو بارەشدا ئەو ناوەى لەگەڵ هاوەڵناوەكەدا دێت، هەر بە ناوێكى ناسراو دادەنرێت، وەك (باخەوانەكە خۆى هەنارە شیرنەكەى بۆمان لێكردەوە) دا دەردەكەوێت.</s>
  <s>كە لێرەدا نیشانەى (ەكە)ى ناسراوى خراوەتە سەر هاوەڵناوى (شیرین) نەك ناوى (هەنار)، بەڵام ناوى هەناریش دەبێتە ناوێكى ناسراو، هەر چەندە نیشانەكە لەسەر هاوەڵناوەكەیە.</s>
  <s>دەستور:
ناوى ناسراو، ناوێكە كە ماناو مەبەستى شتێك دەردەخات و بە ناسراوی دەیخاتە ڕوو، بە ئاسانى لە هاوچەشنەكانى خۆى جیایدەكاتەوە، چونكە ناوێكى دیاریكراوى زانراو دەردەخات.</s>
  <s>نیشانەى سەرەكى ناسراوی (ەكە) یە بەم جۆرە بەكاردێت.</s>
  <s>1.</s>
  <s>ئەگەر ناوەكە كۆتایى بە نەبزوێن هاتبوو، یەكسەر نیشانەكەى دەخرێتە سەر.</s>
  <s>2.</s>
  <s>ئـ- ئەگەر ناوەكە بە بزوێنەكانى (ا، ۆ، ێ، ە) كۆتایى هاتبوو و لە یەك برگە  پێكهاتبوو،  ئەوە ناوبەندى (ى- y) وەردەگرێت.</s>
  <s>ب- ئەگەر ناوەكە كۆتایى بە بزوێنى (ا، ۆ، ێ، ە) هاتبوو و لە بڕگەیەك زیاتر بوو،  بزوێنى (ە)ى كۆتایى نیشانەكە تێدەچێت .</s>
  <s>3.</s>
  <s>ئەگەر ناوەكە بە بزوێنى (ى) كۆتایى هاتبوو ، ئەوا لەنێوان ناوەكەو نیشانەكە (ى -y  ) نەبزوێن وەك ناوبەند دادەنرێت.</s>
  <s>4.</s>
  <s>ئەگەر ناوەكە بە بزوێنى (وو) كۆتایى هاتبوو، پیتى نەبزوێنى 
( و - W ) وەكو ناوبەند دەخرێتە نێوان ناوەكەو نیشانەكە.</s>
  <s>5.</s>
  <s>زۆرجار نیشانەى (ە) بۆ ناسراوى بەكاردێت كە ڕەنگبێت كورتكردنەوەى (ەكە) بێت، وەك كوڕە هات - كچە دەرچوو.</s>
  <s>6.</s>
  <s>ناوى ناسراو بە نیشانەى (ان) كۆدەكرێتەوە كە دەخرێنە، دواى نیشانەكەوە.</s>
  <s>7.</s>
  <s>ئەگەر هاوەڵناوێك بەدواى ناوەكە هات نیشانەى (ەكە) دەخرێتە سەر هاوەڵناوەكەو ناوەكەشى هەر دەبێت بە ناسراو.</s>
  <s>8.</s>
  <s>نیشانەى ناسراوى ناچێتە سەر ناوى تایبەتییەوە، لە بەر ئەوەى هەموو ناوێكی تایبەت لە بنەڕەتدا ناسراوەو كۆ ناكرێتەوە.</s>
  <s>ڕاهێنانى (1)
لەم ڕستانەدا ناوە نەناسراوەكان بگۆڕە بە ناوى ناسراو.</s>
  <s>1.</s>
  <s>ئازاد دەرگایەكى كردەوە.</s>
  <s>2.</s>
  <s>كتێبێك بكڕە.</s>
  <s>3.</s>
  <s>دوێنێ مامۆستایێك چیرۆكێكى بۆ قوتابییان خوێندەوە.</s>
  <s>4.</s>
  <s>پەریزاد سێوێكى خوارد.</s>
  <s>5.</s>
  <s>نەوزاد وانە دەخوێنێت.</s>
  <s>6.</s>
  <s>كوڕێكم دیت.</s>
  <s>7.</s>
  <s>قەلێك سەلكە پەنیرێكى بە دەنووك هەڵگرتبوو.</s>
  <s>8.</s>
  <s>پار كچێك بە یەكەم دەرچوو.</s>
  <s>ڕاهێنانى (2)
لەم ڕستانەدا ناوەكان لەتاكى نەناسراوەوە بكە بە كۆى ناسراو، هەر گۆڕانكارییەكى دى كە بەسەر ڕستەكاندا دێت ئەنجامیان بدە.</s>
  <s>1.</s>
  <s>كراسێكى جوانم كــــــــــڕى.</s>
  <s>2.</s>
  <s>برادەرێكم هات‌و سەرى لێدام.</s>
  <s>3.</s>
  <s>دێیێك ئاوەدان دەكەنەوە.</s>
  <s>4.</s>
  <s>كابرایەك ڕەزێكى كێڵا.</s>
  <s>5.</s>
  <s>ڕاوكەرێك كەوێكى گرت.</s>
  <s>ڕاهێنانى (3)
وەڵامى ڕاست هەڵبژێرە:
ڕاستەیەك    :   (تاكى ناسراوە، كۆى ناسراو، تاكى نەناسراوە)
كوڕە         :   (تاكى نەناسراوە، تاكى ناسراوە، كۆى نەناسراو)
ڕوبارەكان   :   (كۆى نەناسراوە، كۆى ناسراوە، تاكى ناسراو)
هەڵەبجە     :   (تاكى ناسراوە، تاكى نەناسراوە، كۆى ناسراو)
لادێكە       :   (تاكى ناسراوە، كۆى ناسراو، تاكى نەناسراوە)
لاوانێك       :  (كۆى ناسراوە، كۆى نەناسراوە، كۆى ناسراو)
پەنجەرەیەك:  (كۆى نەناسراو، تاكى ناسراوە، تاكى نەناسراوە)



ڕاهێنانى (4)
لەم ڕستانەدا هەر ناوێكى ناسراو هەیە بیكە بە نەناسراو و ڕستەكان بنووسەوە.</s>
  <s>1.</s>
  <s>جانتاكەم دۆزییەوە.</s>
  <s>2.</s>
  <s>پەپوولەكە لەسەر گوڵەكە نیشتەوە.</s>
  <s>3.</s>
  <s>چاوم بە پیاوەكە كەوت.</s>
  <s>4.</s>
  <s>ڕێیەكەمان قیرتاوكرد.</s>
  <s>5.</s>
  <s>دارستانەكە سووتا.</s>
  <s>ڕاهێنانى (5)
نمونە:
    ئـ- چێڵ	ب- چێڵێك	پ - چێڵەكە		ت- چێڵەكان
ئەم ناوانە وەك (ب، پ، ت ) بنووسە:
     (چرا، مانگ، ماسى، زانكۆ، ئاگر، شەپۆڵ)

ڕاهێنانى (6)
 ئەم ڕستانە شلۆڤەبكە:
1.</s>
  <s>بێریڤانەكە مەڕەكانى دۆشى.</s>
  <s>2.</s>
  <s>فڕۆكەكە دەنیشێتەوە.</s>
  <s>ڕاڤەكردنى پەیڤان
  پەیڤ		واتاكەى
كەس ژمە	:	كەس لە ئێمە، كەس لەمە
نەشیاین	:	نەمانتوانى
ل وێرێ	:	لەوێ ، لەوێندەرێ
بادى	:	جام، كاسە
لەپڕ	:	لەناكاو، لەهێكەوە
سەلكە پەنیر	:	سەركە پەنیر</s>
</ch>