<?xml version="1.0" encoding="UTF-8"?>
<ch>
    <s>﻿
(وانەى حەڤدەهەم)
گـرێى هاوەڵناوى

ئەم ڕستانە بخوێنەوە:


1.</s>
    <s>شارى زۆر گەورەم بینى.</s>
    <s>2.</s>
    <s>ئێوەى گەلێك زیرەك سەردەكەون.</s>
    <s>3.</s>
    <s>تابلۆكە هەندێك جوانە.</s>
    <s>4.</s>
    <s>كوڕە زۆر ئازاكە هات.</s>
    <s>5.</s>
    <s>پردێكى جوان‌و پتەویان دروستكرد.</s>
    <s>خستنەڕوو:
گرێى هاوەڵناوى دەتوانێت هەموو ئەركەكانى هاوەڵناو ببێنێت، بەڵام ئەوەى جیایان دەكاتەوە، تەنیا شێوەى پێكهاتنیانە، كە گرێى هاوەڵناوى فراوانترە‌و لە ڕووى دروستبوونییەوە جیاوازە لە هاوەڵناوى داڕژاو‌و لێكدراو.</s>
    <s>ئەگەر سەیرى ڕستەكان بكەین، دەبینین: 
1.</s>
    <s>لە ڕستەى یەكەمدا (شارى زۆر گەورەم بینى)، (زۆر گەورە) گرێیەكى هاوەڵناوییە، لە هاوەڵناوى نادیارى (زۆر)‌و هاوەڵناوى چۆنیەتى(گەورە) دروستبووە، ئەركى دیارخەرى ناوى (شار)ى بینیوە، چونكە وەسفى ناوەكەى كردووە.</s>
    <s>2.</s>
    <s>لە ڕستەى دووەمدا (ئێوەى گەلێك زیرەك سەردەكەون)، (گەلێك زیرەك) گرێیەكى هاوەڵناوییە، لە هاوەڵناوى نادیارى (گەلێك)‌و هاوەڵناوى چۆنیەتى (زیرەك) پێكهاتووە.</s>
    <s>ئەركى دیارخەرى جێناوى سەربەخۆى (ئێوە)ى بینیوە، چونكە وەسفى جێناوەكەى كردووە.</s>
    <s>3.</s>
    <s>لە ڕستەى سێیەمدا (تابلۆكە هەندێك جوانە)، (هەندێك جوان) گرێیەكى هاوەڵناوییە، لە هاوەڵناوى نادیارى (هەندێك)‌و هاوەڵناوى چۆنیەتى (جوان) پێكهاتووە.</s>
    <s>ئەركى تەواوكەرى كارى ناتەواوى (ە)ى بینیوە، چونكە واتاى كارە ناتەواوەكەى تەواوكردووە.</s>
    <s>4.</s>
    <s>لە ڕستەى چوارەمدا (كوڕە زۆر ئازاكە هات)، (زۆر ئازا) گرێیەكى هاوەڵناوییە، لە هاوەڵناوى نادیارى (زۆر)‌و هاوەڵناوى چۆنیەتى(ئازا) دروستبووە، ئەركى دیارخەرى ناوى (كوڕ)ى بینیوە، چونكە وەسفى ناوەكەى كردووە.</s>
    <s>5.</s>
    <s>لە ڕستەى پێنجەمدا (پردێكى جوان‌و پتەویان دروستكرد)، (جوان‌و پتەو) گرێیەكى هاوەڵناوییە لە هەردوو هاوەڵناوى چۆنیەتى (جوان ، پتەو) بە یارمەتى ئامرازى لێكدەرى (و) دروستبووە.</s>
    <s>ئەركى دیارخەرى ناوى (پرد)ى بینیوە.</s>
    <s>دەستور:

گرێى هاوەڵناوى كۆمەڵە پەیڤێك بەسەریەكەوە كە لە ڕستەدا ئەركى هاوەڵناو دەبینێت‌و وەسفى ناو یان جێناو دەكات و لە ڕستەدا دەبێتە دیارخەرى ناو ‌و جێناو، هەروەها دەبێتە تەواوكەرى كارى ناتەواو.</s>
    <s>بەم شێوانە دروستدەكرێن:
1-	{ هاوەڵناوى نادیار  + هاوەڵناوى چۆنییەتى }
وەك: زۆرجوان،  هەندێك خێرا،  كەمێك بەپەلە .....
2-	{ هاوەڵناوى چۆنیەتى+ئامرازى لێكدەر(و)+هاوەڵناوى چۆنییەتى}
وەك: زیرەك‌و لێهاتوو، خۆش‌و بەتام ، جوان‌و نوێ .......

ڕاهێنانى (1)
ئەم بۆشاییانەى خوارەوە بە گرێیەكى هاوەڵناوى پڕبكەرەوە:
1.</s>
    <s>مرۆڤى .......... بە ئاوات دەگات.</s>
    <s>2.</s>
    <s>لەگەڵ هاورێى .......... هەڵسوكەوت بكە.</s>
    <s>3.</s>
    <s>خاتوو میتران بە دۆستێكی .......... كورد دادەنرێت.</s>
    <s>4.</s>
    <s>میوەى .......... بخۆ.</s>
    <s>ڕاهێنانى (2)

ئەم بۆشاییانە بە گرێیەكى گونجاو پڕبكەرەوەو جۆرەكەشى بنووسە:
1.</s>
    <s>.......... ناخۆشە.</s>
    <s>2.</s>
    <s>كوڕە .......... ئامۆازمە.</s>
    <s>3.</s>
    <s>.......... دەكرم.</s>
    <s>4.</s>
    <s>كاغەز .......... دروست دەكرێت.</s>
    <s>5.</s>
    <s>دەبێت قوتابی ..........ت خۆش بوێت.</s>
    <s>6.</s>
    <s>.......... نووسى.</s>
    <s>ڕاهێنانى (3)

 بۆ هەر گرێیەكى (ناوى، هاوەڵناوى ، هاوەڵكارى) دوو ڕستە بهێنەرەوە.</s>
    <s>ڕاهێنانى (4)
چۆن گرێى ناوى‌و هاوەڵناوى‌و هاوەڵكارى لێك جیادەكەیتەوە؟ بە نمونە ڕوونى بكەوە.</s>
    <s>ڕاهێنانى (5)
لەم گرێیانەى خوارەوە جۆرى گرێیەكە دیاربكەو لە ڕستەدا بەكارى بهێنە.</s>
    <s>(زۆر خۆش، دوێنێ شەو، درەختى چیاكە، ، دارى سێو، هەفتەى داهاتوو)

ڕاهێنانى (6)

جیاوازیى نێوان ئەمانەى خوارەوە ئاشكرا بكە:

1.</s>
    <s>ئـ-  تەختە ڕەشەكەم سڕییەوە.</s>
    <s>ب- تەختەڕەش دەستمان پیسدەكات.</s>
    <s>2.</s>
    <s>ئـ- منداڵەكە زیرەكە.</s>
    <s>ب- منداڵە زیرەكەكە، چاودێرى پۆلە.</s>
    <s>3.</s>
    <s>ئـ- هەرمێ لاسوورە	ب- هەرمێى لاسوور
		


ڕاهێنانى (7)
ئەم ڕستانەى خوارەوە شلۆڤەبكە:
1.</s>
    <s>كرێكارەكان دوێنێ ئێوارە لە كارگەى مافور گەڕانەوە.</s>
    <s>2.</s>
    <s>كچا گەلەك ژیر خارن ئامادەدكر.</s>
</ch>