<?xml version="1.0" encoding="UTF-8"?>
<ch>
    <s>﻿
(وانەى نۆیەم)
جۆرەكانى هاوەڵناوى چۆنییەتى
(لەڕووى دروستكردنییەوە)
ئـ/

1.</s>
    <s>گوڵى جوان بچێنە.</s>
    <s>2.</s>
    <s>ئاوى كانى پاكە.</s>
    <s>3.</s>
    <s>تۆى زیرەك دەردەچیت.</s>
    <s>4.</s>
    <s>چەند چیا بلند بن نهال  كویر  دبن.</s>
    <s>5.</s>
    <s>درەختى سەوز جوانە.</s>
    <s>ب/
1.</s>
    <s>بهارا كوردستانێ گەلەكا ڕەنگینە.</s>
    <s>2.</s>
    <s>كتێبى بەسوود بخوێنەوە.</s>
    <s>3.</s>
    <s>مرۆڤێ دەشتەكى بەهێزە.</s>
    <s>4.</s>
    <s>مرۆڤێ بێ ورە سەرناكەویێت.</s>
    <s>5.</s>
    <s>گەلێن هشیار پێش دكەڤن.</s>
    <s>6.</s>
    <s>منداڵى نابینا هەستیارە.</s>
    <s>پ/
1.</s>
    <s>یارمەتیى مرۆڤى دڵسووتاو بدەن.</s>
    <s>2.</s>
    <s>لە مرۆڤێ زارخۆشى زگڕەش دویر كەڤە.</s>
    <s>3.</s>
    <s>گولیزار كچەكا ڕووخۆشە.</s>
    <s>4.</s>
    <s>موحەمەد عارفێ سترانبێژ هونەرمەندەكێ مەزن بوو.</s>
    <s>5.</s>
    <s>پیاوى دەستبڕ لەناو دەچێت.</s>
    <s>خستنەڕوو:
ئـ- كاتێ سەیرى ڕستەكانى بەشى (ئـ) دەكەین، دەبینین پەیڤەكانى (جوان، پاك، زیرەك).</s>
    <s>هەموویان هاوەڵناوى چۆنیەتین‌و بوونەتە دیارخەرى ناوێك یا جێناوێك یاخود تەواوكەرى كارى ناتەواو.</s>
    <s>بەڵام ئەگەر لە ڕووى دروست بوونیانەوە سەیریان بكەین، دەبینین كە هەر یەكەیان تەنها لە یەك وشەى واتادار پێكهاتووە، لەبەر ئەمە پێیان دەگوترێ هاوەڵناوى سادە.</s>
    <s>ب- ئەگەر سەرنج بدەینە ڕستەكانى بەشى (ب) دەبینین وشەكانى (ڕەنگین، بەسوود، دەشتەكى، بێ ورە، هشیار (هوشیار)، نابینا، هەستیار).</s>
    <s>هەموویان هاوەڵناوى چۆنیەتین‌و بوونەتە دیارخەرى ناوێك یا تەواوكەرى كارى ناتەواو.</s>
    <s>بەڵام لە ڕووى دروست بوونیانەوە هەر یەكەیان لە وشەیەكى واتادار لەگەڵ پێشگرێك یا لەگەڵ پاشگرێك پێكهاتووە، لەبەر ئەمە پێیان دەگوترێ هاوەڵناوى داڕێژراو.</s>
    <s>وەكو:
1.</s>
    <s>لە ڕستەى یەكەمدا هاوەڵناوى چۆنییەتى داڕێژراو (ڕەنگین) لە وشەى ڕەنگ لەگەڵ پاشگرى (ین) پێكهاتووە.</s>
    <s>2.</s>
    <s>لە ڕستەى دووەمدا هاوەڵناوى چۆنییەتى داڕێژراو (بەسوود) لە پێشگرى (بە) وشەى (سوود) پێكهاتووە.</s>
    <s>3.</s>
    <s>لە ڕستەى سێیەمدا هاوەڵناوى چۆنییەتى داڕێژراو (دەشتەكى) لە وشەى (دەشت)‌و پاشگرى (ەكى) پێكهاتووە.</s>
    <s>هەروەها هاوەڵناوى چۆنییەتى داڕێژراو (بەهێز) لە پێشگرى (بە) لەگەڵ وشەى (هێز) پێكهاتووە.</s>
    <s>4.</s>
    <s>لە ڕستەى چوارەمدا هاوەڵناوى چۆنییەتى داڕێژراو (بێ ورە) لە پێشگرى (بێ) لەگەڵ وشەى (ورە) پێكهاتووە.</s>
    <s>5.</s>
    <s>لە ڕستەى پێنجەمدا هاوەڵناوى چۆنییەتى داڕێژراو (هشیار، هوشیار) لە وشەى (هش) (هۆش) لەگەڵ پاشگرى (یار) پێكهاتوون.</s>
    <s>پ- دیسان ئەگەر سەیرى ڕستەكانى (پ) بكەین، دەبینین وشەكانى (دڵسووتاو، زارخۆش، زگڕەش، ڕووخۆش، سترانبێژ، دەستبڕ) هەموویان هاوەڵناوى چۆنیەتیین، بەڵام لە ڕووى دروست بوونیانەوە هەریەكەیان لە دوو وشەى واتادار یا پتر پێكهاتووە، لەبەر ئەمە پێیان دەگوترێ هاوەڵناوى لێكدراو.</s>
    <s>وەكو:
1.</s>
    <s>لە ڕستەى یەكەمدا هاوەڵناوى چۆنییەتى لێكدراو (دڵسووتاو) لە دوو وشەى واتادار (دڵ+سووتا) لەگەڵ پاشگرى (و) پێكهاتووە.</s>
    <s>2.</s>
    <s>لە ڕستەى دووەمدا هاوەڵناوى چۆنییەتى لێكدراو (زارخۆش) لە دوو وشەى واتادار (زار+خۆش) پێكهاتووە.</s>
    <s>هەروەها هاوەڵناوى چۆنییەتیى لێكدراو (زگڕەش) لە دوو وشەى واتادار (زگ+ ڕەش) پێكهاتووە.</s>
    <s>3.</s>
    <s>لە ڕستەى سێیەمدا هاوەڵناوى چۆنییەتى لێكدراو (ڕووخۆش) لە دوو وشەى واتادار (ڕوو+خۆش) پێكهاتووە.</s>
    <s>4.</s>
    <s>لە ڕستەى چوارەمدا هاوەڵناوى چۆنییەتى لێكدراو (سترانبێژ) لە دووشەى واتادار (ستران+ بێژ) پێكهاتووە.</s>
    <s>5.</s>
    <s>لە ڕستەى پێنجەمدا هاوەڵناوى چۆنییەتى لێكدراو (دەستبڕ) لە دوو وشەى واتادار (دەست+بڕ) پێكهاتووە.</s>
    <s>دەستور:
هاوەڵناوى چۆنییەتى لە ڕووى دروستكردنییەوە دەكرێت بە دوو جۆر:

1- هاوەڵناوى سادە: وشەیەكى واتادارى سەربەخۆیە.</s>
    <s>2- هاوەڵناوى ناسادە:
ئـ- لە وشەیەكى واتادار لەگەڵ پاشگرێك یان پێشگرێك یان هەردووكیان پێكهاتووە.</s>
    <s>ب- هاوڵناوى لێكدراو: لە دوو وشەى واتادار یا پتر پێكهاتووە.</s>
    <s>ڕاهێنانى (1)
لەم ڕستانەى خوارەوەدا هاوەڵناوى چۆنییەتى دەربهێنەو جۆرەكەى دیاربخە:
1.</s>
    <s>باخێ مە یێ جوانە.</s>
    <s>2.</s>
    <s>مرۆڤى دەستكورت هەیە.</s>
    <s>3.</s>
    <s>ئاوى كانى سازگارە.</s>
    <s>4.</s>
    <s>گوڵناز كچەكا بەژن زراڤە.</s>
    <s>5.</s>
    <s>كارى ناڕێك سەرناگرێت.</s>
    <s>6.</s>
    <s>گوندێ وان یێ دویرە.</s>
    <s>ڕاهێنانى (2)
جیاوازى لەنێوان هاوەڵناوى داڕێژراو و لێكدراودا چییە؟ بە نمونە ڕوونى بكەرەوە.</s>
    <s>ڕاهێنانى (3)
وەڵامى ڕاست هەڵبژێرە:
فڕۆكەوان   :  (سادەیە، داڕێژراوە، لێكدراوە)
خوێندەوار :  (لێكدراوە، سادەیە، داڕێژراوە)
دوودڵ     :  (داڕێژراوە، لێكدراوە، سادەیە)
نەمر      :  (داڕێژراوە، سادەیە، لێكدراوە)
سوێر     :  (لێكدراوە، سادەیە، دارێژراوە)
چین چین:  (سادەیە، داڕێژراوە، لێكدراوە)
ورد      :  (داڕێژراوە، لێكدراوە، سادەیە)


ڕاهێنانى (4)

ئەم ڕستانە شلۆڤەبكە:
1.</s>
    <s>گەلى ژێردەست تێدەكۆشێت.</s>
    <s>2.</s>
    <s>مە زنجیرا ستویر پساند.</s>
    <s>3.</s>
    <s>كۆمپیوتەر ئامێَرێكى بەسوودە.</s>
</ch>