<?xml version="1.0" encoding="UTF-8"?>
<ch>
    <s>﻿

(وانەى دوازدەهەم)
جێناوى نـیشانە

1.</s>
    <s>ئەمە بنووسەوە.</s>
    <s>2.</s>
    <s>ئەوە زیرەكە.</s>
    <s>3.</s>
    <s>ئەمانە چالاكانە كاردەكەن.</s>
    <s>4.</s>
    <s>ئەوانە دەناسم.</s>
    <s>5.</s>
    <s>ئەڤە هەڤالێ منە.</s>
    <s>6.</s>
    <s>ڤى نان خار ڕییە.</s>
    <s>7.</s>
    <s>ڤێ نان خارییە.</s>
    <s>8.</s>
    <s>وى چیرۆك نڤیسییە.</s>
    <s>9.</s>
    <s>وێ چیرۆك نڤیسییە.</s>
    <s>10.</s>
    <s>ئەڤان (ڤان) گۆڤەندەكا خۆش گرێ دا.</s>
    <s>11.</s>
    <s>(ئەوان) ڕەشبەلەك گرێ دا.</s>
    <s>12.</s>
    <s>وان بترسینە داكو بەس كارێ خراپ بكەن.</s>
    <s>خستنەڕوو:
كاتێ سەیرى ڕستەكان دەكەین، دەبینین وشەكانى هێلیان بەژێرەوەیە{ئەمە، ئەوە، ئەمانە، ئەوانە، ئەڤە، ڤى، ڤێ، وى، وێ، ئەڤان (ڤان)، ئەوان (وان)} هەموویان جێناوى نیشانەن، چونكە هەریەكەیان جێى ناوێكى گرتۆتەوەو لەبڕى ئەو بەكار هاتووەو دەستنیشانی كردووە.</s>
    <s>1.</s>
    <s>لە ڕستەى یەكەمدا جێناوى نیشانە (ئەمە)  بۆ تاكى نزیك بەكارهاتووە، جێى ناوێكى گرتۆتەوەو دەستنیشانی كردووە.</s>
    <s>2.</s>
    <s>لە ڕستەى دووەمدا جێناوى نیشانە (ئەوە) بۆ تاكى دوور بەكارهاتووە، جێى ناوێكى گرتۆتەوەو دەستنیشانی كردووە.</s>
    <s>3.</s>
    <s>لە ڕستەى  سێیەمدا جێناوى نیشانە (ئەمانە) بۆ كۆى نزیك بەكارهاتووە، جێى چەند ناوێكى گرتۆتەوەو دەستنیشانی كردوون.</s>
    <s>4.</s>
    <s>لە ڕستەى چوارەمدا جێناوى نیشانە (ئەوانە) بۆ كۆى دوور بەكارهاتووە، جێى چەند ناوێكى گرتۆتەوەو دەستنیشانی كردوون.</s>
    <s>5.</s>
    <s>لە ڕستەى پێنجەمدا جێناوى نیشانە (ئەڤە) بۆ تاكى نزیك بەكارهاتووە، جێى ناوێكى گرتۆتەوەو دەستنیشانی كردووە.</s>
    <s>6.</s>
    <s>لە ڕستەى شەشەمدا جێناوى نیشانەى (ڤى) بۆ نێرى  تاكى نزیك بەكارهاتووە، جێى ناوێكى گرتۆتەوەو دەستنیشانی كردووە.</s>
    <s>7.</s>
    <s>لە ڕستەى حەوتەمدا جێناوى (ڤێ) بۆ مێى تاكى نزیك بەكارهاتووە، جێى ناوێكى گرتۆتەوەو دەستنیشانی كردووە.</s>
    <s>8.</s>
    <s>لە ڕستەى هەشتەمدا جێناوى نیشانە (وى) بۆ نێرى تاكى دوور بەكارهاتووە، جێى ناوێكى گرتۆتەوەو دەستنیشانی كردووە.</s>
    <s>9.</s>
    <s>لە ڕستەى نۆیەمدا جێناوى نیشانە (وێ) بۆ مێى تاكى دوور بەكارهاتووە، جێى ناوێكى گرتۆتەوەو دەستنیشانی كردووە.</s>
    <s>10.</s>
    <s>لە ڕستەى دەیەمدا جێناوى نیشانە (ئەڤان، ڤان) بۆ نێرو مێى كۆى نزیك بەكارهاتووە، جێى چەند ناوێكى گرتۆتەوەو دەستنیشانی كردوون.</s>
    <s>11.</s>
    <s>لە ڕستەى یانزەیەمدا جێناوى نیشانە (ئەوان، وان) بۆ نێرو مێى كۆى دوور بەكارهاتووە، جێى ناوێكى گرتۆتەوەو دەستنیشانی كردوون.</s>
    <s>دەستور:
جێناوى نیشانە وشەیەكە جێى ناوێك دەگرێت‌و لە برى ئەو بەكاردێت‌و دەستنیشانی دەكات و لە ڕستەدا هەمان ئەركى ڕێزمانى ناوەكە دەبێنێت.</s>
    <s>زۆربەى جێناوە نیشانەكان ئەمانەن: (ئەمە، ئەوە، ئەمانە، ئەوانە، ئەڤە، ڤى، ڤێ، وێ، ئەڤان، وان ).</s>
    <s>جێناو

ڕاهێنانى (1)
لەم ڕستانەى خوارەوەدا جێناوى نیشانە دەربهێنە:
1.</s>
    <s>ئەوەیان هەڵبژاردووە.</s>
    <s>2.</s>
    <s>ئەمەم بۆ بهێنە.</s>
    <s>3.</s>
    <s>ئەڤە سەیدایێ مەیە.</s>
    <s>4.</s>
    <s>ئەوانە زیرەكن.</s>
    <s>5.</s>
    <s>ڤى نڤیسییە.</s>
    <s>6.</s>
    <s>ڤان زەڤیێن خۆ كێلان.</s>
    <s>ڕاهێنانى (2)

 وەڵامى ڕاست هەڵبژێرە:
1.ئەم زەوییە بەپیتە.</s>
    <s>(جێناوى نیشانەیە، هاوەڵناوى نیشانەیە، جێناوى كەسى سەربەخۆییە)
2.</s>
    <s>ئەوە شاخى قەندیلە.</s>
    <s>(هاوەڵناوى نیشانەیە، جێناوى نیشانەیە، جێناوى كەسى سەربەخۆییە)
3.</s>
    <s>ئەو بەرگرى لە خاكەكەى دەكات.</s>
    <s>(هاوەڵناوى نیشانەیە، جێناوى نیشانەیە، جێناوى كەسى سەربەخۆییە)
4.ئەمانە نەوەى دواڕۆژن.</s>
    <s>(جێناوى كەسى سەربەخۆییە، جێناوى نیشانەیە، هاوەڵناوى نیشانەیە)
5.ئەڤ خورتە چەلەنگە.</s>
    <s>(جێناوى نیشانەیە، جێناوى كەسى سەربەخۆییە، هاوەڵناوى نیشانەیە)

ڕاهێنانى (3)


شەش ڕستە بهێنەوە، كە جێناوى نیشانەى تێدا بێت، سێیانیان بۆ نزیك‌و سێیانیان بۆ دوور بێت.</s>
    <s>ڕاهێنانى (4)

ئەم ڕستانەى خوارەوە شلۆڤەبكە:
1.</s>
    <s>ئەمە بۆ قوتابخانە هاتبوو.</s>
    <s>2.</s>
    <s>ڤى گەنم چاندییە.</s>
    <s>3.</s>
    <s>ئەڤان ستران گۆتن‌و وان لێ ڤەگێرا.</s>
    <s>4.</s>
    <s>ئەڤە تاڵە، ئەڤانە شرینن.</s>
</ch>