<?xml version="1.0" encoding="UTF-8"?>
<ch>
    <s>﻿
(وانەى چواردەهەم)
هـاوەڵـكار

1.</s>
    <s>دوهى بەفر بارى.</s>
    <s>2.</s>
    <s>دەرسەكەمان خێرا تەواوبوو.</s>
    <s>3.</s>
    <s>ئازادى كەو د ناڤ  هێلینێدا گرت.</s>
    <s>خستنەڕوو:
ئەگەر سەیرى ڕستەكان بكەین‌و لە كارەكانیان باش وردببینەوە دەبینین:
-	لە ڕستەى یەكەمدا دەمانتوانى بڵین (بەفر بارى) بەڵام بۆ ئەوەى سنورێك بۆ دەمى ڕوودانى كارى ڕستەكە دابنێین هاوەڵكارى (دوهى)مان بەكارهێناوە، بەهۆیەوە توانیمان كاتى ڕوودانى كارەكە ئاشكرا بكەین.</s>
    <s>-	لە ڕستەى دووەمدا مەڤیا چەوانییا وێ تەواوبوونێ دەربخەین لەبەر ئەوە هاوەڵكارى (خێرا)مان بەكارهێناوەو سنورێكمان بۆ واتاى كارەكە دانا.</s>
    <s>-	لە ڕستەى سێیەمدا ویستومانە شوێنى ڕوودانى كارەكە، كە گرتنەكەیە پیشانبدەین بۆیە هاتووین هاوەڵكارى 
(دناڤ هێلینێ)مان بەكارهێناوە، كە بەهۆیەوە سنورێكمان بۆ شوێنى ڕوودانى كارەكە داناوە.</s>
    <s>دەستور:
هاوەڵكار/ پەیڤەكە ڕوویەكى ڕوودانى كارى ڕستە دەربارەى (چۆنییەتى ئەو ڕوودانە، كاتى، شوێنى) كارى ڕستەكە دەردەخات‌و لەم ڕووەوە سنورێك بۆ تەواوكردنى واتاكەى دادەنێت و دەبێتە تەواوكەرى كارەكە لە ڕستەدا.</s>
</ch>