<?xml version="1.0" encoding="UTF-8"?>
<ch>
      <s>﻿
دەمەكانی كاری ڕابردوو
1.</s>
      <s>دیار چوو بۆ قوتابخانە.</s>
      <s>2.</s>
      <s>تابلۆیەكەم بینیوە.</s>
      <s>3.</s>
      <s>بانو نانەكەی خواردبوو.</s>
      <s>4.</s>
      <s>شادیار وێنەكەی دەكێشا.</s>
      <s>5.</s>
      <s>بریا شكۆ بەیەكەم دەرچووبا.</s>
      <s>خستنەڕوو:
	ئەگەر سەیری ئەم ڕستانە بكەین، دەبینین وشەكانی ( چوو، بینیوە،  خواردبوو، دەكێشا، دەرچووبا)، هەموویان كاری ڕابردوون، هەر یەكەیان كردەوەیەكی پیشانداوەو دراوەتە پاڵ كەسێك یان شتێك، لە كاتی ڕابردوودا ڕوویداوە، واتە پێش كاتی ئاخاڤتن كارەكە ڕوویداوەو تەواویش بووە، بەڵام ئەگەر سەیری كاتی ڕوودانی كارە ڕابردووەكان بكەین دەبینین لە یەك جیاوازن.</s>
      <s>دەستور: 
	كاری ڕابردوو: ئەو كارەیە كردەوەیەك پیشاندەدات كە لە ڕابردوودا ڕوویداوەو دراوەتە پاڵ كەسێك یان شتێك، كاری ڕابردووی ڕاگەیاندن كاتی جیاوازی هەیە:



1.</s>
      <s>كاری ڕابردووی نزیك: لەڕووی دروستكردنییەوە لە چاوگ دروستدەكرێت بە لابردنی پیتی (ن)ی چاوگ، وەك:

چاوگ       كاری ڕابردووی نزیك 
هەڵكشان              هەڵكشا
هێنان                  هێنا
نووسین               نووسی
دانیشتن               دانیشت
خوێندن               خوێند
چوون                 چوو
گەڕانەوە              گەڕایەوە1

2.</s>
      <s>كاری ڕابردووی تەواو: بەم شێوەیە دروستدەكرێت:
(كاری ڕابردووی نزیك+ وە) وەك:
       (قەدی چاوگ + وە)
هێنا + وە = هێناوە
نووسی + وە = نووسیوە
چوو + وە = چووە2





بەڵام ئەگەر كاری ڕابردووی نزیك كۆتایی بە پیتی نەبزوێنی (ت،د) هاتبوو، پیتی بزوێنی (و) دەخرێتە نێوان كاری ڕابردووی نزیك‌و نیشانەی (وە) وەك:
دانیشت + و + وە = دانیشتووە
خوێند+ و + وە = خوێندووە
دەكرێت لەجیاتی نیشانەی (وە) نیشانەی (یە) بەكار بێت وەك:
هێنا + یە = هێنایە
نووسی + یە = نووسییە.</s>
      <s>بەڵام دیسان ئەگەر كاری ڕابوردووی نزیك كۆتایی بە پیتی نەبزوێنی (ت، د) هاتبوو، پیتی بزوێنی (ی) دەخرێتە نێوانیان وەك:
دانیشت + ی + یە = دانیشتییە
خوێند + ی + یە = خوێندییە
	لە هەندێك ناوچەی كرمانجی سەروو بەم شێوەیە دروستدەكرێت:
یا + ڕابردووی نزیك + ی             بۆ ڕەگەزی مێ
یێ‌ + ڕابردووی نزیك + ی            بۆ ڕەگەزی نێر
وەك: یا + هینا + ی = یا هینای
      یێ‌ + چاند + ی = یێ‌ چاندی
تێبینی:  ئەم چاوگانەی كە پاشگری (ەوە ) یان پێوەیە بەم جۆرە ڕابردووی تەواویان لێدروستدەكرێت.</s>
      <s>ئـ- لابردنی نونی چاوگ.</s>
      <s>ب- دانانی نیشانەی (وە) لە شوێنی (ن)ی لابراو.</s>
      <s>پ- دانانی ناوبەندی (ت) لە نێوان بزوێنەكان
خوێندنەوە            خوێند + ووە+ ت + ەوە = خوێندووەتەوە
 دۆزینەوە             دۆزی + وە + ت + ەوە = دۆزیوەتەوە
3.</s>
      <s>كاری ڕابردووی بەردەوام بەم شێوەیە دروستدەكرێت:
(دە + ڕابردووی نزیك)
وەك:   دە + هێنا = دەهێنا
        دە + نووسی = دەنووسی
        دە + وەرگرت = وەردەگرت
        دە + دروستكرد = دروستدەكرد
	لە كرمانجی سەروودا لە جیاتی نیشانەی (دە)، نیشانەی (د) بەكاردێت وەك:
  د + هێنا = دهێنا
  د + چوو = دچوو
  د + وەگرت = وەردگرت.</s>
      <s>4.</s>
      <s>كاری ڕابردووی دوور بەم شێوەیە دروستدەكرێت:
كاری ڕابردووی نزیك + بوو:
هێنا + بوو = هێنابوو
نووسی + بوو = نووسیبوو
چوو + بوو = چووبوو
وەرگرت + بوو = وەرگرتبوو
تێبینی:
  1.</s>
      <s>كاری ڕابردوو بە ئامرازی (نە) دەكرێت بە نەرێ‌.</s>
      <s>2.</s>
      <s>كاری ڕابردووی نزیكی دانانی بەم شێوەیە دروستدەكرێت.</s>
      <s>(كاری ڕابردووی نزیك + با) وەك:
 هات+ با = هاتبا                    خوێند+ با = خوێندبا

ڕاهێنان (1)
لەم چاوگانەی خوارەوەدا كاری ڕابردووی نزیك‌و دوور دروستبكە:
( پێشكەوتن، نڤیسین، بردن، ئاڤدان، داخستن )

ڕاهێنان (2)
وەڵامی ڕاست هەڵبژێرە:
1.</s>
      <s>قەد لە چاوگ وەردەگیرێت بە لابردنی....
    (ئەلف/ نون/ ئەلف و نون)
2.</s>
      <s>ئەگەر (ن ) لە چاوگ لابدەین چ كارێكی لێ دروستدەكرێت......
   (داخوازی/ ڕابردووی نزیك/ ڕانەبردوو)
3.</s>
      <s>پرژە وانەكەی خوێندبوو.</s>
      <s>(خوێندبوو) كارێكی ڕابردووی.....
    (دوور/ نزیك/ تەواو/ بەردەوام)
4.</s>
      <s>كاری ڕابردووی دوور بەم شێوەیە دروستدەبێت.....
(ڕابردووی نزیك+ ووه/ دە+ ڕابردووی نزیك/ ڕابردووی نزیك+ بوو)
5.</s>
      <s>كاری ڕابردووی نزیكی دانانی بەم شێوەیە دروستدەبێت.....
 (ڕابردووی نزیك+ با/ دە+ ڕابردووی نزیك/ ڕابردووی نزیك+ بوو)
 
ڕاهێنان (3)
	لەم چاوگانەی خوارەوەدا كاری ڕابردووی بەردەوامی ڕاگەیاندن‌و كاری ڕابردووی نزیكی دانانی دروستبكەو لە ڕستەدا بەكاریان بهێنە.</s>
      <s>(سەركەوتن، هەڵكێشان، خوێندن، یارمەتیدان، فرۆشتن )

ڕاهێنان (4)
	لەم ڕستەی خوارەوەدا:
دوێنی پەخشان ڕۆژنامەی دەخوێندەوە.</s>
      <s>1.</s>
      <s>وشەی (دوێنێ‌) چییەو ئەركی چییە؟
2.</s>
      <s>وشەی (ڕۆژنامە) شیبكەوە.</s>
      <s>3.</s>
      <s>كاری (دەخوێندەوە) كام جۆری كاری ڕابردووە؟ چۆن دروستكراوە؟
4.</s>
      <s>بكەری ڕستەكە دیاربكە.</s>
      <s>5.</s>
      <s>لە كاری (دەخوێندەوە) كاری ڕابردووی تەواو دروستبكە.</s>
      <s>6.</s>
      <s>لە كاری  (دەخوێندەوە) كاری ڕابردووی دوور دروستبكە.</s>
      <s>7.</s>
      <s>لەكاری (دەخوێندەوە) كاری ڕابردووی نزیكی دانانی دروستبكەو لەڕستەدا بەكاری بهێنە.</s>
      <s>ڕاهێنان (3)
	وەڵامی ڕاست هەڵبژێرە:
1.</s>
      <s>(بنووسن،  بكێڵن) كاری داخوازییە، (ن) جێناوی لكاوە ئەركی :
      (بكەر /  بەركار /  دیارخەری ناو)
2.</s>
      <s>كاری داخوازی نەرێ دەكرێت بە :
      (مه  ‌/   نا  /   نی)
3.</s>
      <s>كاری داخوازی لە چاوگی خواردن :
     (خوارد   /  بخۆ   /  بخۆم)
4.</s>
      <s>كاری داخوازی (بڕۆ، بنوو) وەرگیراوە لە چاوگی :
     (خەوتن و نووستن  /  ڕۆیشتن و نووستن  /  نواندن و ڕواندن)
5.</s>
      <s>(بكرە، بخوێنە) كاری داخوازییە، (ە) جێناوی لكاوە بۆ كەسی :
     (دووەمی كۆ  /  دووەمی تاك  /  سێیەمی تاك)  

ڕاهێنان (4)
	ئەم ڕستانەی خوارەوە شیبكەوە:
1.</s>
      <s>لە جەژنی نەورۆزدا جلی جوان لەبەربكەن.</s>
      <s>2.</s>
      <s>‌‌‌‌دیارییەكە وەرگرن.</s>
</ch>