<?xml version="1.0" encoding="UTF-8"?>
<ch>
	<s>﻿
چاوگ سەرچاوەی دروستكردنی كارە
ئـ/
1.</s>
	<s>خوێندن چاوی مرۆڤ دەكاتەوە.</s>
	<s>2.</s>
	<s>نڤیسین بۆ مە پێویستە.</s>
	<s>3.</s>
	<s>زانین ڕوناكییە.</s>
	<s>4.</s>
	<s>ئەم هەر ب یەكگرتنێ‌ دگەهینە ئارمانجێ‌.</s>
	<s>5.</s>
	<s>ئاوەدانكردنەوەی گوندەكان ئەركێكی كوردایەتییە.</s>
	<s>6.</s>
	<s>پاراستنی دەستكەوتەكان نیشانەی دڵسۆزییە.</s>
	<s>ب/
1.</s>
	<s>ئەوان وانەكە دەخوێنن.</s>
	<s>2.</s>
	<s>ئازاد چیرۆكێ نڤیسی.</s>
	<s>3.</s>
	<s>ئێمە پرسیارەكەمان زانی.</s>
	<s>4.</s>
	<s>كۆمەڵەكان یەكیانگرت.</s>
	<s>5.</s>
	<s>گوندەكان ئاوەدانبكەنەوە.</s>
	<s>6.</s>
	<s>دارستانەكان دەپارێزین.</s>
	<s>خستنەڕوو:
ئـ - كاتێك سەیری ڕستەكانی بەشی (ئـ) دەكەین، دەبینین وشەكانی (خوێندن، نڤیسین، زانین، یەكگرتن، ئاوەدانكردنەوە، پاراستن) هەموویان (چاوگن)‌و وەك ناو لەڕستەدا بەكارهێنراون، هەر یەكێك لەم چاوگانە كردەوەیەك پیشاندەدات، بەڵام كردەوەكە نەدراوەتە پاڵ كەسێك یان شتێك، هەروەها كاتی دیاریكراوی تێدانییە.</s>
	<s>ب- كاتێك سەیری ڕستەكانی بەشی (ب) دەكەین، دەبینین وشەی (دەخوێنین، نڤیسی، زانی، یەكیانگرت، ئاوەدانبكەنەوە، دەپارێزین) هەموویان لێرەدا (كارن)‌و لە چاوگەكانی بەشی (ئـ) وەرگیراون‌و لێیان نزیكن، هەر یەكێك لەم كارانە، كردەوەیەكی پیشانداوەو خراوەتە پاڵ كەسێك، یان شتێك كە بكەرەكەیەتی لە كاتێكی دیاریكراودا، بۆكاتی ڕابردوو یان ڕانەبردوو.</s>
	<s>ئەگەر جارێكی تر بە وردی سەیری كارەكان بكەین لە ڕووی دروستكردنیانەوە، دەبینین هەر یەكێك لەم كارانە لە چاوگێك وەرگیراوە، یان دروستكراوە كە لەڕستەكانی بەشی (ئـ) هاتوون، ئەمەش بە لابردنی پیتی (ن)ی نیشانەی چاوگ، كەواتە دەتوانرێت كاری ڕابردوو لە چاوگ دروستبكرێت، بۆیە چاوگ بە سەرچاوەو بناغەی داڕشتنی كار دادەنرێت.</s>
	<s>دەستور: 
	چاوگ سەرچاوەی داڕشتنی كارە، چونكە دەتوانرێت كاری (ڕابردوو، ڕانەبردوو، داخوازی) لێدروستبكرێت هەر كارێك دەبێت ئەم سێ شتە بگەیەنێت:
1.</s>
	<s>كردەوەیەك پیشانبدات.</s>
	<s>2.</s>
	<s>كردەوەكە بخرێتە پاڵ كەسێك یان شتێك، كە بكەرەكەیەتی.</s>
	<s>3.</s>
	<s>كاتێكی دیاریكراوی تێدا هەبێت.</s>
	<s>ڕاهێنان (1)
	سێ چاوگ بهێنەوە، ئینجا كاری ڕابردوویان لێ دروستبكە و جارێك وەك چاوگ ‌و جارێك وەك كار لە ڕستەدا بەكاریان بهێنە.</s>
	<s>ڕاهێنان (2)
	جیاوازی لەنێوان چاوگ‌و كاردا چییە؟ بە نمونە ڕوونیبكەوە.</s>
	<s>ڕاهێنان (3)
	وەڵامی ڕاست هەڵبژێرە:
1.</s>
	<s>چاوگ سەرچاوەی داڕشتنی ..... (كارە/ ناوە/ جێناوە)
2.</s>
	<s>خاسیەتی چاوگ بریتییە لەوەی كە.....
   (كاتی دیاریكراوی تێدایە/ ئەركی ناو نابینێ/ ناخرێتە پاڵ كەسێك)
3.</s>
	<s>خاسیەتی كار بریتییە لەوەی كە......
   (كاتی تێدانییه/ ئەركی ناو دەبینێ/ دەخرێتە پاڵ كەسێك)
4.</s>
	<s>(مە خوێندن تەواو كر) خوێندن ئەركی.....
    (بكەرە/ بەركارە/  دیارخەری ناوە)
5.</s>
	<s>(نووسینەكانی ئێوەم خوێندەوه) نووسینەكان.....
     (دیارخراوە/ نیهادە/ دیارخەری ناوە)‌ 
 
ڕاهێنان (4)
	ئەم ڕستانەی خوارەوە شیبكەوە:
1- مە خوێندن تەواو كر.</s>
	<s>2- ژووری دانیشتنەكەیان پاككردەوە.</s>
	<s>3- نووسینەكانی ئێوە دەخوێنمەوە.</s>
</ch>