<?xml version="1.0" encoding="UTF-8"?>
<ch>
	<s>﻿
كاری بكەر دیارو كاری بكەر نادیار
لەشێوەزاری كرمانجی سەروودا

           (ئـ)                                        (ب)
     كاری بكەر دیار                   كاری بكەر نادیار
1.</s>
	<s>شڤانی پەز چەراند.</s>
	<s>1.</s>
	<s>پەز هاتە چەراندن.</s>
	<s>2.</s>
	<s>ڕەزڤانی ڕەزێ‌ خۆ ئاڤدایە.</s>
	<s>2.</s>
	<s>ڕەز هاتییە ئاڤدان.</s>
	<s>3.</s>
	<s>وێ‌ نان دخوار.</s>
	<s>3.</s>
	<s>نان دهاتە خوارن.</s>
	<s>4.</s>
	<s>وی كەوەك گرتبوو.</s>
	<s>4.</s>
	<s>كەوەك هاتبوو گرتن.</s>
	<s>5.</s>
	<s>پەری چیرۆكێ‌ دنڤیسیت.</s>
	<s>5.</s>
	<s>چیرۆك دهێتە نڤیسین.</s>
	<s>6.</s>
	<s>ئەز نامەكێ‌ دێ‌ نڤیسم.</s>
	<s>6.</s>
	<s>نامەك دێ‌ هێتە نڤیسین.</s>
	<s>كاتێك سەیری ڕستەكانی بەشی (ئـ) دەكەین، دەبینین پەیڤەكانی (چەراند، ئاڤدایە، دخوار، گرتبوو، دنڤیسیت، دێ‌ نڤیسم) هەموویان كاری تێپەڕن، چونكە كاریگەری كارەكانی كەوتۆتە سەر ناوێكی تر كە (بەركار)ەو، هەر یەكەیان كردەوەیەكیان پیشانداوەو خراونەتە پاڵ بكەرەكانیان‌و هەموویان بەسەر یەكەوە ڕستەیەكی بكەر دیاریان پێكهێناوە.</s>
	<s>كاتێك سەیری ڕستەكانی بەشی (ب) دەكەین، دەبینین پەیڤەكانی (هاتە چەراندن، هاتییە ئاڤدان، دهاتە خوارن، هاتبوو گرتن، دهێتە نڤیسین، دێ‌ هێتە نڤیسین) هەموویان كاری بكەر نادیارن، چونكە هەر یەكەیان كردەوەیەكی پیشانداوەو نەخراونەتە پاڵ كەسێكی دیارو ئاشكرا (واتە نازانرێ‌ كێ‌ كارەكەی ئەنجامداوە)، لەبەر ئەوە بەم جۆرە كارانە دەگوترێت كاری بكەر نادیار.</s>
	<s>كەواتە لە دوای خوێندنەوەو تێڕامانمان لە شێوەزاری (كرمانجی سەروو) ئەوەمان بۆ دەردەكەوێت، كە یاسای گۆڕینی كاری بكەر دیار بۆ كاری بكەرنادیار جیاوازە لە شێوەزاری (كرمانجی خواروو)، چونكە لە كرمانجی سەروودا كاری ڕستەكە دەگەڕێتەوە بۆ (چاوگ)و پاشان كاری یاریدەدەری (هات)یش بە پێی جۆری كاتی كارەكە بەكار دەهێنین.</s>
	<s>كاری ڕابردوو:
1.</s>
	<s>كاری ڕابردووی نزیك:
	ئەم جۆرە كارە بە پێی ئەم یاسایە دروست دەكرێت:
هاتە + چاوگ
هاتە + چاندن  هاتە چاندن
هاتە + كڕین    هاتە كڕین
2.</s>
	<s>كاری ڕابردووی تەواو:
	ئەم جۆرە كارەش بەپێی ئەم یاسایە دروست دەكرێت:
هاتییە + چاوگ
هاتییە+ نڤیسین   هاتییە نڤیسین
هاتییە + لێنان     هاتییە لێنان

3.</s>
	<s>كاری ڕابردووی بەردەوام:
دهاتە + چاوگ
دهاتە + ئینان =  دهاتە ئینان
دهاتە + ڕێشتن = دهاتە ڕێشتن
4.</s>
	<s>كاری ڕابردووی دوور:
هاتبوو+ چاوگ
هاتبوو + خوارن  = هاتبوو خوارن
هاتبوو + خواندن  = هاتبوو خواندن (خاندن)
 
كاری ڕانەبردوو:
	لە شێوەزاری كرمانجی سەروودا كاری ڕانەبردوو بۆ دەمی ئێستاو ئایندە بە ئاشكرا دەردەكەوێت لە كاتی ئاخاوتندا، لەبەرئەوە پێویستە ڕەچاوی ئەم خاڵانە بكرێت لە كاتی گۆڕینی كاری بكەردیار بۆ كاری بكەرنادیار:

1.</s>
	<s>كاری ڕانەبردوو بۆ دەمی ئێستا:
كاری یاریدەدەری (دهێتە) بەكاردێت لە پێش چاوگەكەدا:
دهێتە + چاوگ
دهێتە + كڕین  = دهێتە كڕین
دهێتە + نڤیسین = دهێتە نڤیسین



2.</s>
	<s>كاری ڕانەبردوو بۆ دەمی ئایندە:
كاری یاریدەدەری (دێ‌ هێتە) لە پێش چاوگەكەدا بەكاردێت:
دێ‌ هێتە + چاوگ
دێ‌ هێتە + فرۆتن  = دێ‌ هێتە فرۆتن
دێ‌ هێتە + هاڤێتن  = دێ‌ هێتە هاڤێتن

دەستور:
1.</s>
	<s>كاری بكەردیار: 
	ئەو كارەیە، كە كردەوەو ڕەفتارێك لە كاتێكی دیاریكراو (ڕابردوو یان ڕانەبردوو) دا پیشانداوە یان پیشاندەدات‌و ئەو كارەش، كە دراوەتە پاڵ بكەرەكەی، دیارو ئاشكرایە لە ڕستەكەدا.</s>
	<s>2.</s>
	<s>كاری بكەرنادیار: 
	ئەو كارەیە، كە كردەوەو ڕەفتارێك لە كاتێكی دیاریكراو (ڕابردوو یان ڕانەبردوو)دا پیشانداوە یان پیشاندەدات‌و ئەو كارەش نەدراوەتە پاڵ بكەرەكەی‌و دیارو ئاشكرا نییە لە ڕستەكەدا.</s>
	<s>ڕاهێنانی (1)
	لەم ڕستانەی خوارەوەدا كاری بكەر دیار بگۆڕە بۆ كاری بكەر نادیار:
1.سەرداری وانە نڤیسی.</s>
	<s>2.</s>
	<s>وێ‌ هەڤیر كربوو.</s>
	<s>3.</s>
	<s>نەسرین دێ‌ شیڤێ‌ لێنێت.</s>
	<s>4.</s>
	<s>من كتێب ژ وی وەرگرتییە.</s>
	<s>ڕاهێنانی (2)
	وەڵامی ڕاست هەڵبژێرە:
1.</s>
	<s>نیشانەی كاری بكەرنادیار لە كرمانجی سەروودا بۆڕانەبردوو دەمی ئێستا:
     (ڕەگی كار + رێ / دهێتە + چاوگ / دێ هبێتە + چاوگ)
2.</s>
	<s>نیشانەی كاری بكەر نادیار لە كرمانجی سەروودا بۆ ڕابردووی نزیك:
    (دهاتە + چاوگ /  دێ هێتە + چاوگ /  هاتە + چاوگ)
3.</s>
	<s>پەز هاتە چەراندن، (هاتە) كارێكی:
    (تێپەڕە / ڕابردووی تێنەپەڕە /  یاریدەدەرە)
4.</s>
	<s>كەوەك هاتییە گرتن، ڕستەیەكی بكەر نادیارە كارەكەی:
    (ڕابردووی تەواوە /  ڕانەبردووی ئایندە /  ڕانەبردووی ئێستا)
5.</s>
	<s>نان دهاتە خوارن، ڕستەیەكی بكەر نادیارە كارەكەی ڕابردووی:
    (تەواو /  نزیك /  بەردەوام)

ڕاهێنانی  (3)
	ئەم ڕستانەی خوارەوە شییبكەوە:
1.</s>
	<s>پەز دێ‌ هێتە دۆشین.</s>
	<s>2.</s>
	<s>گۆڤارەكان بە چاكی دابەشكراون.</s>
</ch>