<?xml version="1.0" encoding="UTF-8"?>
<ch>
     <s>﻿

ئامرازی دانەپاڵ

1.</s>
     <s>گوڵی باخەكە جوانە.</s>
     <s>2.</s>
     <s>برادەری ئێوە دڵسۆزە.</s>
     <s>3.</s>
     <s>ڕۆمانە نوێیەكەم خوێندەوە.</s>
     <s>4.</s>
     <s>بابێ‌ ئازادی پێشمەرگەیە.</s>
     <s>5.</s>
     <s>دایكا نازداری پزیشكە.</s>
     <s>6.</s>
     <s>ل چیایێت كوردستانێ‌ بەفر دباریت.</s>
     <s>7.</s>
     <s>هەڤالێن مە هاتن.</s>
     <s>8.</s>
     <s>مرۆڤێد زیرەك سەر دكەڤن.</s>
     <s>خستنەڕوو:
	ئەگەر سەیری ئەم ڕستانه بكەین، دەبینین لە هەر ڕستەیەكدا ئامرازی دانەپاڵ هەیە، كە ناوێكی داوەتە پاڵ ناوێكی تر، یان جێناوێكی داوەتە پاڵ ناوێك، یان هاوەڵناوێكی داوەتە پاڵ ناوێك، بەم شێوەیەی خوارەوە:
1.</s>
     <s>لە ڕستەی یەكەمدا ئامرازی (ی)  لە نێوان ناوی گوڵ‌و باخدا، ئامرازی دانەپاڵە چونكە ناوی (باخەكە)ی داوەتە پاڵ ناوی (گوڵ).</s>
     <s>2.</s>
     <s>لە ڕستەی دووەمدا ئامرازی (ی) لە نێوان ناوی (برادەر)و جێناوی (ئێوە)، ئامرازی دانەپاڵە چونكە جێناوی (ئێوە) ی داوەتە پاڵ ناوی برادەر.</s>
     <s>3.</s>
     <s>لە ڕستەی سێیەمدا (ە) لە نێوان (رۆمان و نوێیەكە) ئامرازی دانەپاڵە، چونكە هاوەڵناوی (نوێ)، كە دیارخەرە داوەتەپاڵ ناوی رۆمان، كە دیارخراوە.</s>
     <s>4.</s>
     <s>لە ڕستەی چوارەمدا ئامرازی (ێ‌) لەنێوان ناوی (باب)و ناوی (ئازاد)، ئامرازی دانە پاڵە چونكە ناوی (ئازاد)ی داوەتە پاڵ ناوی (باب).</s>
     <s>5.</s>
     <s>لە ڕستەی پێنجەمدا ئامرازی (ا) لەنێوان ناوی (دایك)و ناوی نازدار، ئامرازی دانە پاڵە چونكە ناوی (نازدار)ی داوەتە پاڵ ناوی (دایك).</s>
     <s>6.</s>
     <s>لە ڕستەی شەشەمدا ئامرازی (ێت) لەنێوان ناوی  (چیا)و ناوی (كوردستان)، ئامرازی دانە پاڵە، چونكە ناوی (كوردستان)ی داوەتە پاڵ ناوی (چیا) وەك ناوێكی كۆ.</s>
     <s>7.</s>
     <s>لە ڕستەی حەوتەمدا ئامرازی (ێن) لەنێوان ناوی هەڤاڵ‌و جێناوی (مە)، ئامرازی دانە پاڵە، چونكە جێناوی (مه)ی وەك جێناوێك داوەتە پاڵ ناوی (‌هەڤاڵ).</s>
     <s>8.</s>
     <s>لە ڕستەی هەشتەمدا ئامرازی (ێد) لەنێوان ناوی (مرۆڤ )و هاوەڵناوی زیرەك، ئامرازی دانە پاڵە، چونكە هاوەڵناوی (زیرەك)ی داوەتە پاڵ ناوی (مرۆڤ).</s>
     <s>دەستور: 
ئامرازی دانەپاڵ
	وشەیەكە، كە (ناوێك، جێناوێك، هاوەڵناوێك) دادەتە پاڵ ناوێكی تر.</s>
     <s>1.</s>
     <s>ئامرازی (ی) ناوی نێر و مێی تاك ‌و كۆ دەداتە پاڵ ناوێكی تر، یان جێناوێك یا هاوەڵناوێكی چۆنی لە شێوە زاری كرمانجی خواروودا.</s>
     <s>2.</s>
     <s>ئامرازی (ە) هاوەڵناوی چۆنییه دەداتە پاڵ ناوی (تاك و كۆی ناسراو) بەڵام نیشانەی كۆ و ناسراوی دەچێتە دوای هاوەڵناوەكە.</s>
     <s>3.</s>
     <s>ئامرازی (ێ‌) ناوێك یان جێناوێك یان هاوەڵناوێك دەداتە پاڵ ناوی تاكی نێر لە شێوە زاری كرمانجی سەروودا.</s>
     <s>4.</s>
     <s>ئامرازی (ا) ناوێك یان جێناوێك یان هاوەڵناوێك دەداتە پاڵ ناوی تاكی مێ لە شێوە زاری كرمانجی سەروودا.</s>
     <s>5.</s>
     <s>ئامرازی (ێت- ێد- ێن) ناوێك یان جێناوێك یان هاوەڵناوێك دەداتە پاڵ ناوێكی كۆی نێر و مێ لە شێوە زاری كرمانجی سەروودا.</s>
     <s>ڕاهێنانی (1)
	پێنج ڕستە بهێنەوە ئامرازی دانە پاڵی تێدا بێت، سێیان بۆ ناوی تاك ‌و دووانیان بۆ ناوی كۆ بن.</s>
     <s>ڕاهێنانی (2)
	وەڵامی ڕاست هەڵبژێرە:
1.</s>
     <s>كێ، لە هەموو ڕستەیەكدا:
     (هاوەڵناوی پرس / هاوەڵكاری پرس / جێناوی پرس)ە
2.</s>
     <s>كەی، لە هەموو ڕستەیەكدا:
     (هاوەڵناوی پرس / هاوەڵكاری پرس / جێناوی پرس)ە
3.</s>
     <s>كوڕی كێ لە پێناو كوردستان شەهیدبوو؟ (كێ) جێناوی پرسە ئەركی: (بەركارە / نیهادە / دیارخەری ناوە)
4.</s>
     <s>كەینێ زەنگی یەكەم لێدەدات؟ ‌‌‌(كەینێ)
     (هاوەڵناوی پرس / هاوەڵكاری پرس / جێناوی پرس)ە
5.</s>
     <s>هاوەڵناوی پرس لە ڕستەدا دەبێتە دیارخەری:
     (هاوەڵكار / جێناوی پرس / ناو)
6.</s>
     <s>كێهان كچ خوشكا تەیه؟ (كێهان) :
    (جێناوی پرس / هاوەڵكاری پرس / هاوەڵناوی پرس)
7.</s>
     <s>چ قوتابییە لە تاقیكردنەوە لە هەموو وانەكان دەرنەچووە؟ ( چ ):
    (جێناوی پرس / هاوەڵكاری پرس / هاوەڵناوی پرس)ە
8.</s>
     <s>كام لەمانە هاوەڵكاری پرسە بۆ هۆكاری ڕودانی كار:
     (چەند / چۆن / ژبەرچی و لەبەرچی)

9.</s>
     <s>كێ نەخۆش كەوت؟ (كێ) ئەركی:
     (بەركارە / بكەرە / نیهادە / گوزارە)
10.</s>
     <s>هاورێكەت كەسێكی چۆنە؟ (چۆن‌) تەواوكەری :
     (كاری ناتەواوە / كاری تەواوە / هیچیان)
11.</s>
     <s>تۆ پۆلی چەندەمیت؟ (چەندەم) :
     (جێناوی پرس / هاوەڵكاری پرس / هاوەڵناوی پرس)ە
12.</s>
     <s>چ كەوتە خوارەوە؟ ( چ ) ئەركی:
     (بەركارە / بكەرە / نیهادە / گوزارە)
13.</s>
     <s>دوێنێ كێت بینی؟ (كێ) ئەركی:
     (بەركارە / تەواوكەری بەیاریدە / نیهادە / گوزارە)
14.</s>
     <s>ئەڤ پەرتوكێ ژ كێ وەرگرت؟ (كێ) ئەركی:
     (بەركارە /  تەواوكەری بەیاریدە / نیهادە / ‌بكەره)
15.</s>
     <s>هاوینان لە كوێ دەنوون؟ (لە كوێ) :
     (جێناوی پرس / هاوەڵكاری پرس / هاوەڵناوی پرس)ه
16.</s>
     <s>ناوت چییە؟ ( چی ) جێناوی پرسە، ئەركی:
     (نیهادە / بكەرە / تەواوكەری كاری ناتەواوە)
17.</s>
     <s>شانیا لكێڤە ڕوونیشت بوو؟ (لەكوێ و لكێڤە) :
     (جێناوی پرس / هاوەڵكاری پرس / هاوەڵناوی پرس)ن
18.</s>
     <s>منداڵەكە چەند نووست؟ (چەند)
     (هاوەڵناوی پرس  / جێناوی پرس  / هاوەڵكاری پرس)ە
19.</s>
     <s>بۆ پرسیاركردن لە كەسێك بەكاردێت:
     (كێ / چۆن / چەند / كوێ)

20.</s>
     <s>كامە بە یەكەم دەرچوو؟ (كامە) ئەركی بكەرە :
     (جێناوی پرس / هاوەڵكاری پرس / هاوەڵناوی پرس)ه
21.</s>
     <s>ئەڤ كوڕە چاڤا دنڤیسـێت؟ (چاڤا) :
     (جێناوی پرس / هاوەڵكاری پرس / هاوەڵناوی پرس)ه
22.</s>
     <s>چۆن دیارییەكت بۆ ئاری برد؟ (چۆن) :
     (جێناوی پرس / هاوەڵكاری پرس / هاوەڵناوی پرس)ه
23.</s>
     <s>كێ بیینرا؟ (كێ) ئەركی :
     (بكەرە / جێگری بكەر / دیارخەری ناو)
24.</s>
     <s>ئەمە پێنوسی كێیە؟ (كێ) ئەركی :
     (نیهادە / د‌یارخەری ناو /  تەواوكەری كاری ناتەواوە)
25.</s>
     <s>‌شیرین كچی كێیە؟ (كێ) ئەركی :
     (تەواوكەری كاری ناتەواوە / هەردووكیان / دیارخەری ناو)
26.</s>
     <s>چەند پێنوست كڕی؟ (چەند) :
     (جێناوی پرس / هاوەڵكاری پرس / هاوەڵناوی پرس)ه
27.</s>
     <s>ئۆتۆمۆبێلێكی چۆنت كڕی؟ (چۆن) :
     (جێناوی پرس / هاوەڵكاری پرس / هاوەڵناوی پرس)ه
28.</s>
     <s>منداڵەكان كوو دانیشتبوون؟ ( كوو ) :
     (جێناوی پرس / هاوەڵكاری پرس / هاوەڵناوی پرس)ه
29.</s>
     <s>چەند رۆژنامە ل كوردستانێ دەردكەڤن؟ ( چەند ) :
     (جێناوی پرس / هاوەڵكاری پرس / هاوەڵناوی پرس)ه
30.</s>
     <s>كێ زیرەكە؟ (كێ) ئەركی :
     (بكەرە / نیهادە / دیارخەری ناو)

31.</s>
     <s>مرۆڤی چۆنت خۆشدەوێ؟ (چۆن) :
     (جێناوی پرس / هاوەڵكاری پرس / هاوەڵناوی پرس)ه
32.</s>
     <s>(كێ / كامە و كێهان / چۆن) بۆ جیاكردنەوەی كەسێك یان شتێك لە نێو كۆمەڵە كەسێك  یان كۆمەڵە شتێك
33.</s>
     <s>كیژان ژن ژ هەمیا بەرزترە؟ (كیژان) چییە :
     (جێناوی پرس / هاوەڵكاری پرس / هاوەڵناوی پرس)

 
ڕاهێنانی  (3)
	لەم ڕستەیەی خوارەوەدا:
 دەستكەوتەكانی ڕاپەڕین دەپارێزین 
ئـ- (ی) لەنێوان وشەی دەستكەوتەكان‌و ڕاپەڕین چییە؟ 
ب- بكەری ڕستەكە دیاربكە، بۆچی خراوەتە ئەوێ‌؟
پ- وشەی دەستكەوتەكان شیبكەوە.</s>
     <s>ت- دەپارێزین بە پێی كات چ جۆرە كارێكە؟ چۆن دروستكراوە؟
ج- لە كاری دەپارێزین كاری ڕابردووی ڕاگەیاندن بەپێی دەمەكان دروستبكە.</s>
</ch>