<?xml version="1.0" encoding="UTF-8"?>
<ch>
    <s>﻿
[ پێرست]
 
لاپەڕە	بابەت	ز
 3	پێشەكی	1.</s>
    <s>5	بەشی ڕێزمان	2.</s>
    <s>6	وەرزی یەكەم
ناو لەڕووی پێكهاتنەوە	
3.</s>
    <s>15	چاوگ	4.</s>
    <s>20	چاوگ لە ڕووی پێكهاتنەوە	5.</s>
    <s>26	بەكارهێنانی چاوگ وەك ناو	6.</s>
    <s>31	ڕەگی كار	7.</s>
    <s>34	دۆزینەوەی ڕەگی كار	8.</s>
    <s>46	چاوگ سەرچاوەی دروستكردنی كارە  	9.</s>
    <s>49	 دەمەكانی كاری ڕابردوو	10.</s>
    <s>55	دەمەكانی كاری ڕانەبردوو 	11.</s>
    <s>61	كاری داخوازی	12.</s>
    <s>66	كاری بكەر دیار و كارى بكەر نادیار لە كرمانجی خواروو	13.</s>
    <s>72	وەرزی دووەم
كاری بكەر دیار و كارى بكەر نادیار لە كرمانجی سەروو	
14.</s>
    <s>77	جێناوی پرس	15.</s>
    <s>81	هاوەڵناوی پرس  	16.</s>
    <s>85	هاوڵكاری پرس	17.</s>
    <s>لاپەڕه	بابەت	 ز
90	رستەی لێكدراو	18.</s>
    <s>94	ئامرازی پەیوەندی	19.</s>
    <s>98	ئامرازی دانەپاڵ	20.</s>
    <s>105	بەشی ئەدەب	21

106	وەرزی یەكەم
ئەدەب چییە؟	
22
107	مێژووی ئەدەب	23
108	ڕەخنەیی ئەدەب	24
110	جۆر و مەبەستەكانی هۆنراوە	25
116	فۆلكلۆر چییە؟  	26
118	   داستان	27.</s>
    <s>127	وەرزی دووەم  
داستانی كوردی	
28.</s>
    <s>139	 پەندی پێشینان	29.</s>
    <s>144	 لێكۆڵینەوەی تازەی ئەدەبی كوردی	30.</s>
    <s>146	ڕێبازی كلاسیكی	31.</s>
    <s>147	ڕێبازی ڕۆمانتیكی	32.</s>
    <s>149	ڕێبازی ڕیالیزمی	33.</s>
    <s>لاپەڕه	   بابەت	ز
155	نمونەی ئەدەب	34.</s>
    <s>156	وەرزی یەكەم  
حاجی قادری كۆیی	
35.</s>
    <s>161	  وەلی دێوانە	36.</s>
    <s>164	پیرەمێرد	37.</s>
    <s>169	هەژاری موكریانی	38.</s>
    <s>‌172	دیلان	39.</s>
    <s>177	وەزی دووەم 
سەبری بۆتانی	
40.</s>
    <s>180	مقداد مەدحەت بەدرخان	41.</s>
    <s>185	شاكر فەتاح	42.</s>
    <s>192	بەشی خوێندنەوە	43.</s>
    <s>193	دوازدە سوارەی مەریوان	44.</s>
    <s>199	نرخی سەربەستی	45.</s>
    <s>201	  ڕەواندز	46.</s>
    <s>204	  دارگوێز	47.</s>
    <s>206	 بەرزەبوون	48.</s>
    <s>212	گورگ ‌و ئێستر	49.</s>
    <s>215	  سەرهەڵدان	50.</s>
    <s>217	  هونەری شانۆگەریی پێویستی بە هەرەوەزە  	51.</s>
    <s>222	 نامیق كەمال	52.</s>
    <s>لاپەڕه	بابەت	ز
227	 هەژاری	53.</s>
    <s>231	 ئەز دزانم ئاڤ ل سەر چ ڕا دچت بەلێ‌ نابێژم	54.</s>
    <s>235	  ژیانی كۆچەر	55.</s>
    <s>239	  قازی محەمەدی پێشەوا و كۆماری كوردستان	56.</s>
    <s>243	 ژیانی ئەمڕۆم دەفرۆشم بۆ كڕینی نانی سبەی	57.</s>
    <s>250	 پێڕست	58.</s>
</ch>