<?xml version="1.0" encoding="UTF-8"?>
<ch>
	<s>﻿

بەكارهێنانی چاوگ وەك ناو
ئـ/
1.</s>
	<s>نووسینەكەم هێناوە.</s>
	<s>2.</s>
	<s>نووسینەكانم كۆكردەوە.</s>
	<s>3.</s>
	<s>ئاخافتنا باش دلێ‌ مرۆڤی خۆش دكەت.</s>
	<s>4.</s>
	<s>نووسینی هێمنم خوێندوەتەوە.</s>
	<s>5.</s>
	<s>هاتنا وان بۆ كارگەهێ‌ گەلەك باش بوو.</s>
	<s>ب/
1.</s>
	<s>نڤستن بۆ نەخۆشی دەرمانە.</s>
	<s>2.</s>
	<s>سوتان بە ئازارە.</s>
	<s>3.</s>
	<s>خوێندن كۆمەڵ پێشدەخات.</s>
	<s>4.</s>
	<s>خۆزی كوشتن ل وەلاتێ‌ مە نەمابا.</s>
	<s>5.</s>
	<s>خوێندنم تەواوكردووە.</s>
	<s>6.</s>
	<s>مە خوارن كڕییە.</s>
	<s>7.</s>
	<s>هەر بە تێكۆشان دەگەینە ئامانج.</s>
	<s>8.</s>
	<s>كوردستان هەر ب زانینێ‌ پێش دكەڤیت.</s>
	<s>9.</s>
	<s>بەرهەمی ڕاپەڕین دیارە.</s>
	<s>10.</s>
	<s>كاری قوتابی خوێندنە.</s>
	<s>11.</s>
	<s>هەڵبژاردنەكە ئەنجامدرا.</s>
	<s>خستنەڕوو:
	لەمەوبەر بۆمان ئاشكرابوو، كە چاوگ وەكو ناوێك لەناو ڕستەدا بەكاردێت، چونكە تایبەتییەكانی ناو وەردەگرێت‌و هەموو ئەركەكانی ناو لەڕستەدا دەبینێت.</s>
	<s>ئـ- تایبەتییەكانی ناو وەردەگرێت كە ئەمانەن: چاوگ وەكو ناو دەتوانرێت بكرێت بە ناسراو بە هۆی نیشانەی ناسراو (ەكە).</s>
	<s>هەروەها دەتوانرێت بكرێت بە كۆی ناسراو بەهۆی نیشانەی كۆ (ان) كە دەخرێتە دوای نیشانەی ناسراوی (ەكە).</s>
	<s>هەروەها دەتوانرێت تەواو بكرێت بە (ناو، جێناو، هاوەڵناوی چۆنی).</s>
	<s>بۆ دەرخستنی ئەم ڕاستییانە ئەگەر سەیری ڕستەكانی بەشی (ئـ) بكەین دەبینین:

1.</s>
	<s>لەڕستەی یەكەمدا وشەی (نووسینەكە) چاوگێكی ناسراوە بەهۆی نیشانەی ناسراوی (ەكە) بووە بە ناسراو.</s>
	<s>2.</s>
	<s>لە ڕستەی دووەمدا وشەی (نووسینەكان) چاوگێكی كۆی ناسراوە بەهۆی نیشانەی كۆ (ان) كە  خراوەتە دوای نیشانەی ناسراوی (ەكە).</s>
	<s>3.</s>
	<s>لەڕستەی سێیەمدا وشەی (ئاخافتن) چاوگەو بە هاوەڵناوی چۆنی (باش)، دیارخراوە.</s>
	<s>4.</s>
	<s>لەڕستەی چوارەمدا وشەی (نووسین) چاوگەو بە ناوی (هێمن) دیارخراوە.</s>
	<s>5.</s>
	<s>لەڕستەی پێنجەمدا وشەی (هاتن) چاوگەو بە جێناوی كەسیی سەربەخۆ (وان) دیارخراوە.</s>
	<s>ب- چاوگ ئەركەكانی ناو دەبینێت لە ڕستەدا، ئەگەر سەیری ڕستەكانی بەشی (ب) بكەین، دەبینین هەر چاوگێك ئەركێكی بینیوە، كە بەم شێوەیەی خوارەوەیە:
	لەڕستەی یەكەم‌و دووەمدا چاوگی (نڤستن، سووتان) هەر یەكەیان نیهادە لە ڕستەی خۆیاندا، چونكە هەواڵێك یان سیفەتێك دراوەتە پاڵ هەر یەكێكیان، لەڕستەی سێیەم‌و چوارەمدا چاوگی (خوێندن، كوشتن) بكەرن، چونكە هەر یەكەیان كارێكی دراوەتە پاڵ.</s>
	<s>لەڕستەی پێنجەم‌و شەشەمدا چاوگی (خوێندن، خوارن) بەركارن، چونكە هەر یەكەیان مانای كاری تەواو كردووەو كاریگەرێتی كاریشی كەوتۆتە سەر.</s>
	<s>لە ڕستەی حەوتەم‌و هەشتەمدا چاوگی (تێكۆشان، زانین) تەواوكەری بە یاریدەن.</s>
	<s>لە ڕستەی نۆیەمدا چاوگی (ڕاپەڕین) ئەركی دیارخەری ناوی (بەرهەم)ی بینیوە.</s>
	<s>لە ڕستەی دەیەمدا چاوگی خوێندن ئەركی تەواوكردنی كاری ناتەواوی (ە)ی بینیوە.</s>
	<s>لە ڕستەی یازدەمدا چاوگی (هەڵبژاردن) ئەركی جێگری بكەری بینیوە.</s>
	<s>لە ئەنجامدا ئەوەمان بۆ دەركەوت كە چاوگ تایبەتییەكان‌و ئەركەكانی ناو لەڕستەدا وەردەگرێت‌و جێ‌ بەجێی دەكات، لەبەر ئەوە چاوگ وەك ناوە.</s>
	<s>دەستور: 
چاوگ لە ڕستەدا وەك ناوێك بەكاردێت، چونكە:
ئـ- 
تایبەتییەكانی ناو وەردەگرێت، دەتوانرێت بكرێت بە (تاكی ناسراو، كۆی ناسراو، دیارخراو بێت بەناو یان بەجێناو یان بە هاوەڵناوی چۆنی).</s>
	<s>ب-
 ئەركەكانی ناو دەبینێت، دەبێت بە (نیهاد، بكەر، بەركار، تەواوكەری بەیاریدە، دیارخەری ناو، تەواوكەری كاری ناتەواو، جێگری بكەر) لەڕستەدا.</s>
	<s>ڕاهێنان (1)
وەڵامی ڕاست بۆ وشە هێل بەژێرهاتووەكان هەڵبژێرە.</s>
	<s>1.</s>
	<s>بژاركردن بۆ كشتوكاڵ بە سودە.</s>
	<s>(نیهاد/ بكەر/ تەواوكەری بەیاریده/ بەركار)
2.</s>
	<s>هێنان بردنەوەی دەوێت.</s>
	<s>(بكەر/ بەركار/ دیارخەر/ نیهاد)
3.</s>
	<s>ب ئاڤاكرنا گوندان ژێر خانا ئابوری ڤەدژیتەوە.</s>
	<s>(بەركار/ تەواوكەرىكارىناتەواو/ تەواوكەرىبەیاریده/ جێگری بكەر)
4.</s>
	<s>بریا خوێندنم تەواو كردبایە.</s>
	<s>(بكەر/ بەركار/ دیارخەر/ تەواوكەری بەیاریدە)
5.</s>
	<s>كارگەی چنین كوتاڵ دروستدەكات.</s>
	<s>(بەركار/ دیارخەر/ دیارخراو/ نیهاد)
6.</s>
	<s>ئەڤە كەنگی نڤیسینە؟
  (نیهاد/ تەواوكەری كاری ناتەواو/ بەركار/ بكەر)
ڕاهێنان (2)
	چاوگی (یارمەتیدان) لەڕستەدا بەكاربهێنە بەمەرجێك هەموو ئەركەكان ببینێت.</s>
	<s>ڕاهێنان (3)
	لەڕستەی (ڕاپەڕین ئێمەی گەیاندە سەركەوتن)
1- وشەی (ڕاپەڕین) چییە؟ چۆن دروست كراوە؟ ئەركی چییە؟
2-  وشەی (ئێمە) شی بكەوە.</s>
	<s>‌3- وشەی (سەركەوتن) چییە؟ چ جۆرێكە؟ ئەركی چییە؟
4- (ی) لە دوای وشەی (ئێمە) چییە؟ ئەركی چییە؟
‌5- وشەی (ڕاپەڕین) لە ڕستەیەكی تردا ببێتە بەركار.</s>
	<s>‌6- وشەی (سەركەوتن) بكە بە كۆی ناسراوو لەڕستەیەكی تردا ببێتە نیهاد.</s>
	<s>ڕاهێنان (4)
	ئەم ڕستانەی خوارەوە شیبكەوە:
1.</s>
	<s>ئەنجامی هەڵبژاردنەكەیان ڕاگەیاند.</s>
	<s>2.</s>
	<s>خوێندن چاوی مرۆڤ دەكاتەوە.</s>
</ch>