<?xml version="1.0" encoding="UTF-8"?>
<ch>
	<s>﻿
ڕستەی لێكدراو

1.</s>
	<s>نازدارێ‌ فراڤین لێناو شەرمینێ‌ ماڵ پاقژكر.</s>
	<s>2.</s>
	<s>دێ‌ چیرۆكێ‌ خوینم پاشی دێنڤم.</s>
	<s>3.</s>
	<s>نانم خوارد، پاشان نامەكەم نووسی ئینجا نووستم.</s>
	<s>4.</s>
	<s>خوناو مامۆستایە بەڵام ئالان ئەندازیارە.</s>
	<s>خستنەڕوو:
	خوێندوومانە، كە ڕستەی سادە واتایەكی تەواوی هەیە، لە (بكەرو كارێك) یان (نیهادو كاری ناتەواو) پێكدێت‌و یەك كاری تێدایە، جا كارەكە (تەواو- ناتەواو)بێت.</s>
	<s>دەبێت بزانین ئەو ڕستانەی، كە لە ئاخاڤتندا دەردەبڕێن، هەمیشە سادە نین، واتە مەرج نییە یەك كاری تێدا هەبێت، ڕستەی وا هەیە بە (دوو كار یان پتر) واتاكەی پێكدێت، ئینجا بۆ ڕوونكردنەوەی ئەمە ئەگەر لە ڕستەكانی سەرەوە وردبینەوە دەبینین:
1.</s>
	<s>ڕستەی یەكەم لە دوو ڕستەی سادەی سەربەخۆ پێكهاتووە، ڕستەی (نازدارێ‌ فراڤین لێنا)و ڕستەی (شەرمینێ‌ مال پاقژكر).</s>
	<s>ئەم دوو ڕستەیە هەر چەندە لە واتادا سەربەخۆن، بەڵام پەیوەندی لە نێوان هەردووكیاندا هەیە، كە بە یاریدەی ئامرازی (و)ی لێكدەر، كە سەر بە هیچیان نییە هەردوو ڕستەكەی بە یەكەوە بەستووە، بۆیە بە هەردووكیان بەیەكەوە دەگوترێت (ڕستەی لێكدراو).</s>
	<s>2.</s>
	<s>ڕستەی دووەم لە دوو ڕستەی سادەی سەربەخۆ پێكهاتووە، ڕستەی (دێ‌ چیرۆكێ‌ خوینم)‌و ڕستەی (دێنڤم) ئەم دوو ڕستەیە هەر چەندە لە واتادا سەربەخۆن، بەڵام پەیوەندییەك لە نێوانیاندا هەیەو كە بە یاریدەی ئامرازی (پاشی)ی لێكدەر، كە سەر بە هیچیان نییە بە یەكەوە بەستراون، بۆیە بە هەردووكیان بە یەكەوە دەگوترێت (ڕستەی لێكدراو).</s>
	<s>3.</s>
	<s>ڕستەی سێیەم لە سێ‌ ڕستەی سەربەخۆ پێكهاتووە، ڕستەی (نانم خوارد)و ڕستەی (نامەكەم نووسی)‌و ڕستەی (نووستم) ئەم سێ‌ ڕستەیە هەر چەندە لە واتادا سەربەخۆن، بەڵام پەیوەندییەك لە نێوان هەر سێكیاندا هەیە، كە یەكەم‌و دووەمیان بە یاریدەی ئامرازی (پاشان)ی لێكدەر، كە سەر بە هیچیان نییە بە یەكەوە بەستراون.</s>
	<s>هەروەها ڕستەی دووەم‌و سێیەمیش بە یاریدەی ئامرازی (ئینجا)ی لێكدەر دراونەتە پاڵ یەكتر، بۆیە بەیەكەوە بەم سێ‌ ڕستەیە دەگوترێت (ڕستەی لێكدراو).</s>
	<s>4.</s>
	<s>ڕستەی چوارەم لە دوو ڕستەی سادەی سەربەخۆ پێكهاتووە، ڕستەی (خوناو مامۆستایە)و ڕستەی (ئالان ئەندازیارە).</s>
	<s>ئەم دوو ڕستەیە هەر چەندە لە واتادا سەربەخۆن، بەڵام پەیوەندییەك لە نێوانیاندا هەیە، كە بەیاریدەی ئامرازی (بەڵام)ی لێكدەر، كە سەر بە هیچیان نییە بە یەكەوە بەستراون، بۆیە بەم دوو ڕستە بەیەكەوە دەگۆترێت (ڕستەی لێكدراو).</s>
	<s>دەستور: 
ڕستەی لێكدراو 
	ئەو ڕستەیەیە، كە لە دوو ڕستەی سەربەخۆی سادە یان  پتر پێكدێت، پەیوەندییەك لە نێوانیاندا هەیەو بە یاریدەی (ئامرازی لێكدەر) دەدرێنە پاڵ یەكتر.</s>
	<s>(ئامرازی لێكدەر) سەر بە هیچ ڕستەیەكی سادەی ناو ڕستە لێكدراوەكە نییە، لە ڕستەی لێكدراودا چەند كار هەبێت ئەوەندە ڕستەی سادەی تێدایە.</s>
	<s>زۆربەی ئەو ئامرازە لێكدارانەی، كە بۆ ئەم مەبەستە بەكاردەهێنرێن ئەمانەن:
(و، ئینجا، ڤێجا، بەڵام، لێ‌، پاشان، پاشی، چونكە، یان، یاخود، نەوەك،  بەڵكو، كەچی، تا، تاكو، هەتاكو، هەتا، ... هتد).</s>
	<s>ڕاهێنانی (1)
	ئەم ڕستە سادانە بە ئامرازی لێكدەر بگۆڕە بۆ ڕستەی لێكدراو:
1.</s>
	<s>شڤانی پەز چەراند، ئاڤ نەدا.</s>
	<s>2.</s>
	<s>نامەیەكێ‌ بنڤیسە، بۆ زنارێ‌ بهنێرە.</s>
	<s>3.</s>
	<s>هاوڕێ‌ سواری ترۆمبێلەكە بوو، چوو بۆ هەولێر، چوو بۆ دهۆك.</s>
	<s>4.</s>
	<s>ئەم كوڕە زیرەكە، ئەو كوڕە تەمەڵە.</s>
	<s>5.</s>
	<s>برینێن خەنجەران ساخ دبن، برنێین خەبەران ساخ نابن.</s>
	<s>6.</s>
	<s>یان بڕۆ، یان دەرگاكە پێوەدە.</s>
	<s>ڕاهێنانی (2)
	لەم ئامرازانەی خوارەوە ڕستەی لێكدراو پێك بهێنە:
(پاشی، كەچی، ئینجا، دوایی).</s>
	<s>ڕاهێنانی  (3)
	هەر یەكە لەم ڕستە لێكدراوانەی خوارەوە بكە بە ڕستەی سادە:
1.</s>
	<s>شێركۆ چوو بۆ لای چەتۆ، بەڵام چەتۆ لە ماڵ نەبوو.</s>
	<s>2.</s>
	<s>هەڤالێد من نەهاتن، چونكە بەفر باری بوو.</s>
	<s>3.</s>
	<s>دلشێری داستانا مەم‌و زینێ‌ خواندو نامەیەك نڤیسی پاشی نڤست.</s>
	<s>4.</s>
	<s>ڕزگار هەڵبەستەكە لەبەردەكات‌و پەخشانەكە دەنووسێتەوە.</s>
	<s>ڕاهێنانی (4)
	وەڵامی ڕاست هەڵبژێرە:
1.</s>
	<s>نازداری فراڤینێ لێنا و شەرمینی مال باقژ كر.</s>
	<s>(و) ئامرازی:
     (پەیوەندی / لێكدەر / دانەپاڵ)ە
2.</s>
	<s>یان برۆ یان دەرگاكە پێوەدە.</s>
	<s>(یان) :
     (جێناوە / ئامرازی پەیوەندییە / ئامرازی لێكدەرە)
3.</s>
	<s>دێ چیرۆكی خوێنم پاشی دێنڤم.</s>
	<s>(پاشی) ئامرازی :
     (پەیوەندی / لێكدەر / دانەپاڵ)ە

ڕاهێنانی (5)
	ئەم ڕستانە شیبكەوە:
1.</s>
	<s>نەمامەكەم چاند، بەڵام تۆوەكەم هەڵگرت.</s>
	<s>2.</s>
	<s>زەنگەكە لێدرا، ئینجا قوتابییەكان چوونە ژوورەوە.</s>
</ch>