<?xml version="1.0" encoding="UTF-8"?>
<ch>
    <s>﻿

كاری بكەر دیارو بكەر نادیار
لە شێوەزاری كرمانجی خواروودا
       ( ئـ )                              ( ب )
   كاری بكەر دیار               كاری بكەر نادیار
1.</s>
    <s>شاد گوڵەكەی چاند.</s>
    <s>1.</s>
    <s>گوڵەكە چێنرا.</s>
    <s>2.</s>
    <s>كوڕەكان وانەكانیان نووسییەوە.</s>
    <s>2.</s>
    <s>وانەكان نووسرانەوە.</s>
    <s>3.</s>
    <s>جوتیارەكە زەوییەكە دەكێڵێت.</s>
    <s>3.</s>
    <s>زەوییەكە دەكێڵرێت.</s>
    <s>4.</s>
    <s>تاڤگە نامەكانی دەخوێنێتەوە.</s>
    <s>4.</s>
    <s>نامەكان دەخوێنرێنەوە.</s>
    <s>لەمەوبەر زانیمان، كاری تێپەڕ، بەهۆی وشەیەكی ترەوە واتای ڕستەكە تەواودەكات‌و دەبێتە بەركاری كارەكە، ئەم ڕاستییە لە ڕستەكانی كۆمەڵەی (ئـ) دا بە تەواوی بەدیدەكرێت.</s>
    <s>1.</s>
    <s>لە ڕستەی یەكەمدا (شاد) كە (بكەر)ە كارێكی كردووەو ئەركی كارەكەی یەكسەر كەوتۆتە سەر (گوڵەكە)و بووە بە بەركاری كاری (چاند)و واتای ڕستەكەشی تەواوكردووە، بەڵام لە ڕستەی یەكەمی بەشی (ب)دا لەبەر ئەوەی نەمانزانیوە كێ‌ (گوڵەكەی چاند)ووە، یان نەمانویستووە ناوی (شاد) بێنین، كە (بكەر)ی كارەكەیە، ڕستەكەمان لە شێوەی ڕستەی بكەر نادیار دەربڕیوە.</s>
    <s>بۆ ئەم مەبەستەش، (بكەر)ی كارە ئاشكرایەكەو هەرچی وشەیەك، كە پەیوەندی بە (بكەر)ەوە هەیە لە ناو ڕستەكەدا لای دەبەین‌و بەركارەكە دەچێتە شوێنی‌و كارەكە دەخەینە سەر شێوەی كارێكی بكەر نادیار، بەو شێوەیەی كە لەسەرەوە پیشانمان داوە، بەم پێیە ڕستەكە دەبێتە (گوڵەكە چێنرا)و (گوڵەكە) دەبێتە جێگری (بكەر).</s>
    <s>2.</s>
    <s>لە ڕستەی دووەمدا هەمان ڕێگەمان گرتووە بۆ گۆڕینی كاری بكەر دیار بۆ كارێكی بكەر نادیار، بەڵام كە (بەركار)ەكە دەچێتە شوێنی (بكەر) پێویستە بە پێی كەس‌و ژمارەی جێگری (بكەر)ەكە كارە بكەر نادیارەكەش بگۆڕێت، لەبەر ئەمە ڕستەكە دەبێتە (وانەكان نووسرانەوە).</s>
    <s>3.</s>
    <s>لە ڕستەكانی (سێیەم‌و چوارەم)دا كاری (دەكێڵێت)و (دەخوێنێتەوە) دوو كاری ڕانەبردووی تێپەڕن، چونكە (بكەر)ەكانیان ئاشكران، بۆ گۆڕینی ئەم جۆرە كارانە، بە پێی ئەو دەستورەی لە سەرەوە دەرمانخست، (بكەر)ەكان لەناو ڕستەكاندا لا دەبەین‌و (بەركار)ەكان دەخەینە شوێنیان‌و كارەكانیش لەو شێوانەی، كە لە ڕستەكانی كۆمەڵەی (ب)دا نیشاندراون بەكار دەهێنین.</s>
    <s>نیشانەی ( رێ‌ ) كە بۆ كاری ڕانەبردووە هەروەها جێناوی لكاوی (ێت) دەچێتە سەر (رێ‌) دەبێتە (رێت)

 

دەستور:
1.</s>
    <s>كاری بكەر دیار: ئەو كارەیە كە یەكسەر دەخرێتە پاڵ (بكەر)ەكەی‌و لە ناو ڕستەكەشدا باس دەكرێت.</s>
    <s>2.</s>
    <s>كاری بكەر نادیار: ئەو كارەیە كە (بكەر)ەكەی لەناو ڕستەدا باس ناكرێت‌و (بەركار)ەكەی دەبێتە جێگری (بكەر)ەكەی.</s>
    <s>3.</s>
    <s>تەنیا كاری تێپەڕی دیار دەگۆڕێت بۆ كاری بكەر نادیار.</s>
    <s>4.</s>
    <s>لەم گۆڕینەدا پێویستە بە وردی سەرنجی (تاك‌و كۆ)ی جێگری (بكەر) بدەین‌و بەو پێیە ئاگاداری ژمارەو كەسی كارە بكەر نادیارەكە بین.</s>
    <s>5.</s>
    <s>ئەگەر كارە تێپەڕەكە:
ئـ - ڕابردوو بوو، ڕەگی كار وەردەگرین‌و پاشگری (را)ی دەخەینە سەر وەك:
چاوگ	ڕەگی كار	 ڕابردووی نادیار
 خووساندن	خووسێن	خوسێن + را = خوسێنرا
كێڵان  	 كێڵ	  كێڵ + را = كێڵرا
 شوشتن	 شۆ	  شۆ + را = شۆرا
نووسین	نووس	نووس + را = نووسرا

                       
ب‌-  ڕانەبردوو بوو، ڕەگی كار وەردەگرین‌و پاشگری (رێ‌)ی دەخەینە سەر.</s>
    <s>وەك:
چاوگ	ڕەگی كار	 رانەبردووی نادیار
 نووسین	 نووس	 دە+ نووس + ڕێ‌ = دەنووسرێ
خوێندن	 خوێن	 دە + خوێن + ڕێ‌ = دەخوێنرێ
 ‌تێبینی: 
1.</s>
    <s>كاتێك هەندێ‌ كار دەكرێن بە كاری بكەر نادیار لە دەستور لادەدەن، چونكە بە ڕەگی كار ناكرێن بە كاری بكەر نادیار، بەڵكو بە قەدی چاوگ دەكرێن، واتە:
ئـ .</s>
    <s>ڕابردوو
 قەدی چاوگ + را  
 گوتن: گوت + را = گوترا
 ویستن: ویست+ را = ویسترا
ب.</s>
    <s>ڕانەبردوو
 دە + قەدی چاوگ + رێ
 دە + گوت + رێ‌ = دەگوترێ‌
 دە + ویست+ رێ‌ = دەویسترێ‌
2.</s>
    <s>لە كاتی دروستكردنی كاری بكەر نادیار، ئەگەر هاتوو ڕەگی كار كۆتایی بە بزوێن هات، ئەوا پەیڕەو‌ی ئەم خاڵا‌نە دەكەین
ئـ .</s>
    <s>بزوێنی (ێ، ە) لە ناو دەچن.</s>
    <s>دانان         دا + نێ + را‌           دانرا
 كردن        كە + را                 كرا
ب.</s>
    <s>بزوێنی (ۆ) دەگۆڕێت بۆ بزوێنی ( و)
  خواردن       خۆ + را       خورا
3.</s>
    <s>كاری بكەر نادیار بۆ كاتی ڕابردوو هەموو دەمكاتەكانی هەیە وەك (نزیك، تەواو، بەردەوام، دوور)



ڕاهێنانی (1)
	ئەم ڕستانە لە كاری بكەر دیارەوە بگۆڕە بۆ كاری بكەر نادیار:
1.</s>
    <s>منداڵەكە هێلكەیەكی خوارد.</s>
    <s>2.</s>
    <s>قارەمانێك فڕۆكەیەكی دوژمنی خستە خوارەوە.</s>
    <s>3.</s>
    <s>ئەندازیارەكان خانووەكان دروستدەكەن.</s>
    <s>4.</s>
    <s>ئەوان چوار جار وانەكە دەنووسنەوە.</s>
    <s>5.</s>
    <s>ئەو هەموو ڕۆژێ‌ سێ‌ جار دەم‌وچاوی دەشوات.</s>
    <s>ڕاهێنانی (2)
	ئەم كارانە لە كاری بكەر نادیارەوە بگۆڕە بۆ كاری بكەر دیار:
1.</s>
    <s>ڕۆمانەكە چاپكرا.</s>
    <s>2.</s>
    <s>دوو چاڵ هەڵكەنرا.</s>
    <s>3.</s>
    <s>دوێنێ‌ دیوارەكان‌و سەربانەكان سواخدران.</s>
    <s>4.</s>
    <s>شەش مانگە باخەكە ئاو دەدرێ.</s>
    <s>5.</s>
    <s>تابلۆیەك دەكێشرێت.</s>
    <s>ڕاهێنانی  (3)
	ئەم كارە بكەر نادیارانە لە ڕستەدا بەكاربهێنە:
(خورا، دەنوسرێت، دەبینرێت، دەخوێنرێ، پێشكەشدەكرێ، هەڵدرا).</s>
    <s>ڕاهێنانی  (4)
	وەڵامی ڕاست هەڵبژێرە:
1.</s>
    <s>پەنجەرەكە شكێنرا، (شكێنرا) كاری ڕابردووی بكەر نادیاری:
    (نزیك/ دوور/ تەواو/ بەردەوام)
2.</s>
    <s>نیشانەی كاری بكەر نادیار لە كرمانجی خواروو بۆ ڕابردوو:
  ( رێ  /    را   /    هاتە)
3.</s>
    <s>گوڵەكە چێنرابوو، (چێنرابوو) كاری رابردووی بكەر نادیاری:
    (نزیك،  دوور،  بەردەوام، تەواو)
4.</s>
    <s>دیواری باخەكە ڕوخێنرا، ئەو ڕستەیە بكەر:
    (دیاره  /  نادیاره  /   هیچیان)
5.</s>
    <s>كاری دیار لە ڕستەدا یەكسەر دەخرێتە پاڵ: 
    (بكەر/  هاوەڵناو/  ئامرازی دانەپاڵ) 

ڕاهێنانی (5)
	شیكردنەوە:
1.</s>
    <s>دیواری باخەكە دروستكرا.</s>
    <s>دیوار   : ناوە، تاكە، نەناسراوە، دیارخرا‌وە.</s>
    <s>ی  : ئامرازی دانەپاڵ.</s>
    <s>باخەكە: ناوە، تاكە، ناسراوە، دیارخەری ناوی (دیوار)ە.</s>
    <s>دیواری باخەكە: گرێی ناوییە، جێگری بكەرە.</s>
    <s>دروستكرا: كاری ڕابردووی نزیكی بكەر نادیارە.</s>
    <s>2.</s>
    <s>ئەم ڕستانە شیبكەوە:
ئـ - تۆپەكە هێنرابوو.</s>
    <s>ب-  پاقلەكە لە مەنجەڵەكەدا كوڵێنراوە.</s>
    <s>پ - گەنم چۆن دەچێنرێت؟
وەرزی دووەم</s>
</ch>