<?xml version="1.0" encoding="UTF-8"?>
<ch>
	<s>﻿

هاوەڵناوی پرس
	
	ئەم ڕستانه بخوێنەوە:
1.</s>
	<s>چەند جۆرە پێنوست كڕی؟
 تە چەند (چقاس) پارە هەیە؟
2.</s>
	<s>كام ئەستێرە جوانە؟
3.</s>
	<s>كیژان ژن ژ هەمیا درێژترە؟
4.</s>
	<s>جەژنی نەورۆزی ئەمساڵ كوو بوو؟
چۆن دیارییەكت  بۆ براكەت نارد؟
دیارییەكی چۆنت بۆ نەوزادی برات نارد؟
تە دیارییەكا چاوا بۆ نەوزادێ‌ برایێ‌ خۆ هنارد؟
5.</s>
	<s>چ قوتابیێك لە تاقیكردنەوە لە هەموو وانەكان دەردەچێت؟
6.</s>
	<s>پۆلی چەندەمیت؟
ئازاد چەندەمین قوتابییە، كە لە ڕێزماندا دەرچووە؟

خستنەڕوو:
	لە ڕستەكانی سەرەوەدا، دەبینین لە كۆتایی هەر ڕستەیەك نیشانەیەكی پرس (؟) هەیە، بۆمان دەردەكەوێت، كە ڕستەكە لە شێوەی پرسدایە، ئەگەر زیاتر لە ڕستەكان ڕامێنین، دەبینین پەیڤێكی پرسكردن لە هەر  یەك لەم ڕستانەدا هەیە، كە بەهۆی ئەو پەیڤەوە پرسیارمان كردووە.</s>
	<s>1.</s>
	<s>لەڕستەكانی ژمارە (1) دا، پەیڤی پرسی (چەند) بە كارهاتووە، كە لەگەڵ ناوێكدا بە كارهاتووەو پرسی پێ‌ لەو ناوە دەكرێت، دیارە لە وەڵامیشدا دەبێ‌ پەیڤەكی وا بەكاربێت، كە وەسفی ناوەكە بكات‌و ببێتە تەواوكەر بۆی.</s>
	<s>وەك ئەوەی لە وەڵامی پرسیاری یەكەمدا بڵێین (دوو جۆرە پێنووسم كڕی) كە دیارە لێرەدا هاوەڵناوی (دوو) وەڵامی پەیڤی پرسی (چەند)ە، كەواتە پەیڤەكە هاوەڵناوی پرسە.</s>
	<s>ڕستەی دووەمیش هەر ب ڤی ئاواییە.</s>
	<s>2.</s>
	<s>لە ڕستەی دووەمدا پەیڤی (كام) لە پێش ناوی ئەستێرە بەكارهاتووە، كە دیارە پرسیار لە ئەستێرەی جوان دەكات، بۆیە وەڵامەكەی بە (ئەم  .... ە) یە، كە هاوەڵناوی نیشانەیە و ناوە دیارخراوەكەش دەچێتە نێوانیان و‌ پەیڤی كام وەك هاوەڵناوی پرس بەكارهاتووە.‌‌
3.</s>
	<s>لە ڕستەی سێیەمدا هەر بڤی ئاوایی، پەیڤا پرسێ‌ (كیژان ـــ كی ژوان) دگەل (ژن) یا هاتییە ب كار ئینانێ‌، داكو لناڤ كۆمەڵەكا ژنان، وێ‌ ژنێ‌ دەست نیشان بكەت، كو ژ هەمی ژنێن دی درێژترە، هەر ژبەر هندێیە ئەڤ پەیڤە ژی ب هاوەڵناوێ‌ پرس دهێتە ناسین.</s>
	<s>4.</s>
	<s>لە ڕستەكانی ژمارە (4)دا، پەیڤەكانی (كوو، چۆن، چاوان) لە واتادا یەكن‌و لەگەڵ ناودا بەكارهاتوون، لەناو ئەوانەشدا پەیڤی (چۆن) لە دوو شێوەدا بەكارهاتووە بەم جۆرە:
ئـ - لە پێش ناودا هاتووە، 
	كە لەو بارەدا پێویستی بە (ی) ئامرازی دانە پاڵ نییە.</s>
	<s>ب-  لە دوای ناودا،
	كە پێویستی بە ئامرازی دانەپاڵی  (ی، ا، ێ، ێد، ێت، ێن‌) هەیە، ئەگەر وەڵامی پرسیارەكانیش بدەینەوە، دەبێ‌ لە وەڵامەكاندا وەسفی ناوەكان بكەین، بۆیە پەیڤەكانی (كوو، چۆن، چاوان) بە هاوەڵناوی پرس دێنە هەژماردن.</s>
	<s>5.</s>
	<s>لە ڕستەی پێنجەمدا بەهۆی پەیڤی پرسی (چ ... ێك)، پرسیارمان لەو قوتابییە كردووە، كە لە هەموو وانەكان دەردەچێت، مەبەستیش ناوی قوتابییەكە نییە، بەڵكو سیفەتەكەیەتی، بۆیە لە وەڵامدا دەڵێین: (قوتابی زیرەك، یان قوتابی هشیار... هتد) لە هەموو وانەكان دەردەچێت، كەواتە یەپڤی پرسی ناوبراو، لە شێوەی هاوەڵناوی پرس بەكار هاتووە.</s>
	<s>6.</s>
	<s>لە هەر دوو ڕستەی ژمارە (6)دا پەیڤی پرسمان لە شێوەی (چەندەم، چەندەمین) بەكارهێناوە، كە پرسی پێ‌ لە ڕیزبەندی دەكەین، لە وەڵامیاندا ژمارەیەك لە شێوەی هاوەڵناوی ژمارەیی ڕێكخستندا بەكاردەهێنین، بۆیە دەبنە هاوەڵناوی پرس‌.</s>
	<s>دەستور: 
1.</s>
	<s>هاوەڵناوی پرس، پەیڤەكی پرسە، كە وەسفی ناوێك دەكات لە شێوەی پرسدا.</s>
	<s>2.</s>
	<s>ئەگەر هاوەڵناوی پرس لە پێش ناوەكە هات پێویستی بە ئامرازی دانەپاڵ نابێت وەك:
كام سوار گەهشتە جێ‌؟
كیش هەسپ ژ هەمیا خێراترە؟
چەند هەڤاڵت هەن؟
چ ئەسپێك ڕەسەنە؟
	ئەگەر‌ لە پاش ناوەكە هات، ئەو كاتە ئامرازی دانەپاڵی دەوێت وەك:
هوین ل گوڤەندەكا چاوان پشكداربوون؟ (ا) ئامرازی دانەپاڵە.</s>
	<s>ئەوان لە ڕۆژێكی چۆن سەفەریان كرد؟ (ی) ئامرازی دانە پاڵە.</s>
	<s>3.</s>
	<s>ئەو پەیڤێن پرسێیێن كو دبنە هاوەڵناوی پرس ئەڤەنە:
ئـ- كام، كامە، كیهان، كیهە، كیژان، كیش.</s>
	<s>ب- چەند (چقاس).</s>
	<s>پ- چۆن، چاوان، كوو، چلۆن.</s>
	<s>ت- چ ... ێك.</s>
	<s>4.</s>
	<s>ئەركی هاوەڵناوی پرس لە ڕستەدا
ئـ .</s>
	<s>دەبێتە دیارخەری ناو.</s>
	<s>وەك: 
1.</s>
	<s>كراسێكی چۆنت كڕی؟
2.</s>
	<s>كام قوتابی بە یەكەم دەرچوو؟
ب.</s>
	<s>دەبێتە تەواوكەری كاری ناتەواو
 - خواردنەكە چۆن بوو

ڕاهێنانی (1)
	پەیڤی (چۆن) لە دوو ڕستەدا بەكاربێنە، بەو مەرجەی لە یەكەمیاندا تەواوكەری كارێكی ناتەواو بێت و لە دووەمیاندا دیارخەری ناوبێت.</s>
	<s>ڕاهێنانی (2)
	ئەم ڕستانە شیبكەوە:
1.</s>
	<s>چەند ڕۆژنامە لە كوردستان‌ دەردەچن؟
2.</s>
	<s>كیهان كچ خوشكا تەیە؟</s>
</ch>