<?xml version="1.0" encoding="UTF-8"?>
<ch>
     <s>﻿

 چـــاوگ 
لە ڕووی پێكهاتنەوە 
یەكەم:
1.</s>
     <s>كوتانی منداڵان دژی نەخۆشییەكان پێویستە.</s>
     <s>2.</s>
     <s>ب هاتنا وە ئەم دلشاد بووین.</s>
     <s>3.</s>
     <s>وڵاتەكەمان بە چاندنی درەخت دەڕازێتەوە.</s>
     <s>4.</s>
     <s>نرخی دروونی كراسەكە گران بوو.</s>
     <s>5.</s>
     <s>پشكفتنا بشكۆژێن گوڵان ل بهاران دبیت.</s>
     <s>6.</s>
     <s>خوێندنم تەواو كردووە.</s>
     <s>دووەم: 
                  ( ئـ )
1.</s>
     <s>ڤەكرنا خوێندنگەهان وەلات پێشدكەڤیت.</s>
     <s>2.</s>
     <s>هەڵبژاردنەكەیان ئەنجامدا.</s>
     <s>3.</s>
     <s>لە ڕاسپاردنەكەت ‌گەیشتم.</s>
     <s>4.</s>
     <s>تێگهشتن بناغا زانستێیە.</s>
     <s>5.</s>
     <s>بە خوێندنەوە زانیاریی نوێ‌ فێردەبین.</s>
     <s>6.</s>
     <s>قرتاندنی گوڵی باخان جوان نییە.</s>
     <s>7.</s>
     <s>هەڵدانەوەی لاپەڕەیەكی نوێ‌ بۆ ئێمە پێویستە.</s>
     <s>(ب)
1.</s>
     <s>ئاڤدانێت باغچان گەلەك پێدڤییە.</s>
     <s>2.</s>
     <s>ئێمە بۆ یارمەتیدانی ئێوە هاتووین.</s>
     <s>3.</s>
     <s>جوانكردنی شارەكان ئەركێكی نیشتمانییە.</s>
     <s>4.</s>
     <s>بە گەرمبوون تەنە ڕەقەكان لێكدەكشێن.</s>
     <s>5.</s>
     <s>دەست پێ‌ كرنا هەر كارەكی پێویستی ب نەخشە دانانێ‌ هەیە.</s>
     <s>6.</s>
     <s>ڕاستكردنەوەی هەڵەكانم بینی.</s>
     <s>7.</s>
     <s>ل ناڤبرنا زۆرداریێ‌ ئارمانجا مەیە.</s>
     <s>8.</s>
     <s>ڕێگەدانی چاپكردنی كتێبەكەم وەركرت.</s>
     <s>9.</s>
     <s>بە بەهێزكردنی پەیوەندی نێوان لایەنەكان، كۆمەڵگە سەقامگیر دەبێت.</s>
     <s>خستنەڕوو:
     لە بابەتی پێشوودا ئەوەمان زانی، كە چاوگ ڕوودانێك پیشاندەدات‌و بەكات نەبەستراوەتەوەو نەدراوەتە پاڵ كەسێك یان شتێك، بەڵام لێرەدا دەما‌نەوێت بزانین، كە چاوگ لە ڕووی دروستكردنییەوە چۆن پێكدێت؟ كاتێك سەیری ڕستەكان دەكەین، دەبینین چاوگ لە ڕووی دروستكردنییەوە بەم شێوەی خوارەوەییە:
یەكەم: لە ڕستەكانی بەشی (1) پەیڤەكانی (كوتان، هاتن، چاندن، دروون، پشكڤتن، خوێندن) هەموویان چاوگی سادەن، هەر یەكێك لەم چاوگانە ڕوودانێكی پیشانداوەو واتایكی سەربەخۆی هەیە، بەڵام ئەگەر لەڕووی دروستكردنەوە سەیریبكەین، دەبینین هەر یەكێكیان لە یەك وشەی واتادار پێكهاتووە.</s>
     <s>دووەم:
            ( ئـ )
	لە ڕستەكانی بەشی (2)ی بەشی (ئـ)دا وشەكانی (ڤەكرن، هەڵبژاردن، دەركەوتن، ڕاسپاردن، تێگهێشتن، سەركەڤتن، خوێندنەوە، قرتاندن، هەڵدانەوە) هەموویان چاوگی داڕێژراون، لە ڕووی دروستكردنیانەوە، هەر یەكێك لەم چاوگانە لە چاوگێكی سادە لەگەڵ پێشگرێك یان پاشگرێك یان لەكەڵ هەردووكیان پێكهاتووە، بەم شێوەی خوارەوە:
1.</s>
     <s>چاوگی (ڤەكرن) لە پێشگری (ڤە) لەگەڵ چاوگی سادە (كرن) پێكهاتووە.</s>
     <s>2.</s>
     <s>چاوگی (هەڵبژاردن) لە پێشگری (هەڵ) لەگەڵ چاوگی سادە (بژاردن) پێكهاتووە.</s>
     <s>3.</s>
     <s>چاوگی (ڕاسپاردن) لە پێشگری (ڕا) لەگەڵ چاوگی سادە 
(سپاردن) پێكهاتووە.</s>
     <s>4.</s>
     <s>چاوگی (تێگهێشتن) لە پێشگری (تێ‌)  لەگەڵ چاوگی سادە (گهێشتن) پێكهاتووە.</s>
     <s>5.</s>
     <s>چاوگی (خوێندنەوە) لە چاوگی سادە (خوێندن) لەگەڵ پاشگری (ەوە) پێكهاتووە.</s>
     <s>6.</s>
     <s>چاوگی (قرتاندن) لە چاوگی سادە (قرتان) لەگەڵ پاشگری 
(اندن) پێكهاتووە.</s>
     <s>7.</s>
     <s>چاوگی (هەڵدانەوە) لە پێشگری (هەڵ)‌و چاوگی سادە (دان)و پاشگری (ەوە) پێكهاتووە.</s>
     <s>( ب )
 	لە ڕستەكانی بەشی (2) ی بەشی (ب) دا پەیڤەكانی (ئاڤدان، یارمەتیدان، جوانكردن، گەرمبوون، دەستپێكردن، ڕاستكردنەوە، ل ناڤبردن، ڕێگەدان، بەهێزكردن) هەموویان چاوگی لێكدراون لە ڕووی دروست كردنیانەوە هەر یەكێكیان لە دوو وشەی واتادار یا پتر پێكهاتووە.</s>
     <s>1.</s>
     <s>چاوگی (ئاڤدان) لە ناوی (ئاڤ ) لەگەڵ چاوگی سادە (دان) پێكهاتووە.</s>
     <s>2.</s>
     <s>چاوگی (یارمەتیدان) لەناوی (یارمەتی) لەگەڵ چاوگی سادە (دان) پێكهاتووە.</s>
     <s>3.</s>
     <s>چاوگی (جوانكردن) لە هاوەڵناوی (جوان) لەگەڵ چاوگی سادە (كردن) پێكهاتووە.</s>
     <s>4.</s>
     <s>چاوگی (گەرمبوون) لە هاوەڵناوی (گەرم) لەگەڵ چاوگی سادە (بوون) پێكهاتووە.</s>
     <s>5.</s>
     <s>چاوگی (دەستپێكرن) لە ناوی (دەست) لەگەڵ چاوگی داڕێژراوی (پێكرن) پێكهاتووە.</s>
     <s>6.</s>
     <s>چاوگی (ڕاستكردنەوە) لە هاوەڵناوی (ڕاست) لەگەڵ چاوگی داڕێژراوی (كردنەوە) پێكهاتووە.</s>
     <s>7.</s>
     <s>چاوگی (ل ناڤبرن) لە هاوەڵكاری داڕێژراوی (ل ناڤ ) لەگەڵ چاوگی سادە (برن) پێكهاتووە.</s>
     <s>8.</s>
     <s>چاوگی (ڕێگەدان) لە ناوی داڕێژراوی (ڕێگە) لەگەڵ چاوگی سادەی(دان)پێكهاتووە.</s>
     <s>9.</s>
     <s>چاوگی (بەهێزكردن) لە هاوەڵناوی داڕێژراوی (بەهێز) لەگەڵ چاوگی سادە (كردن) پێكهاتووە.</s>
     <s>دەستور: 
	چاوگ لەڕووی پێكهاتنەوە دوو جۆرە:
1.</s>
     <s>چاوگی سادە:
 ئەو چاوگەیە، كە تەنیا لە یەك وشەی واتاداری سەربەخۆ پێكهاتووە.</s>
     <s>وەك: نووسین، خوێندن، نووستن، كێڵان، بوون، كردن
2.</s>
     <s>چاوگی ناسادە: دوو جۆرە.</s>
     <s>ئـ- چاوگی داڕێژراو:
 ئەو چاوگەیە كە لە چاوگێكی سادە لەگەڵ پێشگرێك یان پاشگرێك یان لەگەڵ هەردووكیان پێكهاتووە:
1- (پێشگر+ چاوگی سادە) وەك: هەڵبوون، ڕاكردن، بەركەوتن، لێدان.</s>
     <s>2- (چاوگی سادە+ پاشگر) وەك: خواردنەوە، خوێندنەوە، برژاندن، كوڵاندن.</s>
     <s>3- (پێشگر+ چاوگی سادە+ پاشگر) وەك: هەڵبوونەوە، ڕاكردنەوە، لێدانەوە.</s>
     <s>پێشگرەكان ئەمانەن: (هەڵ، دا، ڕا، پێ‌، تێ‌، دەر، بەر، ڤە، لێ‌).</s>
     <s>پاشگرەكان ئەمانەن: (ەوە، اندن)
ب- چاوگی لێكدراو: 
لە چاوگێكی سادە یان داڕێژراو لەگەڵ وشەیەكی واتاداری تر یان پتر پێكهاتووە.</s>
     <s>بەم شێوەیە:
1- (ناو + چاوگی سادە) وەك: یارمەتیدان، دەستگرتن.</s>
     <s>2- (هاوەڵناوی چۆنی+ چاوگی سادە) وەك: گەورەكردن، گەرمبوون، بڵندكردن، جێگیركردن.</s>
     <s>3- (ناو+ چاوگی داڕێژراو) وەك: دەست هەڵگرتن، سەرهەڵبڕین.</s>
     <s>4- (هاوەڵناوی چۆنی+ چاوگی داڕێژراو) وەك: ڕاستكردنەوە، چاكبوونەوە.</s>
     <s>5- (ناوی داڕێژراو+ چاوگی سادە) وەك: بەخێوكردن.</s>
     <s>6- (هاوەڵناوی داڕێژراو+ چاوگی سادە) وەك: بەهێزكردن، بەئاگاهاتن.</s>
     <s>7- (هاوەڵكاری داڕێژراو+ چاوگی سادە) وەك: ل ناڤچوون، لەناوبردن.</s>
     <s>ڕاهێنان (1)
	لەم چاوگە سادانەی خوارەوە چاوگی داڕێژراو و لێكدراو دروستبكە:
(چوون، كێشان، گرتن، خواردن، بڕین، هێنان)
ڕاهێنان (2)
	جیاوازی لە نێوان چاوگی داڕێژراو و لێكدراو چییە لە ڕووی دروستكردنەوە؟ بە نمونە ڕوونیبكەوە.</s>
     <s>ڕاهێنان (3)
وەڵامی ڕاست هەڵبژێرە:
1.</s>
     <s>(برژاندن): چاوگێكی (سادەیە/ داڕێژراوە/ لێكدراوه/ هیچیان)
2.</s>
     <s>(ڕێزگرتن): پێكهاتووە لە 
             (ناو+چاوگی سادە / هاوەڵناو+چاوگی ساده / 
              هاوەڵكار+چاوگی ساده /  چاوگی سادە+ناو)
3.</s>
     <s>(گەرمبوون): پێكهاتووە لە 
(هاوەڵناو+پاشگر/ هاوەڵناو+چاوگی ساده/ ناو+ڕەگىكار/هاوەڵناو+ناو)
4.</s>
     <s>(لێنان): پێكهاتووە له
           ‌ (پێشگر+چاوگی ساده/    ناو+چاوگی ساده/
            پێشگر+چاوگی داڕێژراو/ چاوگی سادە+پاشگر)
5.</s>
     <s>(ڕاپەرین): پێكهاتووە لە 
(پێشگر+ناو/ ناو+ڕەگىكار/ هاوەڵكار+پاشگر/ پێشگر+چاوگی سادە)
6.</s>
     <s>كام لەم چاوگانە لە (پێشگر+چاوگی سادە+پاشگر) دروستبووە،
     (داشكاندن/ ڕاپەرین/ سەركەوتن/ كردنەوە)</s>
</ch>