<?xml version="1.0" encoding="UTF-8"?>
<ch>
   <s>﻿

چــــــــــــــاوگ
     ئاشكرایە، كە نەتەوەی كورد زۆر لەمێژە لە تێكۆشانێكی سەختی بەردەوامدایە، بۆ ڕزگاركردنی نیشتمانەكەی لەژێر چەپۆكی داگیركەراندا، ڕابوون‌و ڕاپەرین‌و شۆڕشی بەرپاكردووە، قوربانیدان لە پێناو ئەم مەبەستە پیرۆزەدا، بە ئەركێكی ڕەوای زانیوە، هەڵستانەوەی دوای كەوتنی، نیشانەی نەبەردی‌و زیندوویی بووە، پتەوكردنی ڕیزەكانی گەل‌و یەكگرتنی هەموو لایەكان‌و هەڵمەتبردن بۆ سەر دامودەزگەی ڕژێم، لە ڕاپەڕینە مەزنەكەی بەهاری (1991)ز سەركەوتنی بەدەست هێنا، دامەزراندنی پەرلەمان‌و حكومەتی كوردستان، بەرهەمی خوێنی شەهیدانی گەلی كوردستانە.</s>
   <s>پاراستنی ئەم دەستكەوتە مەزنانە ئەركێكی نیشتمانییەو لەسەر شانی هەموو كوردستانیێكی دڵسۆزە، بۆ بەدەستهێنانی ئامانجی پیرۆزتر، هەر بە ڕێكخستنی ڕیزەكانی گەل‌و چەسپاندنی یاساو چارەسەركردنی كێشەكان لە ڕێگەی گفتوگۆو دانیشتن، لەسەر مێزی ئاشتی‌و گرنگیدان بە خوێندن‌و فراوانكردنی پڕۆسەی دیموكراسی دەبێت.</s>
   <s>خستنەڕوو:
     لەم پارچە نووسینەدا، ئەگەر سەیری پەیڤەكانی (تێكۆشان، ڕزگاركردن، ڕابوون، ڕاپەڕین، قوربانیدان، هەڵستانەوە، كەوتن، پتەوكردن، یەكگرتن، هەڵمەتبردن، ڕاپەڕین، سەركەوتن، دامەزراندن، پاراستن، چوون، بەدەستهێنان، ڕێكخستن، چەسپاندن، چارەكردن، دانیشتن، گرنگیدان، خوێندن، فراوانكردن) بكەین، دەبینین هەر یەكەیان مانایەكی سەربەخۆی هەیەو هەر یەكەیان لە شوێنی خۆیدا ڕوودانێك یا كردەوەیەك دەردەخات، بەڵام نەدراوەتە پاڵ كەسێك یا شتێك‌و كاتی تێدا نییە،  گەردانیش ناكرێت، بەم جۆرە وشانە دەگوترێت (چاوگ).</s>
   <s>ئەگەر جارێكی تر سەیری ئەم چاوگانە بكەین، دەبینین.</s>
   <s>یەكەم: 
	هەر یەكێك لەم چاوگانە كۆتاییان بە (ان، ین، دن، تن، وون) هاتووە، كە پێیان دەگوترێت (نیشانەی چاوگ) بەم پێیە چاوگ دەكرێت بە پێنج جۆر.</s>
   <s>1.</s>
   <s>چاوگی ئەلفی:  ئەو چاوگەیە كە پیتی پێش (ن) (ا)یە.</s>
   <s>2.</s>
   <s>چاوگی یائی:  ئەو چاوگەیە كە پیتی پێش (ن) (یـ)یە.</s>
   <s>3.</s>
   <s>چاوگی دالی: ئەو چاوگەیە كە پیتی پێش (ن) (د)یە.</s>
   <s>4.</s>
   <s>چاوگی تائی: ئەو چاوگەیە كە پیتی پێش (ن) (تـ)یە.</s>
   <s>5.</s>
   <s>چاوگی واوی: ئەو چاوگەیە كە پیتی پێش (ن) (وو)ە.</s>
   <s>دووەم: 
ئـ .</s>
   <s>بە پیتی (ن)ی كۆتایی چاوگ دەگوترێت (نونی چاوگ)، بۆیە لە زمانی كوردیدا هەموو چاوكێك كۆتایی بە یەكێك لەو نیشانانەی سەرەوە دێت.</s>
   <s>ب.</s>
   <s>هەر یەكێك لەم چاوگانە لە ڕستەدا وەكو ناوێك بەكاردێت.</s>
   <s>پ. هەریەكێك لە چاوگانە هەموو ئەركەكانی ناو دەبینێت.</s>
   <s>ت.</s>
   <s>چاوگ سەرچاوەی داڕشتنی كارە.</s>
   <s>ج.</s>
   <s>هەندێك چاوگ هەن كۆتاییان بە‌ (ەوە) هاتووە، وەك (دۆزینەوە-خولانەوە- حەسانەوە- پاڕانەوە- كولانەوە- ڕشانەوە) ئەمانە چاوگی سادەی واتادارن.</s>
   <s>ح.</s>
   <s>چاوگی دالی لە هەندێك شوێنی كرمانجی سەروو پیتی (د)ی تێدا دەرناكەوێت وەكو (كردن= كرن، مردن= مرن، خواردن= خوارن، بردن=برن).</s>
   <s>دەستور: 
    چاوگ وشەیەكە، ڕوودانێك یا كردەوەیەك پیشاندەدات، بەڵام ئەم كردەوەیە نەدراوەتە پاڵ كەسێك یا شتێك، كاتیشی تێدا نییە.</s>
   <s>لەڕستەدا وەك ناو بەكاردێت‌و هەموو تایبەتییەكانی ناو وەردەگرێت‌و ئەركەكانی ناویش دەبینێت، هەروەها دەبێتە سەرچاوەی دروستكردنی كارو گەلێك وشەی تر.</s>
   <s>ئـ .</s>
   <s>نیشانەكانی چاوگ ئەمانەن: (ان- ین- دن- تن- وون).</s>
   <s>ب.</s>
   <s>بە پیتی (ن)ی كۆتایی چاوگ دەگوترێت (نوونی چاوگ).</s>
   <s>ڕاهێنان (1)
	ئەم چاوگانە لەڕستەدا بەكاربهێنە:
دروون، لڤین، هێنان، هەڵبژاردن، سەركەوتن، چوون، یەكگرتن.</s>
   <s>ڕاهێنان (2)
	نمونەی بە ڕستە بۆ ئەمانە بهێنەوە:
ئـ- دوو چاوگی ئەلفی.</s>
   <s>ب- دوو چاوگی یائی.</s>
   <s>پـ- دوو چاوگی تائی.</s>
   <s>ج- دوو چاوگی واوی.</s>
   <s>چ- دوو چاوگی دالی.</s>
   <s>ڕاهێنان (3)
وەڵامی ڕاست هەڵبژێرە:
‌1.</s>
   <s>لە كرمانجی سەروودا، هەندێك جار ئەم نیشانەی چاوگە دەرناكەوێت.</s>
   <s>(چاوگی واوی/ چاوگی ئەلفی/ چاوگی یائی/ چاوگی دالی)
2.</s>
   <s>خوێندنەوە چاوگێكی
   (ئەلفی/ تائی/ واوی/ دالی)یە
3.</s>
   <s>چاوگ وشەیەكە  
 (گەرداندەكرێت/ دەدرێتە پاڵ كەسێك/ هیچیان)
4.</s>
   <s>چاوگ:
   (سەرچاوەی كارە/ هاوەڵناوه/ هاوەڵكاره/ ئامرازە)
5.</s>
   <s>پیتی (ن) لە كۆتایی چاوگ پێیدەوترێت
  (جێناوی لكاو/ نونی چاوگ/ ناوبەند/ نیشانەی كۆ)

ڕاهێنان (4)
	جیاوازی لەنێوان وشەی (ڕۆیشتن) لەم دوو ڕستەیەدا چییە؟ڕوونیبكەوە:
1.</s>
   <s>ڕۆیشتن جۆرێكە لە وەرزش.</s>
   <s>2.</s>
   <s>ئەوان ڕۆیشتن بۆ كتێبخانە.</s>
</ch>