<?xml version="1.0" encoding="UTF-8"?>
<ch>
	<s>﻿



ئامرازی پەیوەندی
ئـ/
1.</s>
	<s>كاروان دەچێت بۆ زاخۆ.</s>
	<s>2.</s>
	<s>بەختیار لە قوتابخانە دەخوێنێت.</s>
	<s>3.</s>
	<s>سێڤ ژ دارێ‌ وەرین.</s>
	<s>4.</s>
	<s>نەسرین تا ڕەواندزێ‌ چوو.</s>
	<s>5.</s>
	<s>سەرهەنگ دەچێتە ئاكرێ‌.</s>
	<s>ب/
1.</s>
	<s>تە نامە ژبۆ وان نڤیسییە.</s>
	<s>2.</s>
	<s>ترێ‌ هەتاكو پاییزێ‌ دەمێنێت.</s>
	<s>3.</s>
	<s>كاوە لەگەڵ برادەرەكانی ڕاوەستاوە.</s>
	<s>4.</s>
	<s>هەژار دگەل مە دژیت.</s>
	<s>5.</s>
	<s>نازەنین بەرەو قوتابخانە هات.</s>
	<s>خستنەڕوو:
یەكەم:
	ئەگەر سەیری ڕستەكانی بەشی (ئـ) بكەین، دەبینین لە هەر ڕستەیەكدا ئامرازی پەیوەندی هەیەو كەوتۆتە پێش ناوێك یان جێناوێك بۆ پیشاندنی پەیوەندی نێوان ئەو ناوە یان ئەو جێناوە لەگەڵ ناوێكی تری ڕستەكە، وەك:

1.</s>
	<s>لە ڕستەی یەكەمدا (بۆ)  ئامرازی پەیوەندییە، پەیوەندی نێوان ناوی كاروان‌و زاخۆی پیشانداوە، كە كاروان دەچێت بۆ زاخۆ نەوەك بۆ شوێنێكی تر.</s>
	<s>2.</s>
	<s>لە ڕستەی دووەمدا (لە- دا) ئامرازی پەیوەندییە، پەیوەندی نێوان ناوی بەختیارو قوتابخانەی پیشانداوە، كە بەختیار لە قوتابخانەدا دەخوێنێت، نەوەك لە جێگەیەكی تردا.</s>
	<s>3.</s>
	<s>لە ڕستەی سێیەمدا (ژ- ێ‌) ئامرازی پەیوەندییە، چونكە پەیوەندی نێوان سێڤ‌و داری پیشانداوە، كە سێڤ لە داری وەریوە، نەوەك لە شتێكی تر.</s>
	<s>4.</s>
	<s>لە ڕستەی چوارەمدا (تا- ێ‌) ئامرازی پەیوەندییە، چونكە پەیوەندی نێوان ناوی نەسرین‌و ڕەواندزی پێشانداوە، كە نەسرین تا ڕەواندزێ‌ چووە نەوەك زیاتر.</s>
	<s>5.</s>
	<s>لەڕستەی پێنجەمدا (ە) ئامرازی پەیوەندییە، كە پەیوەندی نێوان ناوی سەرهەنگ‌و ئاكرێی پیشانداوە، كە سەرهەنگ دەچێتە ئاكرێ‌ نەوەك شوێنێكی تر.</s>
	<s>دووەم:
	هەروەها ئەگەر سەیری ڕستەكانی بەشی (ب) بكەین، دەبینین كە لەهەر ڕستەیەكدا ئامرازی پەیوەندی هەیە بەم شێوەی خوارەوە.</s>
	<s>1- لەڕستەی یەكەمدا (ژبۆ) ئامرازی پەیوەندییە، كە پەیوەندی نێوان ناوی نامەو جێناوی (وان) پیشانداوە، كە نامە بۆ (وان) نووسراوە نەوەك بۆ یەكێكی تر.</s>
	<s>2- لە ڕستەی دووەمدا (هەتاكو) ئامرازی پەیوەندییە، كە پەیوەندی لەنێوان ناوی (ترێ) ‌‌و (پاییز) پیشانداوە، كە ترێ‌ هەتاكو پاییزێ دەمینێت نەوەك وەرزێكی تر.</s>
	<s>3- لە ڕستەی سێیەمدا (لەگەڵ) ئامرازی پەیوەندییە، كە پەیوەندی نێوان ناوی (كاوه)‌و برادەرەكانی پیشانداوە، كە كاوە لەگەڵ برادەرەكانی ڕاوەستاوە، نەوەك لەگەڵ كەسانی تر.</s>
	<s>4- لە ڕستەی چوارەمدا (دگەل) ئامرازی پەیوەندییە، كە پەیوەندی نێوان ناوی (هەژار)و جێناوی (مە)ی پیشانداوە، كە هەژار دگەل مە دژیت نەوەك دگەل یەكێكی تر.</s>
	<s>5- لە ڕستەی پێنجەمدا (بەرەو) ئامرازی پەیوەندییە، كە پەیوەندی نێوان ناوی (نازەنین)‌و قوتابخانەی پیشانداوە، كە نازەنین بەرەو قوتابخانە هات نەوەك شوێنێكی تر.</s>
	<s>دەستور: 
ئامرازی پەیوەندی: 
	ئەو وشەیەیە، كە لە ڕستەدا لە پێش ناوێك یان جێناوێك دێت بۆ پیشاندانی پەیوەندی نێوان ئەو ناوە یان ئەو جێناوە لەگەڵ ناوێكی تری هەمان ڕستە.</s>
	<s>ئامرازەكانی پەیوەندی:	
(بۆ، لە- دا، لە- را، لە- ەوە، ل – دا، ژ- ێ‌، ژ- را، د- دا، بە- دا، بە- ەوە، ب- دا، تا- ێ‌، وەك، بێ‌، ە، لەبۆ، ژبۆ- ڕا، هەتا، هەتاكو، هەتا وەكو، بەبێ‌، لەگەڵ، دگەل، بەرەو، بەرەڤ، بەر ب).</s>
	<s>ڕاهێنانی (1)
	پێنج ڕستە بهێنەوە كە ئامرازی پەیوەندییان تێدا بێت.</s>
	<s>ڕاهێنانی (2)
	لەم ڕستەی خوارەوەدا
تا ناو دارستانەكە چووین.</s>
	<s>ئـ .</s>
	<s>وشەی (تا) شیبكەوە:
ب.</s>
	<s>وشەی (دارستانەكە) چ جۆرە ناوێكە لە ڕووی داڕشتنییەوە؟ چۆن پێكهاتووە؟
پ.  بكەری ڕستەكە دیاربكە.</s>
	<s>ج.</s>
	<s>لەكاری (چوو) كاری ڕانەبوردوو، داخوازی دروست بكە.</s>
	<s>چ.</s>
	<s>وشەی (تا) وەكو ئامرازی لێكدەر لە ڕستەدا بەكاربهێنە.</s>
</ch>