<?xml version="1.0" encoding="UTF-8"?>
<ch>
    <s>﻿


كاری یاریدەدەر

ئەم ڕستانە بخوێنەوە: 
1-  دەبوو ئەوان كارەكەیان تەواو بكردایە.</s>
    <s>2- ڕەزڤانی زەڤیا خۆ كێلابوو.</s>
    <s>3- دەبێت چیڕۆكەكە بخوێنمەوە.</s>
    <s>4- ڕووداوەكە مرۆڤەكەی هێنایە قیژاندن.</s>
    <s>5- پەڕتوكی زمان وئەدەبی كوردی هاتە چاپكردن.</s>
    <s>6- ئەڤ گوندە دهێتە ئاڤا كرن.</s>
    <s>7- شاسوار منداڵەكانی خستە پێكەنێن.</s>
    <s>8- ویستم زوو هەڵبستم.</s>
    <s>9- دەمەوێت كتێبەكە بكڕم.</s>
    <s>10- من دڤێت زوو ژ خەو ڕابم.</s>
    <s>11- دەتوانین بەسەر چیاكە بكەوین.</s>
    <s>12- ئەم دشێین بسەر چیا بكەڤین.</s>
    <s>13- دەوێرم لە ڕووبارەكە بپەڕمەوە.</s>
    <s>14- دێم بڕۆم ناهێلن.</s>
    <s>15- دەلێم نهێنییەكە بدركێنم.</s>
    <s>16- دەشێت گیرو گرفتەكان چارە بكرێن.</s>
    <s>17- دەگونجێت ئەوان كتێبەكان بهێنن.</s>
    <s>خستنەڕوو:

لەمەو پێش زانیومانە، كە كاری (دەبوو، دەبێت، بوو، هێنایە، هاتە، دهێتە، خستە، ویست، دەمەوێت، دڤێت، دەتوانین، دشێین، دەوێرم، دێم، دەڵێم، دەشێت، دەگونجێت).</s>
    <s>هەریەكەیان كارێكی واتاداری سەربەخۆن، دەتوانرێت هەریەكەیان بە تەنیا لەناو ڕستەدا وەكو : كارێكی سەربەخۆی تەواو بەكاربهێنرێت وئەركی خۆی ببینێت.</s>
    <s>بەڵام لەگەڵ ئەمەشدا دەتوانرێت ئەو كارانەی سەرەوە وەكو كارێكی یاریدەدەر لە ناو ڕستەدا بەكاربهێنرێن، كاتێك لەپاڵ كارێكی سەرەكی سەربەخۆ یا لەپاڵ چاوگێك دێن، كە هەر یەكەیان بۆ مەبەستێكە.</s>
    <s>بۆنمونە:

1- لەڕستەی یەكەمدا كاری (دەبوو) كارێكی یاریدەدەرە، كە بۆ مەبەستی پێویست بەكار هاتووە، كاری (تەواو بكردایە) كارێكی سەرەكییە لە رستەكەداو مەبەست و واتای رستەكەی بەیارمەتیی كاری(دەبوو) بەتەواوی ئاشكراكردووە.</s>
    <s>2- لە ڕستەی دووەمدا كاری(بوو) كارێكی یاریدە دەرە، بۆ مەبەستی پێكهێنانی كاری ڕابوردووی دوور بەكار هاتووە، بەڵام كاری (كێڵا)كارێكی سەرەكییە لە ڕستەكەدا و بەیارمەتی كاری یاریدەدەر (بوو) مەبەست واتای ڕستەكەی بەتەواوی داوە بەدەستەوە.</s>
    <s>3- لە ڕستەی سێیەمدا كاری (دەبێت) كارێكی یاریدەدەرە و، بۆ مەبەستی پێویست بەكارهاتووە، بەڵام كاری (بخوێنمەوە)كارێكی سەرەكییە لە ڕستەكەداو بەیارمەتیی كاری یاریدەدەر(دەبێت) مەبەست و واتای ڕستەكە بەتەواوی دەدات بە دەستەوە.</s>
    <s>4- لەڕستەی چوارەمدا كاری (هێنایە) كارێكی یاریدەدەرە، بەڵام چاوگی (قیژاندن) كە لە شوێنی كاری سەرەكی بەكارهاتووەو جێی ئەوی گرتۆتەوە، بەیارمەتكاری یاریدەدەر،(هێنایە) واتا ڕستەكەی بەتەواوی داوە بە دەستەوە.</s>
    <s>5- لە ڕستەی پێنجەمدا كاری(هاتە) كارێكی یاریدەدەرە، چاوگی (چاپكردن) لە شوێنی كاری سەرەكی بەكارهاتووەو جێی ئەوی گرتۆتەوە، بەیارمەتیی كاری یاریدەدەر (هاتە) واتا ڕستەكەی بەتەواوی داوە بەدەستەوە.</s>
    <s>6- لەڕستەی شەشەمدا كاری (دهێتە) كارێكی یاریدەدەرە، چاوگی (ئاڤاكرن) كە لەشوێنی كاری سەرەكی بەكارهاتووەو بەیارمەتیی كاری یاریدەدەر (هاتە) واتای ڕستەكە بەتەواوی دەدات بەدەستەوە.</s>
    <s>7- لە ڕستەی حەوتەمدا كاری (خستە) كارێكی یاریدەدەرە، چاوگی (پێكەنین) كە لەشوێنی كاری سەرەكی بەكارهاتووە بەیارمەتیی كاری یاریدەدەر(خستە) واتای ڕستەكەی بەتەواوی ئاشكرا كردووە.</s>
    <s>8- لە ڕستەی هەشتەمدا كاری (ویست) كارێكی یاریدەدەرە، بۆمەبەستی ویستن بەكارهاتووە، بەڵام كاری (هەڵبستم) كارێكی سەرەكییە لە ڕستەكەدا بەیارمەتی كاری یاریدەدەر (ویست)واتای ڕستەكە بەتەواوی ئاشكرادەكات.</s>
    <s>9- لە ڕستەی نۆیەمدا كاری (بكڕم) كارێكی سەرەكییە و بەیارمەتیی كاری یاریدەدەر (دەمەوێت) واتای ڕستەكەی بەتەواوی ئاشكرا دەكات.</s>
    <s>10- لە ڕستەی دەیەمدا كاری (دڤێت) كارێكی یاریدەدەرە، بۆ مەبەستی ویستن بەكارهاتووە ، كاری (ڕابم- ڕاببم) كارێكی سەرەكییەو بەیارمەتیی كاری یاریدەدەر (دڤێت) واتای ڕستەكە بە تەواوی ئاشكرا دەكات.</s>
    <s>11- لە ڕستەی یازدەمدا كاری (دەتوانین) كارێكی یاریدەدەرە، بۆ مەبەستی (توانین) بەكارهاتووە، بەڵام كاری (سەربكەوین) كارێكی سەرەكییە و بەیارمەتیی كاری یاریدەدەر (توانین) واتای ڕستەكە بە تەواوی ئاشكرا دەكات.</s>
    <s>12- لە ڕستەی دوازدەمدا كاری (دشێین) كارێكی یاریدەدەرە، بۆ مەبەستی (توانین) بەكارهاتووە ، بەڵام كاری (سەربكەڤین) كاریكی سەرەكییەو بەیارمەتیی كاری یاریدەدەر (دشێین) مانای ڕستەكە بە تەواوی دیاردەكات.</s>
    <s>13- لە ڕستەی سێزدەهەمدا كاری (دەوێرم) كارێكی یاریدەدەرە، بۆ مەبەستی وێران و ئازایەتی بەكارهاتووە، بەڵام كاری (بپەڕمەوە) كارێكی سەرەكییەو بەیارمەتیی كاری یاریدەدەر (دەوێرم) واتای ڕستەكە بە تەواوی ڕوون و ئاشكرا دەكات.</s>
    <s>14- لە ڕستەی چواردەهەمدا كاری (دێم = دەهێم) كارێكی یاریدەدەرە بۆ مەبەستی ئارەزوو یان نیاز بەكارهاتووە، بەڵام كاری (بڕۆ) كارێكی سەرەكییەو بە یارمەتیی كاری یاریدەدەر (دێم) واتای ڕستەكە بە تەواوی ئاشكرادەكات.</s>
    <s>15- لە ڕستەی پازدەهەمدا كاری (دەڵێم) كارێكی یاریدەدەرە بۆ مەبەستی نیاز بەكارهاتووە، بەڵام كاری (بدركێنم) كارێكی سەرەكییە و بەیارمەتیی كاری یاریدەدەر (دەڵێم) واتای ڕستەكە بە تەواوی ئاشكرا دەكات.</s>
    <s>16- لە ڕستەی شازدەهەمدا كاری (دەشێت، دشیان) كارێكی یاریدەدەرە، بۆ مەبەستی شیان و توانین بەكارهاتووە، كاری (چارە بكرێن) كارێكی سەرەكییەو بەیارمەتیی كاری یاریدەدەر (دەشێت)واتای ڕستەكە بە تەواوی ئاشكرادەكات .</s>
    <s>17- لە ڕستەی حەڤدەهەمدا كاری (دەگونجێت) كارێكی یاریدەدەرە، بۆ مەبەستی گونجان بەكارهاتووە، كاری (بهێنن) كارێكی سەرەكییەو بەیارمەتیی كاری یاریدەدەر (دەگونجێت)واتای ڕستەكە بە تەواوی ئاشكرادەكات.</s>
    <s>دەستور:

كاری یاریدەدەر : 
 ئەو كارەیە، كە لە ڕستەدا لەپاڵ كارێكی سەرەكیی سەربەخۆ یا چاوگێك، بۆ دیاركردنی مەبەستێك دێت و دەبێتە هۆی تەواوكردنی واتای كارەكە یا چاوگەكە.</s>
    <s>كاری یاریدەدەر ئەمانەن : (دەبوو، دەبێت، بوو، هێنایە( ئینایە)، هاتە، دهێتە، خستە، ویست، دەوێت، دڤێت، دەتوانی، دشێین، دەوێرم، دێ، دهێت، دەڵێی، دەشێت، دەگونجێت، دەلوێت، دا، دابوو، ددا، دایە).</s>
    <s>وەك : گۆڤاردابوو خاندن، دەرگەهـ داگرتن.</s>
    <s>- سێ بەكارهێنانی كاری یاریدەدەر:
1- تەواوكردنی واتای ڕستەی شێوازی دانانی.</s>
    <s>2- بۆ گۆڕینی كاری تێنەپەڕ بۆ كاری تێپەڕ.</s>
    <s>3- بۆ دروستكردنی بكەر نادیار.</s>
    <s>ڕاهێنان ( 1 )

ئەم ئەم كارە یاریدەرانەی خوارەوە لە ڕستەدا بەكاربهێنە .</s>
    <s>(دەتوانین، دەبوو، دەگونجێت، دەوێرم، دەڵێم، دهێتە، هاتبوو)


ڕاهێنان ( 2 )

ئەم كارانەی خوارەوە لە ڕستەدا بەكاربهێنە ، بەمەرجێك جارێك كاری سەرەكی بن و جارێك كارێكی یاریدەدەر بن.</s>
    <s>(دەبێت، دەمەوێ، هێنایە، دڤێت، خستە، دهات، دەبوو)


ڕاهێنان ( 3 )

ئەم ڕستانەی خوارەوە شیبكەوە.</s>
    <s>1- دەبێت ڕۆمانەكە بخوێنمەوە.</s>
    <s>2- دەمەوێت هەژارەكە یارمەتی بدەم.</s>
    <s>ڕاهێنان ( 4 )

پارچە پەخشانێك لەسەر ئەم بابەتەی خوارەوە بنووسە، ئینجا هەرچ كاری یاریدەدەر هەبێت دیاری بكە.</s>
    <s>(مانگی ئادار، مانگی خۆشی و ناخۆشییە، مانگی سەركەوتن و كارەساتە).</s>
</ch>