<?xml version="1.0" encoding="UTF-8"?>
<ch>
    <s>﻿




جێناوی لێكدەری (كە ، كو)

ئەم ڕستانە بخوێنەوە: 
1- ئەم شارە، كە شەقامی زۆرە، جوانە.</s>
    <s>2- كوردایەتی، كە ئەڤینێكی گەورەو بەهێزە، مانای بەرگرییە لەخاك و نەتەوەی كورد.</s>
    <s>3- رواندز كە پایتەختی میرنشینی سۆران بوو، شارێكی خۆش ودڵگیرە.</s>
    <s>4- ئەو مامۆستایەی كە پێشمەرگەبوو، خەڵاتكرا.</s>
    <s>5- ئەو خورتێن كو ژ بۆ میللەتی دخەبتن، سەرفرازن.</s>
    <s>6- ئەو كچا كو دچیتە دهۆكێ‌، دۆستا وەیە.</s>
    <s>7- ئەڤ كتێبا كو ل سـەر مێزێیە، یا منە.</s>
    <s>خستنەڕوو:                               
ڕستەكانی سەرەوە، هەر یەكەیان لە دوو ڕستەی سادە یان زیاتر پێكهاتوون، بەڵام ڕستەكان لێكدراون و بوونەتە یەك ڕستە، ئەو لێكدانەش بە یارمەتی پەیڤێك بوو، كە پێیدەڵێن جێناوی لێكدەر .</s>
    <s>جێناوی لێكدەریش( كە) یان(كو) بۆیەش پێیدەگوترێت جێناوی لێكدەر، چونكە لە هەر ڕستەیەك لەم ڕستانە لە جیاتی ناوی كەسێك یان شتێك بەكارهاتووە كە لەپێشدا گوترابێت، دوو ڕستەش پێكەوە گرێدەدات بەزۆریش دەكەوێتە دوای ئەو ناوەی، كە لە ڕستەی دووەمدا جێیدەگرێتەوە، لە ڕستەدا ئەركی ناو دەبینێت.</s>
    <s>1- لە ڕستەی یەكەمدا، كە ڕستەیەكی ئاوێتەیە و پێشتر دوو ڕستەی سادە بووە :
ئـ - ئەم شارە جوانە.</s>
    <s>ب - ئەم شارە شەقامی زۆرە.</s>
    <s>هەر یەك لەم ڕستە سادانە، لە نیهادو كارێكی ناتەواوو تەواوكەر پێكهاتووە، بەڵام كە دراونەتە پاڵ یەك بۆ ئەوەی ڕستەیەكی ئاوێتەیان لێ‌ پێكبهێنین، ئەوا هاتوین لە جیاتی پەیڤەكانی(ئەم شارە)، كە ناوێكی گشتی دەستنیشانكراوە بە یارمەتی هاوەڵناوی نیشانەی (ئەم-ە)، چونكە دوو ڕستەكەشی لە یەكتر داوە ئەوا ناومان لێناوە (جێناوی لێكدەر).</s>
    <s>2- لە ڕستەی دووەمیشدا، كە پێشتر لە دوو ڕستەی سادە پێكهاتبوو:
ئـ- كوردایەتی مانای بەرگرییە لە خاك و نەتەوەی كورد.</s>
    <s>ب- كوردایەتی ئەڤینێكی گەورەو بەهێزە.</s>
    <s>هەریەك لەم ڕستانەش لە نیهادو كارێكی ناتەواوو تەواوكەر پێكهاتووە.</s>
    <s>بەڵام ئێمە هاتووین لە جیاتی دووبارەكردنەوەی پەیڤی (كوردایەتی) كە ناوێكی واتاییە پەیڤی(كە) مان بەكارهێناوە، كە جێناوی لێكدەرە، چونكە دوو ڕستە سادەكەی لێكداوە.</s>
    <s>3- هەر بەم جۆرە، لە ڕستەی سیێەمیشدا، كە لە دوو ڕستەی سادەی
ئـ- ڕەواندز شارێكی خۆش و دڵگیرە (ڕواندز) مان لابردووە لە جیاتی ئەو پەیڤی (كە) مان بەكارهێناوە، كە جێناوی لێكدەرە.</s>
    <s>ب- ڕەواندز پایتەختی میرنشینی سۆران بوو.</s>
    <s>4- ڕستەی چوارەمیشدا هەر بەم جۆرە.</s>
    <s>5- لە ڕستەی پێنجەمیشدا، كە ڕستەیەكی ئاوێتەیەو پێشتر لە دوو ڕستەی ساد پیكهاتووە:
1- ئەو خورت سەرفرازن
2- ئەو خورت بۆ میللەتی دخەبتن.</s>
    <s>هەردوو ڕستەكە دراونەتە پاڵ یەك بۆ ئەوەی ڕستەیەكی ئاوێتەیان لێپێكبێت، لە جیاتی وشەی(ئەو خورتێن)ی رستەی دووەم، كە ناوێكی دەستنیشانكراوە، پەیڤی(كو)مان بەكارهێنایەو جێیگرتووەتەوە، هەروەسا دوو رستەكەشی لێكداوە.</s>
    <s>ژبەر هەندێ‌ دبێژینێ‌(جێناوی لێكدەر).</s>
    <s>6- لەرستەی شەشەمدا، كە رستەیەكی ئاوێتەیەو پێشتر لەم دوو ڕستە سادەیە پێكهاتبوو
1- ئەو كچ دۆستا وەیە.</s>
    <s>2- ئەو كچ دچیتە دهۆكێ‌.</s>
    <s>لەجیاتی پەیڤی(ئەو كچ) لەڕستەی دووەمدا، وشەی (كو) بەكار هاتووەو جێیگرتووەتەوە و دوو رستەكەشی لێكداوە، ژبەر هندێ‌ دبێژینێ‌ (جێناوی لێكدەر).</s>
    <s>7- ڕستەی حەفتەمیش، كە رستەیەكی ئاوێتەیە لە دوو ڕستەی سادە پێكدێت.</s>
    <s>1- ئەڤــــ كتێب یا منە.</s>
    <s>2- ئەڤـــ كتێب ل سەر مێزێیە.</s>
    <s>لە جیاتی پەیڤی (ئەڤ كتێب) لە رستەی دووەمدا، وشەی (كو) بەكارهاتووەو جێیگرتووتەوە، هەروەها دوو رستەكەی لێكدایە، بۆیێ‌ پێیدەگوترێت جێناوی لێكدەر.</s>
    <s>دەستور:
1- جێناوی لێكدەر : ئەو پەیڤەیە، كە لە جیاتی ناوی كەسێك یان شتێك بەكاردەهێنرێت كە پێشتر گوترابێت، هەروەها دوو ڕستەش پێكەوە گرێدەدات و لە ڕستەیەكدا ڕێكیاندەخات.</s>
    <s>2- جێناوە لێكدەرەكان ئەمانەن : (كە، كو)
3- بە زۆری جێناوی لێكدەر دەكەوێتە دوای ئەو ناوە، كە لە ڕستەی دووەمدا جێیدەگرێتەوە:

ڕاهێنان ( 1 )

ئەم ڕستانە دیاریبكە، كە جێناوە لێكدەرەكان پێكەوەی بەستوون:
1- ئەو كەسەی، كە منداڵی خۆی باش پەروەردەدەكات نیشتمانپەروەرە.</s>
    <s>2- ئەو ڕەزێ‌ كو تە كێلای، یێ‌ بابێ‌ منە.</s>
    <s>3- مامۆستایان كە ڕەنجی فێركردن پێشكەش بە هاونیشتمانیان دەكەن پێشەوای گەلن.</s>
    <s>4- ئەڤ پارێ‌ كو تو بەلاڤ دكەی، سامانێ‌ میللەتیە.</s>
    <s>5- ئەو مامۆستایێ‌ كو وە دیتی، پسپۆڕێ‌ ئەندازێیە.</s>
    <s>6- هەرێمی كوردستانی عیراق كە بە خوێنی شەهیدان ئازاد كرا، پێشكەوتووە.</s>
    <s>ڕاهێنان( 2 )
ئەم رستانە شیبكەوە :
1- ئەو خوێندكارێ‌ كو مە دوهی دیتی، خارزایێ‌ تەیە.</s>
    <s>2- ئەو گەلەی كە بە ئازادی  بژیت، سەرفرازە.</s>
</ch>