<?xml version="1.0" encoding="UTF-8"?>
<ch>
    <s>﻿هەرێمی كوردستانی عیراق
 وەزارەتی پەروەردە
بەڕێوەبەرایەتیی گشتیی پڕۆگرام و چاپەمەنییەكان

زمان و ئەدەبی كوردی
پۆلی دەیەمی ئامادەیی
دانانی
لیـــژنەیــــەك لـــە وەزارەتـــی پـــەروەردە
بژاركردن و پێداچوونەوەو داڕشتنەوەی 

شێركۆ احمد حوێز	 محمد احمد محمد	  محسن احمد كریم
فیصل مصطفی حاجی	 المان احمد سلیم	 وارتكیس موسیس
	 سگڤان جمیل محمد	

  

چاپی د‌وازدەهەم         2018 زایینی         1439 كۆچی        2718 كوردی                              



 















سـەرپەرشـتـی زانستـی: صـــادق أحمـــد عثمــــــان
سەرپەرشتی هونەری چاپ: عوسمان پیرداود كواز
                             ئاری محسن ئەحمەد
تـــــایپ: ڕابەر عەبدولواحید محەمەد
           ڕێڤین راغب حسین
نەخشــەســـازی ناوەوە: ڕێڤین راغب حسین

پێشـدەســتی

     لێژنەكەمان، كە بە فەرمانی وەزارەتی پەروەردەی هەرێمی كوردستان پێكهاتووە، بەردەوامە لە بژاركردن و پێداچونەوەو دووبارە داڕشتنەوەی پەرتوكەكانی زمان و ئەدەبی كوردی، هەردوو قۆناغی بنەڕەتی و ئامادەیی.</s>
    <s>قورسایی كارەكەمان لەم كتێبەدا خستە سەر هەردووبەشی ڕێزمان وئەدەب و ئەوەی بەپەسند زانرا بۆ ڕێكخستنەوەی كتێبەكە كرا، دیارە لەم كتێبەشدا ئەو ڕێبازەمان گرتەبەر كەلەمەو بەریش لەسەری دەڕۆیشتین، ئەویش هێنانەوەی نمونەیە لە هەردوو زاری سەرەكی زمانی كوردی (كرمانجی سەروو و خواروو)، هەروەها زارەكانی تری كوردیشمان لەیاد نەكردووە.</s>
    <s>كتێبی پۆلی دەیەمی ئامادەیی كراوە بەچەند تەوەرەێیك، یەكەمیان ڕێزمانە، كە بابەتەكان بە نمونەی تێكەڵ خراونەتە ڕوو، دەستوریان بۆ نووسراوەو ڕاهێنانیشیان بۆ دانراوە، بۆیە داوا لە مامۆستایانی بەڕێز دەكەین، كە بە بایەخ و گرنكییەكی تەواو بابەتەكان بخوێنن و بە خوێندكارانی بڵێن.</s>
    <s>تەوەرەی دووەمی كتێبەكە، بەشی ئەدەبە، كە باسی ڕێبازی كلاسیزمە لە ئەدەبی كوردی، بە هەموو زارە سەرەكییەكانی، نمونەی زۆرمان هێناوەتەوە، هەرنمونەیەكیش ئەو بەشەی دەست نیشانكردووە، كە بۆ لەبەركردنە، تكایە مامۆستایانی بەڕێز پابەند بن پێی.</s>
    <s>بەشی نمونەی ئەدەبیش، كە باسی چەند شاعیرێك و نمونەیەك لە شیعرەكانی دەخاتە ڕوو، هەوڵدراوە هەموو لایەنێكی ژیان و بەرهەمی شاعیران ڕوونبكەینەوە، لەمەشیان دیسان دەستنیشانی ئەو بڕە كراوە كە بۆ لەبەركردن تەرخانكراوە، تكایە پابەندی بن.</s>
    <s>دوا تەوەرەش، بەشی خوێندنەوەیە، كە پێویستە ئەم بەشەش گرنگی پێبدرێت و نەخرێتە پشتگوێ‌ و تادەتوانن مامۆستایانی بەڕێز بایەخی پێبدەن.</s>
    <s>دوا جاریش، داوا لەمامۆستایانی بەڕێز و بە ئەمەكی زمان و ئەدەبی كوردی دەكەین، كە بەهۆی بەڕێوەبەرایەتی گشتی پەروەردەی پارێزگەكانیانەوە ئاگادارمان بكەنەوە، لەهەر كەم وكورتیو ناتەواویێك، كە لەكاتی گوتنەوەدا هەستی پێدەكەن، بۆئەوەی لە چاپەكانی داهاتوودا چاكبكرێنەوە، دیارە هیچ بەرهەمێكیش بێ‌ كەموكورتی نابێت.‌ 



‌ 
                         لیژنەی بژاركردن و پێداچوونەوەو داڕشتنەوە 
بابەتەكانی بەشـی ڕێزمان
وەرزی یــەكەم:
1- ئامرازی بانگكردن
2- ئامرازی لێكدەر
3- جێناوی لێكدەری (كە، كو)  
4- ڕستەی ئاوێتە 
6- دروستكردنی ناوی واتایی 
8- هاوەڵناوی ژمارە: 1- هاوەڵناوی ژمارەی بنجی 
7- هاوەڵناوی ژمارە: 2- هاوەڵناوی ژمارەی ڕێكخستن 
8- هاوەڵناوی ژمارە: 3- هاوەڵناوی ژمارەی كەرتی
وەرزی دووەم 
9- هاوەڵناوی نادیار 
10- جێناوی نادیار 
11- ئەركی جێناوی نادیار لە ڕستەدا
12- كاری داڕژاو
13- كاری لێكدراو
14- كاری تێنەپەڕ و كاری تێپەڕ 
15- گۆڕینی كاری تێنەپەڕ بۆ كاری تێپەڕ 
16- هاوڵكاری چۆنییەتی
17- كاری یاریدەدەر 
18- خاڵبەندی  ( ئەم بابەتە لە وەرزی یەكەم دەخوێندرێت).</s>
    <s>پێــرســــــت

بابـــــــــــــەت	لاپەڕە
    پێشــــدەســــــتی 	3
بەشــــی ڕێـــزمــــــان	5
    وەرزی یـەكەم
ئامرازی بانگكردن	7
ئامرازی لێكدەر	11
جێناوی لێكدەری (كە ، كو)		16
ڕستەی ئاوێتە		20
دروست كردنی ناوی واتایی	24
هاوەڵناوی ژمارە:   1- هاوەڵناوی ژمارەی بنجی 		29
هاوەڵناوی ژمارە:   2- هاوەڵناوی ژمارەی ڕێكخستن		38
هاوەڵناوی ژمارە:   3- هاوەڵناوی ژمارەی كەرتی		45
    وەرزی دووەم
هاوەڵناوی نادیار 	52
جێناوی نادیار		57
ئەركی جێناوی نادیار لە ڕستەدا		60
كاری داڕژاو		63
كاری لێكدراو	72
كاری تێنەپەڕ و كاری تێپەڕ	82
گۆڕینی كاری تێنەپەڕ بۆ كاری تێپەڕ		86
هاوەڵناوی چۆنییەتی		91
كاری یاریدەدەر		94
خاڵبەندی      (ئەم بابەتە لە وەرزی یەكەم دەخوێندرێت)	101
بەشــــی ئـــەدەب	115
    وەرزی یەكەم
داستانی كوردی - قەڵای دمدم		117
ڕێبازە ئەدەبیەكان- ڕێبازی كلاسیزم	121
ئەدەبیاتی كلاسیزمی كوردی شێوەی لوڕی		127
بابە تایەری هەمەدانی		128
ئەدەبیاتی كلاسیزمی كوردی شێوەی گۆران		134
ژیان و بەرهەمی مەلا پەرێشان		135
    وەرزی دووەم
ئەدەبیاتی كلاسیزمی كوردی شێوەی كرمانجی سەروو		144
مەلای جزیری		145
ئەحمەدی خانی		154
ئەدەبیاتی كلاسیزمی كوردی شێوەی كرمانجی خواروو		162
نالی	168
سەرەتای پەخشانی كوردی		177
مێژووی ڕۆژنامەگەری كوردی‌و پەیوەندی بە گەشەسەندنی پەخشانی كوردییەوە تا شۆڕشی 14ی تەمووزی 1958  لە عێراق	182
 بەرەوچەسپاندن لە ئەستەنبۆڵ	184
ڕۆژنامەگەری لە سەردەمی حوكمرانی شێخ مەحمود		185
ڕۆژنامەگەری كوردی لە شاری هەولێر و ڕواندز	188
ڕۆژنامەگەری كوردی لە بەغدا 	188
ڕۆژنامەگەری كوردی لە شام 	190
ڕۆژنامەگەری كوردی لە سەردەمی كۆماری كوردستان لە مهاباد	191
بەشـــی نمونـــەی ئــــــەدەب	195
    وەرزی یەكەم
مەلایێ‌ باتێ		197
حەسیب قەرەداغی		202
كوردی		205
كانی	209
    وەرزی دووەم
مەلا تەهایێ‌ مایی		211
كامەران موكری		216
مەلا مەحمودێ‌ بایەزیدی		223
میر جەلادەت بەدرخان		229
بەشــــــی خـــوێندنــــــــەوە	232
     وەرزی یەكەم
لاوكێ‌ دەروێشی عەڤدی	234
بەنداڤا دوكان	240
دارستان ‌و پاراستنا وان		243
نڤیسین	246
هەزار مێرد		249
ئیسماعیل بێشكچی		253
چیرۆكی نان و كەوەری خوێناوی		256
    وەرزی دووەم
هەڵوێستی جوامێرانە		263
ئافرەتی كورد		267
قەدەم خێر		272
گوڵ و گیا لە پزیشكیدا 		273
خوێندنەوە و لێكۆڵینەوە		275
گەشتێك بە هاوینەهەوارەكانی كوردستان		277
پێرســــــــت 	279</s>
</ch>