<?xml version="1.0" encoding="UTF-8"?>
<ch>
    <s>﻿
وەرزی یــەكەم:
 ئامرازی بانگكردن 
1- ئەی شەهیدان، نامرێ‌ ناو و نیشانتان
2- باپیرە، دەستێك جلی كوردیم كڕی.</s>
    <s>3- خوشكینە، فێری زانست ببن.</s>
    <s>4- هۆ برای كوردم، بە یەكگرتن سەردەكەوین.</s>
    <s>5-  ئادەی هەڤاڵانی پێشمەرگە، هێرش ببەن.</s>
    <s>خستنەڕوو:
ئەگەر تەماشای ڕستەكانی لای سەرەوە بكەین دەبینین: 
1- لە ڕستەی یەكەمدا :
ئـ- بێژەی (ئەی) پەیڤێكە دوێنراوی پێوریاكراوەتەوە كە (شەهیدان)ە لەبەر ئەوە پێیدەگوترێت (ئامرازی بانگكردن).</s>
    <s>ب- وشەی (شەهیدان) بانگكراوە، چونكە ئەو ناوەیە، كە وریاكراوەتەوە.</s>
    <s>2- لە ڕستەی دووەمدا :
ئـ- بێژەی (ە) دوێنراوی پێوریاكراوەتەوە كە ناوی (باپیر)ە، لەبەر ئەوە پێیدەگوترێت (ئامرازی بانگكردن).</s>
    <s>ب- وشەی (باپیر) بانگكراوە، چونكە ئەو ناوەیە، كە وریاكراوەتەوە.</s>
    <s>3- لە ڕستەی سێیەمدا:
 (خوشكینە، فێری زانست ببن)، كە بە واتای (ئەی خوشكان، فێری زانست ببن).</s>
    <s>ئـ- بێژەی (ە) دوێنراوی پێوریاكراوەتەوە، لەبەر ئەوە پێیدەگوترێت ئامرازی بانگكردن.</s>
    <s>ب- وشەی (خوشكین – خوشكان بانگكراوە، چونكە ئەو ناوەیە، كە وریاكراوەتەوە.</s>
    <s>4- لە ڕستەی چوارەمدا:
 بێژەی (هۆ) وشەیەكە، دوێنراوی پێ‌ وریا كراوەتەوە كە (برای كورد)ە لەبەرئەوە پێی دەگوترێت ئامرازی بانگكردن.</s>
    <s>5- لە ڕستەی پێنجەمدا:
ئـ- بێژەی (ئادەی) پەیڤێكە دوێنراوی پێ‌ وریاكراوەتەوە كە (هەڤاڵانی پێشمەرگە)یە، لەبەرئەوە پێیدەگوترێت ئامرازی بانگكردن.</s>
    <s>ب- گرێی (هەڤاڵانی پێشمەرگە) بانگكراوە، چونكە ئەو ناوەیە، كە وریا كراوەتەوە.</s>
    <s>6- ئەگەر جارێكی دیكە سەیری ڕستەكانی سەرەوە بكەین و بەوردی سەرنجی ناوە بانگكراوەكان بدەین، دەبینین، كە دەشێن ناوی بانگكراو.</s>
    <s>ئـ- تەنها پەیڤێك بێت وەك لە ڕستەی (یەكەم و دووەم و سێیەم)دا دەبینرێت.</s>
    <s>ب- یان گرێیەك بێت وەك لە ڕستەی (چوارەم و پێنجەم) دا دەبینرێت.</s>
    <s>دەستور:
1- ئامرازی بانگكردن:  ئەو ئامرازەیە كە بۆ بانگكردن و وریاكردنەوەی كەسی دوێنراو بەكاردەهێنرێت.</s>
    <s>2- گرنگترین ئامرازی بانگكردن ئەمانەی خوارەوەن:
(ئەی ، هۆ، هەی، ێ، ە، ئادەی، ئا، ئۆ، هێ‌، ئەرێ‌)

ڕاهێنان (1)
ئامرازی بانگكردن لەم ڕستانەی خوارەوە دەربهێنە.</s>
    <s>1- ئەژدەهاك: ئەی دێوی لە (بیر) زراوچوو
                                    ئەی ناشتای مارانت بە مێشك كردووە
2- هەی سوار سواری، هەر تفەنگچی، دەست باتە تفەنگ
                            هەی ژنی جوان، ئارایشتی خۆی كا، بۆ ئاهەنگ

3- نەسرین، ئەی ئەستێرەی بەیان، 
                                     ئەی جوان، ئەی شادەستەی جوانان
4- هۆ مام بایز، وەرە بۆ ئێرە.</s>
    <s>ڕاهێنان (2)
ئەم بۆشاییانەی خوارەوە بەم ئامرازانەی بانگكردن پڕبكەوە.</s>
    <s>(ئا ، ئادەی، ئەی، ئەها، ێ‌، ە)
1- .............. مانگ، من و تۆ هەردوو هاودەردین.</s>
    <s>2- .............. با بچین بۆ سەیری یارییەكە.</s>
    <s>3- پور ..............، نانەكەت بخۆ.</s>
    <s>4- ................ كەپرەكە ڕوخا.</s>
    <s>5- كوڕ ................ بەسەر شۆستەكەدا بڕۆ.</s>
    <s>ڕاهێنان (3)

لەم ڕستانەی خوارەوەدا بانگكراوەكان دەربهێنە و جۆرەكانیان دیاریبكە:

1- ئەی نەوجەوانانی وەتەن، سا پێشكەون ئازا بڕۆن.</s>
    <s>2- خەڵكە من بۆ خوا، وا پێتان ئەڵێم 
                                     ئەمە وەسیەتە، وا من لەسەر ڕێم
3- ئادەی ئاری ئەو گۆڤارەم بۆ بهێنە.</s>
    <s>4- خوشكێ‌ ژ ئاخافتنا دایكا خۆ، دەرنەكەڤە.</s>
    <s>5- ئا چرۆ، ئەو پیاوەم بۆ بانگبكە.</s>
</ch>