<?xml version="1.0" encoding="UTF-8"?>
<ch>
    <s>﻿

ئەركی جێناوی نادیار لە ڕستەدا

ئەم ڕستانە بخوێنەوە:
1- فڵان زۆرزانە.</s>
    <s>2- كەس لە ئاهەنگی نەورۆز دوانەكەوت.</s>
    <s>3- هوین هەمێی دزانن.</s>
    <s>4- ئەوان هەواڵەكەیان بە فڵان گوتووە.</s>
    <s>5- هەسپێ‌ كابرای هاتە دزین.</s>
    <s>6- هین بۆ دەرەوەی وڵات نێرراوە.</s>
    <s>7- كەم و كورتیەكە لە كابرا بوو.</s>
    <s>8- مافی كەس مەخۆ.</s>
    <s>خستنەڕوو: 

پێشتر زانیمان، كە جێناوی نادیار لە بڕی ناوێك لە ڕستەدا بەكاردێت، لەبەر ئەمە هەموو ئەركەكانی ناو لە ڕستەدا دەبینێت وەكو :
1- لە ڕستەی یەكەمدا وشەی (فڵان) جێناوی نادیارە ئەركی نیهادی بینیوە.</s>
    <s>2- لە ڕستەی دووەمدا پەیڤی (كەس) جێناوی نادیارە ، ئەركی بكەری بینیوە.</s>
    <s>3- لە ڕستەی سێیەمدا پەیڤی (هەمیێ‌) جێناوی نادیارە ئەركی بەركارە لە ڕستەدا بینیوە.</s>
    <s>4- لە ڕستەی چوارەمدا وشەی (فڵان) جێناوی نادیارە ئەركی تەواوكەری بە یاریدەیەی لە ڕستەدا بینیوە.</s>
    <s>5- لە ڕستەی پێنجەمدا پەیڤی (كابرا) جێناوی نادیارە ئەركی تەواوكەری ناوە لە ڕستەدا ،ناوی (هەسپی) پێ‌ تەواوكراوە واتە دیارخەری ناوە.</s>
    <s>6- لە ڕستەی شەشەمدا وشەی (هین) جێناوی نادیارە، ئەركی جێگری بكەری بینیوە.</s>
    <s>7- لە ڕستەی حەوتەمدا وشەی (كابرا) جێناوی نادیارە ئەركی تەواوكەری بەیاریدەی كاری ناتەواوەی لە ڕستەدا بینیوە.</s>
    <s>8- لە ڕستەی هەشتەمدا وشەی (كەس) جێماوی نادیارە ئەركی دیارخەری ناوی (ماف)ی بینیوە لە ڕستەدا.</s>
    <s>دەستور:
جێناوی نادیار، كە لە بڕی ناوێك بەكاردێت ، ئەركی ناو لە ڕستەدا دەبینێت.</s>
    <s>وەكو (بكەر، نیهاد، بەركار، تەواوكەری بەیاریدە، دیارخەری ناو، تەواوكەری كاری ناتەواو، جێگری بكەر).</s>
    <s>ڕاهێنان ( 1 )
ئەم جێناوانەی خوارەوە لەڕستەدا بەكاربهێنە:
 گشت، هەندێك، كەس، چ، هەرامە، وانەك.</s>
    <s>ڕاهێنان ( 2 )
جێناوی (فڵان) لەڕستەدا بەكار بهێنە بەمەرجێك هەموو ئەركەكانی ناو ببینێت.</s>
    <s>ڕاهێنان ( 3 )
لەم ڕستانەی خوارەوەدا جێناوە نادیارەكان دەربهێنە و ئەركەكانیان دیاربخە.</s>
    <s>1- خڕ هاتبوون.</s>
    <s>2- مە چ نەكریە.</s>
    <s>3- تۆ هینت بۆكوێ‌ نارد؟
4- یەكێك لە هاوڕێكانم زۆر زیرەكە.</s>
    <s>5- ئەم هەمێی دزانین.</s>
    <s>6- ئەمە فڵان بوو.</s>
    <s>7- بلا كەس نەهێتە گرتن.</s>
    <s>ڕاهێنان ( 4 )
ئەم ڕستانەی خوارەوە شلۆڤە بكە:
1- یەكێ‌ لە كتێبەكانم بە كابرا بەخشی.</s>
    <s>2- شڤانی چ نەنڤیسییە.</s>
    <s>ڕاهێنان ( 5 )
ئـ- جیاوازی لەنێوان هاوەڵناوی نادیار و جێناوی نادیار چییە؟ بەنمونە ڕوونیبكەوە.</s>
    <s>ب- ئەم پەیڤانە جارێك بەهاوەڵناوی نادیارو جارێكیش بە جێناوی نادیار بەكاربێنە:
 (هیچ، هەمی، گشت، چ، هین)</s>
</ch>