<?xml version="1.0" encoding="UTF-8"?>
<ch>
    <s>﻿
 جێناوی نادیار 

ئەم ڕستانە بخوێنەوە:
1- هەموو لە تاقیكردنەوەكە دەرچوون.</s>
    <s>2- گشت ئامادەبوون.</s>
    <s>3- ئەز فلان ناس دكەم.</s>
    <s>4- كابرا لە كارەكەیدا سەرنەكەوت.</s>
    <s>5- هیچم لە یاد نەكردووە.</s>
    <s>6- من تشتەك ژ بیر نەكریە.</s>
    <s>7- كەس دڤێرێ‌ ڕا نەچوویە باژێڕی.</s>
    <s>8- ئازادی چ نەخاریە.</s>
    <s>9- وانەكم لێكەوتووە.</s>
    <s>خستنەڕوو:

لەمەوپێش زانیومانە، كە جێناو لە جیاتی ناوێك بەكاردێت لە ڕستەدا، ئینجا ئەگەر سەیری ڕستەكانی سەرەوە بكەین، دەبینین لە هەر ڕستەیەكدا جێناوێكی نادیار هەیە، كە لە جیاتی ناوی مرۆڤێك، گیانلەبەرێك یان شتێكی تر بەكارهێنراوەو بەشێوەیەكی ئاشكرای ئەو ناوە دیارینەكراوە، كە بەم شێوەی خوارەوەیە .</s>
    <s>1- لە ڕستەی یەكەمدا پەیڤی (هەموو) جێناوی نادیارە، چونكە لە بڕی چەند ناوێك بەكارهاتووە و بە ئاشكرایی ئەو ناوانە دیارینەكراون لە ڕووی پێكهێنانییەوە سادەیە، چونكە لە یەك وشەی واتادار پێكهاتووە.</s>
    <s>2- لە ڕستەی دووەمدا وشەی (گشت) جێناوی نادیارە، چونكە لە بڕی كۆمەڵە ناوێك بەكارهاتووە ، كە بە ئاشكرای ئەم ناوانە دیارینەكراون.</s>
    <s>3- لە ڕستەی سێیەمدا پەیڤی (فڵان) جێناوی نادیارە، چونكە لە بڕی ناوی مرۆڤێك بەكارهاتووە، كە بە ئاشكرای ئەو ناوە دیارینەكراوە.</s>
    <s>4- لە ڕستەی چوارەمدا وشەی (كابرا) جێناوی نادیارە، چونكە لە بڕی ناوی ئادەمیزادێك بەكارهاتووە ، كە بە ئاشكرایی ئەو ناوە دیارینەكراوە.</s>
    <s>5- لە ڕستەی پێنجەمدا وشەی (هیچ )جێناوی نادیارە، چونكە لە بڕی ناوی شتێك بەكارهاتووە، كە بە ئاشكرایی ئەو ناوە دیارینەكراوە ،
6- لە ڕستەی شەشەمدا وشەی (تشتەك) جێناوی نادیارە، چونكە لە بڕی ناوی شتێك بەكارهاتووە، كە بە ئاشكرای ئەو ناوە دیارینەكراوە.</s>
    <s>7- لە ڕستەی حەوتەمدا وشەی (كەس) جێناوی نادیارە چونكە لە بڕی ناوی مرۆڤێك بەكارهاتووە، كە بە ئاشكرای ئەو ناوە دیاری نەكراوە.</s>
    <s>8- لە ڕستەی هەشتەمدا پەیڤی (چ) جێناوی نادیارە، چونگە لە بڕی ناوی شتێك بەكارهاتووە ، كە بە ئاشكرایی ئەو ناوە دیارینەكراوە.</s>
    <s>9- لە ڕستەی نۆیەمدا پەیڤی (وانەك)جێناوی نادیارە چونكە لە بڕی ناوی شتێك بەكارهاتووە ، كە بە ئاشكرای ئەو ناوە دیارینەكراوە.</s>
    <s>دەستور:
  
جێناوی نادیار ئەو وشەیە، كە لە بڕی ناوی مرۆڤێك یان گیانلەبەرێك یان هەر شتێكی تر بەكاردەهێنرێت، كە  ناوەكە بە ئاشكرای دیار نییە  كێیە یان چییە؟ وەكو (هەموو، گشت، فلان، فیسار، كابرا، هین، هیچ، چ، تو، وانەك، هەرامە، كەس، تشت، هەندێك، هەندەك، خڕ، زۆر، گەلێك، هەمییا، هەمێی، یەكێك، هەمی، تەڤ، گەلەك، هند، هندە، ئەودی).</s>
</ch>