<?xml version="1.0" encoding="UTF-8"?>
<ch>
   <s>﻿
   وانەى پێنجەم
بنچینەكانى ئیسلام
1- دوو گەواهیەكە:
أَشْهَدُ أَنْ لا إِلهَ إِلا الله
ۆأَشْهَدُ أَنَّ مُحَمَّداً رَسُولُ الله
واتە: ((گەواهى دەدەم كە خودا تاك و تەنهایە وە گەواهى دەدەم كە موحەمەد پێغەمبەرى خودایە)).</s>
   <s>2- نوێژكردن.</s>
   <s>3- زەكات دان.</s>
   <s>4- رۆژو گرتنى  مانگی رەمەزان.</s>
   <s>5- حەجكردنى ماڵى خودا.</s>
   <s>بۆ ئەو مرۆڤەی تواناى هەیە.</s>
</ch>