<?xml version="1.0" encoding="UTF-8"?>
<ch>
    <s>﻿    وانەى شەشەم

بنچینەكانى باوەڕ
1- باوەڕ هێنان بەخودا.</s>
    <s>2- باوەڕ بوون بە فریشتەكان.</s>
    <s>3- باوەڕ بوون بە پێغەمبەرەكان.</s>
    <s>4- باوەڕ بوون بە پەڕتوكە ئاسمانیەكان.</s>
    <s>5- باوەڕ بوون بە رۆژى دوایى.</s>
    <s>6- باوەڕ بوون بە چارەنووس (باشى و خراپى).</s>
</ch>