<?xml version="1.0" encoding="UTF-8"?>
<ch>
   <s>﻿
   وانەى حەڤدەم
خودامان یەكە










كاتێك پێغەمبەر موحەمەد (درودى خوداى لەسەربێت) بانگەوازى دەكرد بۆ پەرستنى خوداى تاك و تەنیا.</s>
   <s>بێ بڕواكان لێیان دەپرسى: خودات كێیە ئەى موحەمەد؟
جا سوڕەتى (الاخلاص) هاتە خوارەوە تا وەڵامى بێ بڕواكان بداتەوە.</s>
   <s>سوڕەتى الاخلاص (التوحید)
























سوود:
پێغەمبەر (درودى خوداى لەسەربێت) رایسپاردین بۆ خوێندنی سورەتى (الاخلاص) بە زۆرى لەبەر ئەوەى پاداشتى خوێندنی هاوتایە لەگەلأ سێیەكى قورئان.</s>
   <s>چالاكى:
- باسى هەندێك سیفەتەكانى خولقێنەر بكە.</s>
   <s>نزا‌و پاڕانەوە:
ئەى خودای تاك‌و تەنیا، لە ئێمە و دایبابمان خۆش بە لە رۆژی پەسڵان.</s>
   <s>زانیارى:
سورەتى (الاخلاص) هەروەها پێی دەوترێت سورەتى (التوحید).</s>
   <s>راهێنان:
1- ئەو ئایەتانەى خوارەوە بە راستی رێكبخە:
قل هو الله احد		لم یلد
الله الصمد			ولم یولد
ولم یكن لە			كفوا احد
2- سوڕەتى الاخلاص لەبەر بخوێنە.</s>
</ch>