<?xml version="1.0" encoding="UTF-8"?>
<ch>
  <s>﻿
    وانەى شازدەم
سەردانێك لەگەلأ باپیرم












لەگەلأ باپیرم چوم بۆ ماڵى خاڵۆم ابراهیم.</s>
  <s>كاتێك باپیرم دانیشت سوڕەتى فاتیحەى خوێند – لەبەر ئەوەى مامم داخوازى كچى خاڵمى بۆ كوڕەكەى كرد بوو – لە باپیرم پرسى بۆ ئەو سوڕەتەى خوێند.</s>
  <s>باپیرم گوتى: شوان سوڕەتى فاتیحە دەستپێكی قورئانە، وە لەبەر ئەوە لەم  جۆرە بۆنانە دەخوێنرێت تا ببێتە سەرەتایەكی باش.</s>
  <s>بە باپیرم گوت: ئەو سورەتە لەبەر دەكەم.</s>
  <s>باپیرم گوتى: خودا پایەدارت بكات كوڕەكەم.</s>
  <s>سوڕەتى فاتیحە
































  سود:
سورەتى فاتیحە لە هەموو نوێژێك دەخوێنرێت، لەبەر ئەوەى سورەتى فاتیحە سوپاسى مرۆڤ دەردەبڕێت بۆ خولقێنەر لەسەر بەخشینى رێنیشاندان بۆ رێگەى راست.</s>
  <s>چالاكى:
- هەوڵبدە كە تێكۆشەر بیت وەك شوان و سورەتى فاتیحە لەبەر بكە.</s>
  <s>- هەڤاڵانت بدوێنە دەربارەى هەندێك لەم بەخششانەى كە خودا بە مرۆڤى بەخشیوە.</s>
  <s>نزا‌و پاڕانەوە:
ئەى خودا سوپاس بۆ تۆ لەسەر بەخششەكانت.</s>
  <s>زانیارى:
یەكەم ئایەتەكانى قورئان لەسەر پێغەمبەر (درودى خوداى لەسەربێت) لە ئەشكەوتى حەڕا هاتنە خوارەوە.</s>
  <s>راهێنان:
ئەم ئایەتانەى خوارەوە رێك بخەو تەواوكە:
(  ) الرحمن الرحیم.</s>
  <s>(  ) ایاك نعبد وایاك نستعین.</s>
  <s>(  ) مالك یوم الدین.</s>
  <s>(  ) الحمد لله رب العالمین.</s>
</ch>