<?xml version="1.0" encoding="UTF-8"?>
<ch>
    <s>﻿
    وانەى هەشتەم
رێزگرتنى دایباب








خوداى گەورە فەرمویەتى: (ۆبِالْۆالِدَیْنِ إِحْسَانَاً).</s>
    <s>(چاكە كاربە لەگەڵ دایك‌و باوك).</s>
    <s>پێغەمبەر (درود و سڵاوى خوداى لەسەربێت) فەرمویەتى: (ڵیْسَ مِنَّا مَنْ ڵمْ یُۆقِّرْ كَبِیْرَنَا ۆێرْحَمْ صَغِیْرَنَا).</s>
    <s>(لە ئێمە نییە ئەوەی رێز لە گەورەمان نەگرێت‌و بەزەیی بە بچوكماندا نەیەت).</s>
    <s>مامۆستا: بەیانیتان باش قوتابییە خۆشەویستەكانم.</s>
    <s>پێویستە بە باشى گوێ بگرن لە ئامۆژگارییەكانى دایبابەكانتان و ئامۆژگاریەكانیان جێبەجێ بكەن لەبەر ئەوەى رێگەى راستتان لە ژیاندا نیشاندەدەن.</s>
    <s>ئازاد قوتابییەكى زیرەكى پۆلى یەكەمە.</s>
    <s>گوێ لە ئامۆژگارییەكانى دایباب و مامۆستایانى ئەگرێت و پابەندیان ئەبێت.</s>
    <s>بە جل‌و بەرگی پاكەوە دێتە قوتابخانە و پاكە.</s>
    <s>شیلان: هەروەها سازانیش قوتابییەكى گوێ رایەڵەو ئامۆژگارییەكانى دایباب و مامۆستایانى جێبەجێ ئەكات.</s>
    <s>سیروان: بەڵێ سازان هاوسێمانە و قوتابییەكى گوێ رایەڵ و خۆشەویستە لە مالأ و قوتابخانەدا.</s>
    <s>خودایە دایبابم بپارێزیت

چالاكى:
پێویستە قوتابییان دەربارەى جوڵانەوەیان لە ماڵەوە لەگەلأ دایبابیان بدوێن.</s>
    <s>پاڕانەوە: خودایە دایبابم بپارێزیت.</s>
</ch>