<?xml version="1.0" encoding="UTF-8"?>
<ch>
     <s>﻿
     وانەى حەوتەم
باوەڕمان بە پەڕتوكە ئاسمانیەكانە
زەبور... خوداى گەورە بۆ پێغەمبەرى خۆى داود (د.خ) هەناردە خوارەوە.</s>
     <s>سوحوف... خوداى گەورە بۆ پێغەمبەرى خۆى ئیبڕاهیم (د.خ) هەناردە خوارەوە.</s>
     <s>تەوڕات ... خوداى گەورە بۆ پێغەمبەرى خۆى موسا (د.خ) هەناردە  خوارەوە.</s>
     <s>ئینجیل... خوداى گەورە بۆ پێغەمبەرى خۆى عیسا (د.خ) هەناردە خوارەوە.</s>
     <s>قورئان پەڕتوكمانە... خوداى گەورە بۆ پێغەمبەرى خۆى موحەمەد (د.خ) ناردووە.</s>
</ch>