<?xml version="1.0" encoding="UTF-8"?>
<ch>
     <s>﻿
وانەی شەشەم

رەوشتى پەسەند
     پرسیار لە كەسێكى دانا كرا سەبارەت رەوشتە پەسندەكان، ئەویش گوتى: ئەگەر مرۆڤ خاوەن شەرم بوو , ئازار بەخش نەبوو، چاكە خواز بوو، راستگۆ و رەفتار باش بوو , سەركێشى و هەڵەى كەم بوو , بە ئەمەك و ئارام و سوپاسگوزارى خوا و پەیوەست بوو بەكەس و كارەوە هەروەها بە قەناعەت و پشو درێژ و میهرەبان وداوێن پاك بوو , لێبوردە و بێ كینە و بەخشندە و دەستكراوە بوو.</s>
     <s>مرۆڤێك بوو لەبەرخودا كەسێكى دەویست و هەر لەبەر خوداش پشتى لێ هەڵئەكرد، ئەوا  ئەو مرۆڤە كەسێكى بە رەوشتە .</s>
     <s>ئێمەش زۆر بەوە ئاتاجین بە بیرى خۆمان و یەكدى بهێنینەوە كە رەوشتى بەرز پێگە و پایەى بڵندى لە ئاییەنەكەماندا هەیە وا لە خوارەوە چەند فەرموودەیەكى سەروەرمان محمد (د.خ) لەسەر ئەم بابەتە بە نموونە دەهێنینەوە :
ئوسامەى كوڕى شورەیك دەڵێت : لە خزمەت پێغەمبەر دابووین , كەسمان ورتەى لێنەدەهات وەك باڵندە هێلانەى بەسەر سەرمانەوە كردبێت , چەند كەسێك هاتن بۆ لاى و پێیان گوت : ئەى پێغەمبەرى خوا , كام جۆر لە بەندەكان لاى خوا خۆشەویستترە ؟ فەرمووى : ((خاوەنى باشترین رەوشت )) .</s>
     <s>لە ریوایەتێكى تردا : پرسیان ((باشترین ئاكارێكى ئادەمیزاد چییە ؟)) فەرمووى: ((رەوشتی جوان و پەسەند)) .</s>
     <s>هەروەها فەرموویەتى (د.خ) :((ان الفحش و التفحش لیسا من الاسلام فی شئ و ان احسن الناس اسلاما احسنهم خلقا)) .</s>
     <s>واتە : ((بێ ئابڕویى و جوێنبازى لە ئیسلامدا جێى نییە , باشترین نیشانەى موسڵمانێتیش رەوشتى بەرزى تاكەكەیە )) .</s>
     <s>دیسان پرسیارى لیكلرا (د.خ): ( باوەڕى كام لە باوەڕداران تەواوترینیانە؟ فەرمووى ئەوەی خاوەنى بەرزترین رەوشتە).</s>
     <s>دیسان لە رەوشتە بەرز و پەسندەكان :
1 - دراوسێیەتى باش و خۆش مامەڵە كردن لەگەڵیان.</s>
     <s>2 - گوێرایەڵى دایباب.</s>
     <s>3 - رێز لە گەورەگرتن و سۆز بەخشین بە بچوك.</s>
     <s>4 - یاریدەدانى كەسانى دیكە.</s>
     <s>5 – روو گەشی‌و وتەی چاك.</s>
     <s>گفتوگۆ:
پابەند بوونى مرۆڤ بە رەوشتى بەرزەوە , دەبێتە مایەى رێزگرتن.</s>
     <s>ئەم دەستەواژەیە روون بكەوە.</s>
     <s>چالاكى:
ئەم فەرموودەیە لەبەر بكە: (( انما بعپتُ لاُتمّم مكارم الاخلاق )).</s>
</ch>