<?xml version="1.0" encoding="UTF-8"?>
<ch>
    <s>﻿
وانەی نۆیەم

سورەتی هومەزە (الهمزە)





		
بسم الله الرحمن الرحیم

((  ۆیْلٌ لِّكُلِّ هُمَزَەٍ لُّمَزَەٍ1 الَّژِی جَمَعَ مَالاً ۆعَدَّدَهُ2 ێحْسَبُ أَنَّ مَاڵهُ أَخْڵدَهُ3 كَلَّا ڵیُنبَژَنَّ فِی الْحُگَمَەِ4 ۆمَا أَدْرَاكَ مَا الْحُگَمَەُ5 نَارُ اللَّهِ الْمُوقَدَەُ6 الَّتِی تَگَّلِعُ عَڵى الْأَفْئِدَەِ7 إِنَّهَا عَڵیْهِم مُّۆْصَدَەٌ8 فِی عَمَدٍ مُّمَدَّدَەٍ9 )).</s>
    <s>صدق الله العڤیم






راڤە:
((ۆیْلٌ لِّكُلِّ هُمَزَەٍ لُّمَزَەٍ)) هاوار بۆ كەسێك تانەو تەشەر لە خەڵك دەدات.</s>
    <s>((الَّژِی جَمَعَ مَالًا ۆعَدَّدَهُ))ئەوەى ماڵى كۆكردەوە و هەردەم دەیژمێرێت.</s>
    <s>((ێحْسَبُ أَنَّ مَاڵهُ أَخْڵدَهُ))خەیاڵ دەكا دراوەكەى لە مردن دەیپارێزێ.</s>
    <s>((كَلَّا ڵیُنبَژَنَّ فِی الْحُگَمَەِ))نەخێر, با وا خەیاڵ نەكا؛ بێ گومان بەریسوایى فڕێ دەدرێتە ناو (حوتەمە)وە.</s>
    <s>((ۆمَا أَدْرَاكَ مَا الْحُگَمَەُ))كوا دەزانی نیاز لەو (حوتەمە) چییە؟
((نَارُ اللَّهِ الْمُوقَدَەُ))ئاگرێكە خودا هەڵیگیرساندیە.</s>
    <s>((الَّتِی تَگَّلِعُ عَڵى الْأَفْئِدَەِ))بەسەر دڵاندا دێ.</s>
    <s>((إِنَّهَا عَڵیْهِم مُّۆْصَدَەٌ))لەشوێنێكدایە داخراوە لەسەریان.</s>
    <s>((فِی عَمَدٍ مُّمَدَّدَەٍ))لە ئەستوون گەرێكی ئاگرینى درێژكراوە دان.</s>
    <s>هۆی هاتنە خوارەوەی سورەتەكە:
      ئومەییەی كوڕی خەلەف – لە گەورەكانی قوریش بوو- كە پێغەمبەری دەدیت دەستی دەكرد بە قسە‌و تانە لێدان، بۆیە خودای گەورە ئەم سورەتەی ناردە خوارەوە.</s>
    <s>سود :
     ئەم سورەتە لە مەكە هاتۆتە خوارەوە،نۆ ئایەتە‌و رێزبەندیشی سەد‌و چوارە، لە دوای سورەتی قیامە هاتۆتە خوارەوە، بەوەش دەست پێدەكات كە نزا لەو كەسانە دەكات كە تانە لە خەڵك دەدەن.</s>
    <s>گفتوگۆ :
 - ئەو وانانە چین كە لەم سورەتە بە دەست دێن.</s>
    <s>چالاكی :
 سورەتی (هومەزە) لە بەر بكە.</s>
</ch>