<?xml version="1.0" encoding="UTF-8"?>
<ch>
    <s>﻿
وانەی بیستەم
سودەكانی نوێژی هەینی

1-	بە گوێگرتن لە گوتاری هەینی نوێژكەر سوودمەند دەبێت.</s>
    <s>2-	ئاگاداری سەبارەت روداو و گۆرانكاری سەر گۆرەپانی جیهانی ئیسلامی لە چەندین روەوە پەیدا دەبێت.</s>
    <s>3-	موسوڵمان لەو پێكەگەیشتنەدا هەواڵی یەكدی دەزانن و پەیوەندی نێوانیان توند و تۆڵتر دەبێتەوە.</s>
    <s>چەند ئادابێكی نوێژی هەینی:
1-	خۆشتن خۆ بۆن خۆش كردن.</s>
    <s>2-	پۆشینی بەرگی خاوێن.</s>
    <s>3-	چوون بۆ مزگەوت، پێشوەخت.</s>
    <s>4-	وازهێنان لە كڕین و فرۆشتن وشتی دیكە لەو كاتانەدا.</s>
    <s>5-	خۆدوور گرتن لە خواردنی هەندێك مادەی بۆندار وەك: سیر، پیاز.</s>
    <s>6-	پاراستنی بێدەنگی لە كاتی گوتاری هەینیدا.</s>
    <s>7-	نزا و پاڕانەوەی زۆر و سەلاوات دان لەسەر پێغەمبەر (د.خ).</s>
    <s>ئەو كارانەی نوێژ خوێن دوای چونی بۆ نوێژی هەینی، ئەنجامی دەدات:
1-	لەگەڵ چوونە ناو مزگەوت دوو ركات نوێژی (تحیە المسجد) ئەنجام دەدات.</s>
    <s>2-	چەند بوار هەبوو نوێژی سوننەت ئەنجام بدات (پێش وتاری هەینی).</s>
    <s>3-	گوێگرتن لە وتاری هەینی بە بێدەنگی و ئارامی و ملكەچییەوە.</s>
    <s>4-	وتار خوێن دوای وتارەكەی لەسەر دوانگە دێتە خوارێ و پێشنوێژی دەكات بۆ ئامادەبووان، نوێژی هەینی، دوو ركاتە و پێشنوێژ بە دەنگی بیستراو قورئانەكەی تیا دەخوێنێت.</s>
    <s>چەند سەرپێچیەكی موسوڵمانانی نوێژ خوێنی هەینی:
1-	دواكەوتن لە چوون بۆ مزگەوت.</s>
    <s>2-	هەنگاونان بەسەر نوێژ خوێنانی دیكە و ئازاردانیان.</s>
    <s>3-	پشتكردنە وتار خوێن لە كاتی وتاریدا.</s>
    <s>4-	خەو بردنەوە لەكاتی گوتارخوێندندا.</s>
    <s>5-	قسەكردن لەكاتی گوتاردا یان نانەوەى دەنگە دەنگ.</s>
    <s>6-	گوێنەگرتن لەوتار و خۆ خەریككردن بە تەسبیح و هەرشتێكی دیكەوە.</s>
    <s>گفتوگۆ
1-	كاتی نوێژی هەینی كەی دەبێت؟
2-	بەبەڵگە ئەركبوونی نوێژی هەینی بسەلمێنە؟
3-	مەرجەكانی ئەركبوونی نوێژی هەینی بڵێ؟
4-	مەرجەكانی دروستی نوێژەكە چین؟
5-	سوودەكانی نوێژی هەینی كامانەن؟ بیانژمێرە.</s>
    <s>6-	گرنگترین ئادابەكانی نوێژی هەینی چین؟
7-	نوێژی هەینی چەند ركاتە؟ خوێندنی قورئان تیایدا بێدەنگە یان بەدەنگەوەیە؟
8-	هەندێك لەو كارانەی نوێژ خوێنی نوێژی هەینی ئەنجامیان بدات بە سەرپێچی دادەنرێن، بژمێرە؟</s>
</ch>