<?xml version="1.0" encoding="UTF-8"?>
<ch>
    <s>﻿
وانەی بیست و دووەم
نوێژی سەفەر

خودای میهرەبان مۆڵەتی داوە نوێژكردن لە سەفەردا كورت و كۆبكرێتەوە، بە مەبەستی ئاسانكاری و پاساو نەهێنانەوە بۆ نوێژ نەكردن.</s>
    <s>بەم شێوەیەی خودارەوە:
1- كورتكردنەوە: بریتییە لە كورتكردنەوەی نوێژە چوار ركاتیەكان بۆ دوو ركات بەڵام نوێژی بەیانی و شێوان ناگرێتەوە.</s>
    <s>بە پێی ئەم ئایەتە پیرۆزە: ((وإژا چَرْبتُّم فی الأرچ فلیسَ علیكم جُناحُ أنْ تقصروا من الصلاە)) (النسا‌و 101).</s>
    <s>هەروەها فەرمودەی پێغەمبەر (د.خ) ((صدقە تصدَّق اللهُ بها علیكم فاقبلوا صَدَقته)) كۆ دەنگی لەسەرە.</s>
    <s>حوكمی كورتكردنەوە: 
سونەتێكی گرنگە و مۆڵەت و خەڵاتی خودایە بۆ بەندەكانی.</s>
    <s>ئەندازەی ماوەی كورتكردنەوەی نوێژی سەفەر: زانایان فەرمویانە ئەندازەكەی 84 كیلۆمەتر و سەروترە، ئەو ئەندازەیە بە هەر هۆكارێكی رێگابڕین و (سواری) بێت جیاوازی نییە.</s>
    <s>تێبینی: ئەو رێبوارەی لە پشت پێشنوێژێكی نیشتە جێوە نوێژبكات نابێت نوێژ كورتبكاتەوە بەڵكو لەگەڵیان تەواوی دەكات.</s>
    <s>2- كۆكردنەوەی دوونوێژ: بەم شێوەیە دەبێت
ئـ - نوێژی نیوەڕۆ + نوێژی ئێوارە، كۆدەكرێتەوە، یان لەگەڵ نیوەرۆ، یاخود بە كۆكردنەوەی دوا خراو واتە نیوڕۆ بردنە لای نوێژی ئێوارە.</s>
    <s>ب - نوێژی شێوان + نوێژی خەوتنان، یان بە پێشخستنی خەوتنان لەگەڵ شێواندا یان بە پێچەوانەوە، بە كام شێوە ئاسان بوو بۆ رێبوار ئاساییە.</s>
    <s>پـ- نوێژی بەیانی، لەگەڵ هیچ كام لە نوێژەكانی دیكەدا كۆناكرێتەوە.</s>
    <s>چۆنیەتی كۆكردنەوە و كورتكردنەوەی نوێژەكان:
1-	نوێژی نیوەڕۆ بە دوو (2) ركات و سڵاودانەوە.</s>
    <s>2-	نوێژی ئێوارە بە دوو (2) ركات و سڵاو دانەوە.</s>
    <s>3-	لە نێوانیاندا نوێژی سونەت و قسەكردن و شتی دیكە ناكرێت.</s>
    <s>گفتوگۆ و چالاكی
1-	دانایی و پەند لە بڕیاردان لەسەر نوێژی سەفەر چییە؟
2-	كورتكردنەوەی نوێژ چۆنە؟
3-	مەبەست لە كۆكردنەوەی نوێژ لە سەفەردا چییە؟
4-	چۆنیەتی (كورت و كۆ) كردنەوەی نوێژی ئێوارە لە پێشخستندا باس بكە؟
5-	نوێژی سەفەر بۆ رێبوار........ گرنگە و هەردوو نوێژى .......و ........ كورت ناكرێنەوە، زانایان ئەندەزای ماوەی نوێژی رێبوارانیان بە ........ كیلۆمەتر داناوە و نوێژی شێوان لەگەڵ ......... كۆدەكرێتەوە.</s>
    <s>6-	شیكاری ئەم رستانە بكە:
1-	رێبوار نوێژەكەی بە تەواوی دەكات، گەر لە پشت پێشنوێژی نیشتەجێوە نوێژی كرد.</s>
    <s>2-	نوێژی بەیانی لەگەڵ هیچ نوێژیكی دیكە كۆناكرێتەوە.</s>
</ch>