<?xml version="1.0" encoding="UTF-8"?>
<ch>
      <s>﻿

وانەى پێنجەم
وەرگرتنى پەرستش لەلاى خوداو ، مەرجەكانى
وەرگرتنى پەرستش بە سێ مەرج دەبێت لاى خودا:
1- پەرستكار خاوەن باوەڕبێت:
كاتێك پەرستشى مرۆڤ جێدەگرێت و خودا وەریدەگرێت ئەم مەرجانەنەى تێدابێت: بڕوا بەخودا، فریشتەكانى، گشت پەیامەكانی و هەموو پێغەمبەرانى و رۆژى دوایى و چارەنووس بە خۆش و ناخۆشیەوە ، بە پێى ئەم ئایەتە: ((من عمل صالحا من ژكر أو أنپى وهو مۆمن فلنحیینه حیاە گیبە)) (النحل97).</s>
      <s>2- پەرستش تەنها بۆ خودابێت: 
واتە باوەڕدار تەنها مەبەستى خوداو رەزامەندى بێت دوور لە هاوبەشكارى وبەرژەوەندى و چاوەڕێى سودى دونیایى، بە پێى ئەم ئایەتە: ((فَمَنْ كان یرجوا لقا‌ۆ رَبِّه فَلیعملْ عملاً صالحاً ولایُشّڕك بعبادە ربِّه احداً)) (الكهف 110).</s>
      <s>3- پەرستشەكە بەپێى سوننەت بێت واتە بێ زیاد كردن و كورتهێنان.</s>
      <s>پاداشتى خودا پەرستى
خوداى كارساز بەڵێنى بە باوەڕدارانى خوداپەرستى پیاوو ژن داوە كە: 
1- پەرستشەكانیان لێوەربگرێت و بۆیان پاشەكەوت بكات وەك دەفەرموێت: (( فاستجاب لهم ربُّهم انی لاأُچِیعُ عمڵ عاملٍ منكم)) (ێل عمران 195).</s>
      <s>1-	2- چوونە بەهەشت: خودا دەفەرموێت: (( والژین ێمنوا وعملوا الصالحات سندخلهم جناتٍ تجری من تحتها الانهار خالدین فیها أبداً )) (النسا‌و 57) .</s>
      <s>راهێنان(1)
1- بە ئایەتێكى قورئانى پیرۆز بیسەلمێنە، ئیسلام ئاینى فیترەتە.</s>
      <s>2- ئایەتێك بێنە فەرمانى بە پەرستنى خودای تێدا بێت.</s>
      <s>3- بە فەرمودەیەكى پێغەمبەر (د.خ) بیسەلمێنە، باوەڕ بە ئەنجامدانی كردەوەى چاك دەچەسپێت.</s>
      <s>4- فەرمودەیەكى پێغەمبەر(د.خ) بێنەرەوە، پشتگیرى لەوە بكات پەرستنى خودا مافى خۆیەتى لەسەر بەندەكانى.</s>
      <s>راهێنان(2)
1- كە دەڵێین: (خودا پەرستى خواست و پێویستییە) ئەم دەستەواژەیە روونبكەوە.</s>
      <s>2- ئەم بڕگەیە چى دەگەیەنێت (خوداپەرستى كاریگەرى لەسەر جەستەى مرۆڤ جێدەهێلى ).</s>
      <s>3- مەرجەكانى وەرگرتنى پەرستش لاى خودا، چین؟
4- خوداى پەروەردەگار بەڵێنى پاداشتى گەورەو باشى بەباوەڕدارانى خوداناس داوە.</s>
      <s>ئەم دەستەواژەیە راڤە بكە.</s>
      <s>راهێنان(3)
ستونى یەكەم بە ستونى دووەم بگەیەنە بەپێى گونجان:
1- خوێندنەوەى قورئان پەرستشێكى                               جەستەییە
2- حەجكردن پەرستشێكى                                            سامانیە
3- زەكاتدان پەرستشێكى                                              نێودڵە
4- خۆشویستنى خودا پەرستشێكى                                زاریە     

                                                         راهێنانى(4)
 وەڵامى راست لە نێو كەوانەكاندا بۆ ئەم بۆشایانەى خوارەوە هەڵبژێرە:

 1- سەیر لەوەدانییە خوداى گەورە مافى پەرستنى بەسەر بەندەكانەوە هەیە،بەڵام سەیرو نامۆ ئەوەیە............(ئەم مافە پێشێل بكرێت-جێبەجێكرێت-مافەكە بەهێزبكرێت).</s>
      <s>2- هەركەسێك پەیوەندى گیانی بەخوداوە نەبێت..........(دڵەراِوكێى نابێت – كۆمەك و پارێزگارى نابێت).</s>
      <s>چالاكى: 
 مامۆستا داوا دەكات كە قوتابییان ئەم دیمەنە نمایش بكەن:
       گفتوگۆیەك سەبارەت(پەرستش)لەنێوان شاهۆ و سەرداردا.</s>
      <s>- شاهۆ بە سەردار دەڵێت: من وا دەزانم پەرستش تەنها نوێژو رۆژ و ناگرێتەوە.</s>
      <s>- سەردار: ئەى چیتر دەگرێتەوە؟
 - شاهۆ: بۆم روون بۆتەوە كە پەرستش لەكار و ئەركى رۆژانەشدا دەكرێ هەبێت.</s>
      <s>وەك:وەرزش و خواردن و نوستن.</s>
      <s>- سەردار: ئەم زانیاریانەت چۆن دەستكەوت؟
 -شاهۆ: لەرێى وتاری هەینى ،مزگەوتەكەی نزیك ماڵمانەوە.</s>
      <s>- سەردار:كەواتە، بەردەوام دەبین لەسەر نوێژو رۆژوەكانمان وژیانى رۆژانەشمان بەشێوەیەكى  دروست  و ئاسایى بەسەر دەبەین،هەمووشى پەرستشە.</s>
</ch>