<?xml version="1.0" encoding="UTF-8"?>
<ch>
    <s>﻿
وانەی بیست و شەشەم

رێ و رەسمی پرسە

پرسە: واتە سەرەخۆشی لە خانەوادە و كەسی نزیكی مردو، هاندانیان بۆ ئارامگرتن هەروەها رازی بوون بە ویست و قەدەری خودا.</s>
    <s>چەند شێوازێكی سەرە خۆشی و پرسە:
هەر وشەیەك یان دەستەواژەیەك، بەسەر هاتەكە لەسەر دەوروبەر ئاسان بكات و ببێتە مایەی لە بیركردن و دڵدانەوەیان.</s>
    <s>لەو بێژانەش، وەك پێغەمبەر (د.خ) فەرمویەتی: ((إن للهِ ماأخژَ، وله ما أعگى، وكل شی‌وٍ عنده بأجلٍ مسمّى، فَلتصبر و لتحتَسِب)) بوخاری ریوایەتی كردووە.</s>
    <s>واتە: هەموو شتێك وەرگرتنەوە و بەخشینی هەر هی خودایە و بەدەست خۆیەتی، هەموو شتێكیش ماوەی دیاریكراوە.</s>
    <s>كەواتە ئارام بگرن و چاوەرێی پاداشت بن، هەروەها ئەم بێژانەش لە پرسەدا دەوترێن: ((اعڤمَ الله اجركم وأحسن عزا‌وكم وغفر لِمَیِّتكم)).</s>
    <s>واتە: خودا پاداشتی گەورەتان بداتەوە و باشترین دڵدانەوەتان بكات و لە مردوەكەشتان خۆشبێت.</s>
    <s>رەوایەتیی پرسە و سەرە خۆشیكردن:
كارێكی پەسەندە، چەندین فەرمودە لەو بارەیەوە هاتووە، وەك: ((مَن عزى مصاباً فله مپل أجره)).</s>
    <s>واتە: هەركەس سەرە خۆشی لە خاوەن مردویەك بكات، وەك ئەو خاوەنی پاداشتە.</s>
    <s>پرسە لە پیاو و ژن و منداڵیش دەكرێت.</s>
    <s>سەرە خۆشیكردن دوای ناشتنی مردو تەنها سێ رۆژە.</s>
    <s>مەگەر كەسانێك لە دوورەوە بێن یان بێئاگابن،  كە دەكرێت دوای ئەو سێ رۆژەش سەرەخۆشی بكەن.</s>
    <s>خۆراك بردن بۆ خاوەن مردو
بە كارێكی پەسەند دانراوە خۆراك ئامادەبكرێت بۆ خاوەن مردو، لەلایەن كەس و كارو دراوسێیانەوە، وەك پێغەمبەرمان لە كۆچی دوایی جەعفەری ئامۆزایدا فەرمانی كرد: خۆراك بۆ خێزانی جەعفەر دروست بكەن چونكە ئێستا ئەوان لە رەوشێكی ئاساییدانین.</s>
    <s>(احمد و ترمزی وحاكم ریوایەتیان كردووە).</s>
    <s>بەم پێیە ناپەسەندە خانەوادەی كۆچكردو خۆراك ئامادەبكەن، بەڵكو خزم و دراوسێ میوان ورێبوارەكان تێر دەكەن.</s>
    <s>ئەو داب و نەریتانەی لە پرسەدا پەسەند نین
1-	پۆشینی پۆشاكی رەش و نیشانەی ماتەمینی.</s>
    <s>2-	ریش نەتاشینی هەندێك لە خزم و دۆستانی مردوو، وەك  نیشانەی ماتەمینی.</s>
    <s>3-	بە فیڕۆدانی سامانێكی زۆر لە ئامادەكردنی خۆراكی زیادە، بەمەبەستی فیزكردن و ناوبانگ و خۆهڵكێشان.</s>
    <s>4-	ماتەمینی لە دوای هەفتەو چلە و یادی ساڵانەی مردودا.</s>
    <s>5-	درێژەدان بە ماتەمین لە سەروی سێ (3) رۆژەوە.</s>
    <s>گفتوگۆ
1-	واتای پرسە چییە؟
2-	پرسە و ماتەمینی لە ئیسلامدا چەند رۆژە؟
3-	لەسەر كێ پێویستە خۆراك ئامادەبكات بۆ خاوەن مردو؟
4-	لە پرسەدا چۆن وبەچ دەستەواژەیەك سەرە خۆشی دەكرێت؟
5-	ئەم بۆشاییانە پڕ بكەوە:
سەرە خۆشی دەكرێت لە پیاوان و ........ و .........، وئامادەكردنی خۆراكی پرسە لە لایەن ......... كارێكی نا پەسەندە.</s>
    <s>6-	هەندێك لەو نەریتە نامۆ و ناپەسەندانە بڵێ لە پرسەدا باون؟</s>
</ch>