<?xml version="1.0" encoding="UTF-8"?>
<ch>
    <s>﻿
وانەى هەشتەم
رەوشت و بەها باڵاكانى موسوڵمان












مرۆڤى باوەڕدار خاوەنى رەوشتى بەرزە كە خوداى گەورە فەرمانى پێدەكات و پێغەمبەرمان(د.خ) جەختى لەسەر دەكاتەوە بە فەرمودەى: ((انما بعپت لأتممّ مكارم الاخلاق)).</s>
    <s>بەرەوشتى بەرز كەسێتى مرۆڤى باوەڕدار مەزن دەبێت و ئاكارى خاوێن هاوتەریبى باوەڕی پتەوە لە ژیانى مرۆڤى موسوڵماندا.</s>
    <s>تا باوەریش بەرزو دروست بێت پێگەى خاوەنەكەشى بڵند دەبێت.</s>
    <s>ئەى قوتابى خۆشەویست، ئەگەر پابەندى بەها باڵاكانى وەك پوختى و لێبوردەیى و ئارامگرتن و شەرم و هاوكارى و وەفا دەبێت، ئەوا هەنگاو بەرەو چەند رەوشتێكى گرنگ بنێت لەوانەش:
1- داوێن پاكى: كە بریتییە لە خۆپارێزى لە گشت حەرامێك بە تایبەتى داوێن پارێزى لە بەد رەوشتى و كارى ئابڕوبەر.</s>
    <s>خوداى گەورە فەرمانى كردووە بە موسوڵمانان داوێنیان بپارێزن وخۆڕاگربن لە بەرشاڵاوى ئارەزوبازیدا و خۆ لەسەرەتاكانى بپارێزن.</s>
    <s>چونكە مرۆڤ بەرەو هەڵدێر دەبات و دواتر ناتوانێت بەسەر ئارەزووەكانى زاڵ بێت.</s>
    <s>لە قورئانى پیرۆزدا بە چەندین ئایەت رێگرى كراوە لەو كردەوە ناشیرینە.</s>
    <s>خوداى گەورە دەفەرموێت: (( ولا تقربوا الزنى انه كان فاحشەً وسا‌و سبیلاً)) (الاسرا‌و32).</s>
    <s>ناكرێت مرۆڤى باوەڕدار بەدواى كارى بێزراوى وادا بگەرێت بەڵكو داوێن پیسى و باوەڕ لەیەك كاتدا كۆنابنەوە لە كەسێكدا وەك پێغەمبەرمان(د.خ) دەفەرموێت: ((لا یزنی الزانی حین یزنی وهو مۆمن)).</s>
    <s>مرۆڤى موسوڵمان زۆر لەوە بەرزو بەڕێزترە كە سێیتى خۆى دابەزێنێت بۆ ئەو ئاستە نزمە، كە شایستەى ئەو نییە، بە ئەنجامدانى كارى داوێن پیسى موسوڵمان پێویستە بە وشیارییەوە هەنگاو بنێت و ئەقل بەكاربێنێت، كە رێنمایى دەكات بۆ بەهاى (داوێن پاكى).</s>
    <s>بەرهەمى بەهاى داوێن پاكى: 
1-	پاراستنى ناموس.</s>
    <s>2-	ناوبانگى باش و بڵند.</s>
    <s>3-	متمانەى نێو خەڵك.</s>
    <s>4-	كەسێتى هاوسەنگ.</s>
    <s>5-	پاراستنى تەندروستى جەستەیی.</s>
    <s>2- سپاردە: بە واتایى خۆ دوور گرتن لە فێڵ و دزى و ناپاكى و پاراستنى سپاردەى قسەو سامان و هەر نهێنیەك.</s>
    <s>جۆرەكانى سپاردە:
    ئـ- جۆرێكیان سپاردەى ئەو قسانەیە كە لاى كەسێكى دیكە دەكرێن و قسەكەر ئەم لاو ئەولا دەكات بە مەبەستى ئەوەى كەسێكى دیكە ئاگادارنەبێت، یان كە بەبەرامبەر بڵێَت ئەمە قسەى نێوانمان بێت، ئەمەش دەبێتە سپاردەیەكى گران و ئەركێكى پێویست.</s>
    <s>پێغەمبەر دەفەرموێت (د.خ): ((اژا حدّپ الرجل الحدیپ پم التفت ، فهی أمانە)).</s>
    <s>ب- جۆرێكى دیكەی سپاردە، بابەتى دارایى و سامانە، كە دەدرێتە دەست كەسێكى دیكە و دەچێتە ئەستۆى و پێویستە بە دەستپاكى و بێ دەستكارى بیداتەوە دەست خاوەنەكەى.</s>
    <s>باشترین پێشەنگى مێژویى بە پشتگیرى قورئان لە سپاردە پارێزیدا یوسف پێغەمبەرە (د.خ) وەك قورئان دەفەرموێت: ((قال اجْعَلّنی على خزائنِ الارچ إنیّ حفیڤٌ علیم)) (یوسف 55).</s>
    <s>پ- هەندێك جار سپاردە لە مامەڵە و فرۆشدایە واتە فێل نەكردن لە ئاڵ و وێل و جۆرى كاڵادا كە پێویستە بەپێى پێوەرە شەرعیەكان بێت.</s>
    <s>پێغەمبەرمان (د.خ) بەلاى خۆراكفرۆشێكدا تێپەڕى بینى خۆراكەكەى ئاوى زیادەى تێدایە لێى پرسى هۆكارەكەى چییە، گوتى: باران تەڕى كردووە، سەروەر فەرموى: تەڕبووەكەت لە سەرەوە دانایە تا خەڵكى بیبینن، جا فەرمووى: ((من غشّ فلیس منیّ)).</s>
    <s>ئەمە ئامۆژگاریە بۆ گشت فرۆشیارێك كە كاڵاكەى بە درۆو فێڵ ساغ نەكاتەوە.</s>
    <s>سیماو بەرهەمەكانى بەهاى سپاردە پارێزى:
یەكەم- ناوبانگى باش.</s>
    <s>دووەم- متمانەى نێوخەڵكى.</s>
    <s>سێیەم- دڵسۆزى و پوختى لە كاردا.</s>
</ch>