<?xml version="1.0" encoding="UTF-8"?>
<ch>
  <s>﻿
وەرزی دووەم




وانەى حەڤدەم
پایەكانی نوێژ و سونەتەكان










نوێژ پایەیەكی هەرە گرنگی نێو پەرستشەكانە لە ئایینی ئیسلامدا، مرۆڤی موسوڵمان بەهۆی نوێژەوە لە ناموسوڵمان جیا دەكرێتەوە.</s>
  <s>لەسەر چەندین پایە دامەزراوە و كۆمەڵێك سونەتیشی هەیە.</s>
  <s>ئومێدوایە بەهۆی بەجێهێنانیەوە خودا لە خۆمان رازی بكەین.</s>
  <s>ئەو پایە وسونەتانەش:
ئـ- پایەكان:
1-	نیاز (نییەت).</s>
  <s>2-	گوتنی الله اكبر چوونە ناو نوێژ.</s>
  <s>3-	بە پێوە وەستان گەر توانا هەبوو.</s>
  <s>4-	خوێندنی سورەتی (فاتیحە).</s>
  <s>5-	كرنوش بردن بە ئەندازەی وەستانی لەش لە جوڵە.</s>
  <s>6-	راست بوونەوە بە هەمان شێوە.</s>
  <s>7-	چونە سوژدە (نێو چەوان) لەسەر زەوی دانان بەهەمان شێوە.</s>
  <s>8-	دانیشتنی نێوان هەردوو سوژدەی ركاتێك.</s>
  <s>9-	دانیشتنی كۆتایی نوێژ بۆ خوێندنی (تەحییات – تەشەهود).</s>
  <s>10-	سڵاودانەوە بەلای راستدا.</s>
  <s>ب- مەرجەكانى: 
1- هاتنى كاتى نوێژ.</s>
  <s>3- پاك و خاوێنى.</s>
  <s>2- رووكردنە رووگە.</s>
  <s>4- لەش داپۆشین (عەورەت).</s>
  <s>پ‌-	سونەتەكانی:
ئـ - پێش چونە ناو نوێژ:  1- بانگدان.</s>
  <s>2- قامەتكردن.</s>
  <s>ب- دوای چونە ناو نوێژ: 
  1-  خوێندنی تەحییاتی یەكەم.</s>
  <s>2- خوێندنی نزای قونوت لە نوێژی بەیانیان و، ویترەكانی نیوەی دووەمی رەمەزان.</s>
  <s>ت- ئادابی نوێژ: 
 1- بەرزكردنەوەی هەردوو دەست لەگەڵ وتنی (الله اكبر)ی نییەت هێنان.</s>
  <s>2- دانانی لەپی دەستی راست لەسەر پشتی دەستی چەپ.</s>
  <s>3- خوێندنی نزای نوێژ دەستپێكردن.</s>
  <s>4- وتنی (أعوژ بالله من الشیگان الرجیم) پێش خوێندنی سورەتی فاتیحە.</s>
  <s>5- خوێندنی قورئان بەدەنگی بیستراو لە نوێژی بەیانی و دووڕكاتی یەكەمی شێوان و خەوتنان.</s>
  <s>(لەلایەن پێش نوێژەوە).</s>
  <s>6- وتنی زیكری (ئامین) دوای خوێندنی سورەتی فاتیحە.</s>
  <s>7- خوێندنی سورەتێك دوای سورەتی فاتیحە.</s>
  <s>8- لە نێوان بە جێهێنانی هە روكنێك گوتنی (الله اكبر).</s>
  <s>9- گوتنی (سمع الله لمن حمده، ربنا ولك الحمد) لە كاتی هەستانەوە لەكرنوش.</s>
  <s>10- خوێندنی زكری كرنوش و سوژدە هەریەكەو لەكاتی خۆیدا.</s>
  <s>11- دانانی هەردوو دەست لەدوای ئەژنۆكانەوە لە دانیشتنی خوێندنی تەحییاتدا، بە كردنەوەی تەواوی دەستی چەپ و كۆكردنەوەی پەنجەكانی دەستی راست جگە لە پەنجەی شایتمان.</s>
  <s>12- نوشتانەوەی هەردوو قاچ لە دانیشتنەكانی نوێژدا بۆ دواوە و راخستنی هەردوو پێ یان پێی چەپ.</s>
  <s>13- سڵاو دانەوە بەلای چەپدا، چونكە سڵاو بۆ لاى راست لە پایەكانی نوێژ بوو.</s>
  <s>ج‌-	ئەو كارانەی نوێژەكە هەڵدەوەشێننەوە (بەتاڵی دەكەنەوە):
1-	قسەكردن بە ئەنقەست.</s>
  <s>2-	جوڵەی زۆر (هەندێك زانا بە 3 جوڵە دیاریان كردووە).</s>
  <s>3-	دەستنوێژ شكان.</s>
  <s>4-	هاتنە دەرەوەی پیسی و پاشەرۆ لە لەشی نوێژكەرەوە.</s>
  <s>5-	دەركەوتنی لەش بە رووتی.</s>
  <s>6-	نیاز (نییەت) گۆرین.</s>
  <s>7-	پشت لە روگە (قیبلە) كردن.</s>
  <s>8-	خواردن و خواردنەوە لە نوێژدا.</s>
  <s>9-	پێكەنین بە دەنگەوە (قاقا) لێدان.</s>
  <s>ح - نوێژە سونەتەكانی هاوڕێی فەرزەكان:
1.</s>
  <s>دوو ركاتی پێش نوێژی بەیانی.</s>
  <s>2.</s>
  <s>چوار ركاتی پێش نوێژی نیوەڕۆ و دوو ركاتی دوای نوێژ.</s>
  <s>3.</s>
  <s>چوار ركاتی پێش نوێژی ئێواران.</s>
  <s>4.</s>
  <s>دوو ركات دوای نوێژی شێوان.</s>
  <s>5.</s>
  <s>سێ ركاتی دوای نوێژی خەوتنان كە ركاتی سێیەم تاكە و وتری پێ دەوترێت.</s>
  <s>خ- نەوافل كە 3 نوێژە:
1.</s>
  <s>شەو نوێژ.</s>
  <s>2.</s>
  <s>چێشتەنگاو.</s>
  <s>3.</s>
  <s>نوێژی تەراویح.</s>
  <s>ئەو پایەو هەیئات و سوننەتانە وەك یەكن بۆ پیاو و ژن، تەنها لە چەند بوارێكدا ژنان جیا دەبنەوە وەك لەم خشتەیەی خوارەوەدا هاتوە:
لە نوێژی پیاواندا	لە نوێژی ژناندا
1-	ئانیشكەكانی لە جەستەی دوور دەخاتەوە چ لە كرنوش یان لە سوژدە.</s>
  <s>2-	دەست بەرزكردنەوە لە نوێژدا لەو جێیانەی باسكراون.</s>
  <s>3-	لەكاتی هەر روداوێك  سبحان الله دەكات.</s>
  <s>4-	روتایی پیاو نێوان ئەژنۆ بۆ ناوكە.</s>
  <s>1-	ئانیشكەكانی بە خۆوە دەلكێنی لە هەردوو حاڵەتت.</s>
  <s>2-	گەر كەسی بێگانە گوێی لێ بوو، دەنگ بەرز ناكات.</s>
  <s>3-	لەكاتى هەر روداوێك چەپڵە لێدەدات.</s>
  <s>4-	جگە لە روومەت و لەپی دەستی گشت جەستەی روتاییە.</s>
  <s>گفتوگۆ
1-	ئەو هۆكارانە چین نوێژ هەڵدەوەشێنەوە (بەتاڵ دەكەنەوە)؟
2-	جیاوازی نێوان نوێژی ژن و پیاو لە چیدایە؟
3-	جیاوازی نێوان پایەكان و سونەتەكانی نوێژ چییە؟
4-	ژمارەی ركاتی نوێژە سونەتەكان چەندن، چۆن دابەشكراون بە سەر نوێژە فەرزەكاندا.</s>
</ch>