<?xml version="1.0" encoding="UTF-8"?>
<ch>
     <s>﻿

وانەی شەشەم
ئەمەكداری

     خودا دەفەرموێت: ((ۆأَوْفُوا بِعَهْدِ اللَّهِ إِژَا عَاهَدْتُمْ ۆڵا تَنْقُچُوا الْأَیْمَانَ بَعْدَ تَوْكِیدِهَا ۆقَدْ جَعَلْتُمُ اللَّهَ عَڵیْكُمْ كَفِیلًا إِنَّ اللَّهَ ێعْڵمُ مَا تَفْعَلُونَ (91)))(النحل91).</s>
     <s>ئەمەكدارى پابەندبوونە بە پەیمانەوە، دەبێتە هۆى رەزامەندى خوداو بنەمایەكى ئاینییە.</s>
     <s>بەمەرجێك ئەو پەیمانە زیان گەیاندنى بۆ هیچ كەس‌و هاندەر نەبێت بۆ تاوان‌و پشتگیرى لەكارى ناڕەواو رێگرى لەبەرنامەى خودایى تێدا نەبێت.</s>
     <s>گرنگە لەپەیمان بەستندا خوداى پەروەردگار بەچاودێر بزانرێت كە بێگومان لێپرسینەوە لەگەڵ پەیمانشكێن دەكات.</s>
     <s>بردنەسەرى پەیمان لەسیفەتى مرۆڤە هۆشمەندەكانە، وەك خودا دەفەرموێت: ((أَفَمَنْ ێعْڵمُ أَنَّمَا أُنْزِڵ إِڵیْكَ مِنْ رَبِّكَ الْحَقُّ كَمَنْ هُۆ أَعْمَى إِنَّمَا ێتَژَكَّرُ أُولُو الْأَلْبَابِ (19) الَّژِینَ یُوفُونَ بِعَهْدِ اللَّهِ ۆڵا ێنْقُچُونَ الْمِیپَاقَ (20))) (الرعد).</s>
     <s>لەم ئایەتەدا ئاماژەى تێدایە كە مرۆڤە ژیرەكان بە ئەمەكن بۆ پەیمانەكانیان‌و پەیمانشكێنى ناكەن.</s>
     <s>چونكە خوداى گەورە بەشایەت‌و چاودێر دەزانن.</s>
     <s>جۆرەكانى ئەمەكدارى 
1-	پابەندى‌و وەفادارى بەگرێبەستەوە.</s>
     <s>خوداى گەورە دەفەرموێت:((ێا أَیُّهَا الَّژِینَ ێمَنُوا أَوْفُوا بِالْعُقُودِ أُحِلَّتْ ڵكُمْ بَهِیمَەُ الْأَنْعَامِ إِلَّا مَا یُتْڵى عَڵیْكُمْ غَیْرَ مُحِلِّی الصَّیْدِ ۆأَنْتُمْ حُرُمٌ إِنَّ اللَّهَ ێحْكُمُ مَا یُڕیدُ (1))) (المائدە).</s>
     <s>واتە: بەئەمەك بن و ئەو پەیمان و گرێبەستانە بپارێزن پابەندیتان پێوە راگەیاندووە، گرێبەست لەئیسلامدا لەسەر ئەم بنەمایە بەندە: پێویستە لەسەر هەركەسێكى موسڵمانى خاوەن باوەڕ پابەندبێت بە پەیمان‌و گرێبەستیەوە، گەر رێگرى نەبوو.</s>
     <s>ئەم گرێبەستانەش:
ئـ- یان لەناخى بەندەكان خۆیاندایە، وەك ئەوەى: (خۆى سوێند دابێت لەسەر ئەنجامدانى كارێكى رێپێدراو).</s>
     <s>ب- یاخود لە نێوان خوداو بەندەكەدایە، وەك:(ئەركە شەرعیەكانى وەك نوێژو زەكات...هتد).</s>
     <s>پ - یان لەنێوان مرۆڤەكاندا، وەك: (شەریكى، هاوبەشیكارى).</s>
     <s>2-	سەرڕاستى لەپێوان‌و كێشاندا.</s>
     <s>خودا دەفەرموێت:((ۆأَوْفُوا الْكَیْڵ إِژَا كِلْتُمْ ۆزِنُوا بِالْقِسْگَاسِ الْمُسْتَقِیمِ ژَلِكَ خَیْرٌ ۆأَحْسَنُ تَأْوِیلًا (35))) (الاسرا‌و).</s>
     <s>خوداى میهرەبان فەرمانمان پێدەكات لەكێشان‌و پێواندا سەر راست بین، كە دەبێتە هۆى راكێشانى سەرنجى كڕیارو خۆشنودییان، سەرەڕاى پاشە رۆژى گەش‌و رەزامەندى خوداى پەروەردگارو پاداشتى لەدوارۆژدا.</s>
     <s>ز	وشە	مانا
1-	العقود	گرێبەست و پەیماننامەیەك لەسەرخۆت كردبێت بەماڵ یان لەنێوان خۆت و كەسانى دیكەدا بێت یان بەنوسراوى.</s>
     <s>2-	ژا القربى	كەسە نزیكەكان (خزمانى نزیك).</s>
     <s>3-	اوفوا الكیل	سەر ڕاست بن لەپێوان لەگەڵ كریار.</s>
     <s>4-	القسگاس المستقیم	شایان (تەرازووى دادگەرانە).</s>
     <s>5-	اولو الالباب	ئەو هۆشمەندانەى شوێن ئارەزوو نەكەوتون.</s>
     <s>6-	هو اقرب للتقوى	واتە (دادگەرى لە خوداناسیەوە زۆر نزیكە).</s>
     <s>7-	یتژكّر	پەند وەردەگرێت.</s>
     <s>8-	لا یجرمنّكم شنێن قوم	ستەم و تاوانى كەسانى دیكە نەبێتە هۆى هەڵەكردن و ستەمكردنتان.</s>
     <s>گفتوگۆ
1-	پابەندى بە پەیمانى خوداوە واتاى چییە؟
2-	گرێبەست لەئیسلامدا چى دەگرێتەوە؟ جۆرەكانى بلێ؟
3-	(سەر راستی‌و كێشان‌و پێوانى دروست، چاكترە بۆ ژیانى دنیامان).</s>
     <s>ئەم دەستەواژەیە شیبكەرەوە؟</s>
</ch>