<?xml version="1.0" encoding="UTF-8"?>
<ch>
    <s>﻿وانەی شانزەم
زەكات وهەندێك لەحوكمەكانى

خوداى گەورە دەفەرموێت: ((ۆأَقِیمُوا الصَّڵاەَ ۆێتُوا الزَّكَاەَ ۆارْكَعُوا مَعَ الرَّاكِعِینَ)).</s>
    <s>(43-البقرە)
هەروەها دەفەرموێت: ((ۆأَنْفِقُوا فِی سَبِیلِ اللَّهِ ۆڵا تُلْقُوا بِأَیْدِیكُمْ إِڵى التَّهْلُكَەِ ۆأَحْسِنُوا إِنَّ اللَّهَ یُحِبُّ الْمُحْسِنِینَ )).</s>
    <s>(195- البقرە) 


پێناسەى زەكات:
ئەو بڕە ماڵەیە لەدەوڵەمەندان وەردەگیرێت ودەدرێتە هەژاران وئەو پۆلانەى لەقورئاندا دیاریكراون، بەپَیى رێ وشوێنێكى تایبەت.</s>
    <s>مەرجەكانى پێویستبونى زەكات:
زەكات پێویست دەبێت لەسەر هەركەسێك ئەم مەرجانەى تێدابن:
1- موسڵمانێتى: واتە كەسى دەوڵەمەند مەرجە موسڵمان بێت.</s>
    <s>2- سەربەستى: مرۆڤە موسڵمانەكە دەبێت سەربەست بێت، واتە كۆیلە نەبێت.</s>
    <s>بەواتاى ئەوەى خاوەندارێتى پێبكرێت.</s>
    <s>3- ماڵ وسامانى لەئاستى (نصاب)دا بێت، واتە ئەو بڕەى لەشەرعدا زەكاتى لەسەر پێویست دەبێت وگەر لەو سنورە كەمتربوو زەكات دان نایگرێتەوە.</s>
    <s>ئەمەش بەپێى جۆرى ماڵەكەیە، دراو، كشتوكاڵ، میوە، ئاژەڵ.....هتد، هەریەكەو بەئەندازەو بڕى جیا زەكاتى لەسەر پێویست دەبێت.</s>
    <s>4- تێپەربوونى ساڵێكى كۆچى بەسەر ئەو ئەندازەیەى زەكاتى لەسەر پێویست دەبێت، جگە لەكشتوكاڵ وبەروبومى میوە كەلەگەڵ دروێنە یان كۆكردنەوەى بەرهەمدا زەكاتى لێ دەردەكرێت.</s>
    <s>بڕى پێویست بۆ زەكات دانەكەش واتا(نصاب) دەبێت لەپێداویستیە سەرەكیەكانى خاوەنەكەى زیادبێت وەك پۆشاك وخۆراك وجێى حەوانەوە.</s>
    <s>5- خاوەندارێتێ تەواوى ماڵەكەى هەبێت.</s>
    <s>ئەو ماڵ وسامانەى زەكاتى لێدەدرێت پێویستە ئەم مەرجانەى تیابێت:
1- گەشەكردن: واتە یان لەگەشەكردندا بێت یاخود شایستە بێت بۆ گەشەكردن وزیادبوون.</s>
    <s>2- ئەندازەو بڕى پێویست(النصاب): بەپێى جۆرى ماڵ وكاڵاكە دەگۆرێت.</s>
    <s>3- بەتەواوى لەخاوەندارێتى خاوەنەكەیدا بێت.</s>
    <s>4- ئەو بڕو ئەندازەیە لەپێویستیە سەرەكیەكان زیاد بێت.</s>
    <s>5- ئەو ماڵ ودارایى وكاڵایە قەرزى لەسەر نەبێت لەوكاتەدا پێویست بەدانەوەى بكات.</s>
    <s>6- ساڵى كۆچى بەسەردا تێپەربوبێت جگە لەبەروبوم وكشتكارى.</s>
    <s>7- ئەو ماڵ وسامانە لەدەستكەوتى حەڵال بێت.</s>
    <s>ئەو جۆرانەى لەماڵ وسامان زەكاتیان لێدەردەكرێت
1-	زێڕو زیو ودراو.</s>
    <s>2-	ماڵى بازرگانى.</s>
    <s>3-	ئاژەڵى ماڵى(حوشتر) گاو مانگا، مەڕو بزن.</s>
    <s>4-	كشتوكاڵ وبەروبوم.</s>
    <s>5-	كانزاو خشڵ.</s>
    <s>6-	هەنگوین.</s>
    <s>7-	پشك وچەكى بانكى ووەرگرتەى كرێ.</s>
    <s>ئەوانەى زەكاتیان پێدەشێت

خوداى گەورە دەفەرموێت: (( إِنَّمَا الصَّدَقَاتُ لِلْفُقَرَا‌وِ ۆالْمَسَاكِینِ ۆالْعَامِلِینَ عَڵیْهَا ۆالْمُۆَلَّفَەِ قُلُوبُهُمْ ۆفِی الرِّقَابِ ۆالْغَاڕمِینَ ۆفِی سَبِیلِ اللَّهِ ۆابْنِ السَّبِیلِ فَڕیچَەً مِنَ اللَّهِ ۆاللَّهُ عَلِیمٌ حَكِیمٌ ))(60-التوبە)
1- هەژارەكان: ئەوانەن ماڵ وسامانیان نیەو دەرامەتیشیان نیە.</s>
    <s>2- ماڵنشین(مسكین): ئەوانەن ئەندازەى پێویستیان نیەو ئەوەى دێتە دەستیان بەشى بژێوى ناكات.</s>
    <s>3- كارمەندانى كۆكردنەوەى زەكات: ئەوانەن كەلەرێى میریەوە، یان دەستەى راسپێردراوەو كارى كۆكردنەوەو سەرژمێرى وپاراستنى ماڵى زەكات ودابەشكردنیان خراوەتە ئەستۆ.</s>
    <s>4- دڵنەواكراوان، كەدوو بەشن:
أ- ئەو بێباوەڕانەى ئومێد دەكرێت بەدڵنەواییكردن بێنە ناو بازنەى ئیسلامەوە، یان بۆ خۆ پارێزی لەشەڕیان گەر تواناى زیانگەیاندنیان هەبوو.</s>
    <s>ب- ئەو توێژە لەموسڵمانان كەئاینیان لاوازە، زەكاتیان بدرێتێ بەئومێدى دابینكرنى بژێوى گونجاو بۆیان وئامادەبوونیان بۆ تێگەیشتن وفێربوونى ئیسلام.</s>
    <s>5– ئەوانەى گیرۆدەن: واتە لەكۆیلەو كەنیزەك كەسەربەست نین، زەكاتیان پێبدرێت بەئەندازەى دەربازبون لەكۆیلایەتى و وەرگرتنى ئازادى بۆبڕیاردان.</s>
    <s>ئەم چینە لەم سەردەمە نەماون.</s>
    <s>6- قەرزاران: بەڵام هەموو قەرزارێك ناگرێتەوە، مەرجدارە.</s>
    <s>7- لەپێناوى خودادا: مەبەست لە(جیهادە)، زەكات دەدرێت لەرێى شكۆدارى وبڵند راگرتنى وشەى (لا اله الا الله)داو تێكۆشان بۆ بڵاوكردنەوەى ئیسلام.</s>
    <s>8- ئەوانەى لەنێو رێگادان: ئەو رێبوارانەى پارەیان لێ دەبرێت ودوورن لەجێی خۆیان، دەوڵەت زەكاتیان دەداتێ بەو ئەندازەیەى پێویستیان دابینكرێت تا دەگەرێنەوە شوێنى خۆیان.</s>
    <s>چۆنیەتى زەكات دان لەماڵى بازرگانى
ئەگەر بازرگان كاڵاى بەنەقدى واتە دەست بەدەست دەفرۆشت وكاڵاى نەدەهێشتەوە تا نرخى سەركەوێت وگران بێت، ئەوە ساڵانە كاڵا بازرگانییەكانى دەقەبلێنى (تەنانەت گەر زیانیشى لێكەوتبێت چەند ساڵێك) ولەگەڵ دەستمایەكەى پێكەوە زەكات لەهەمووى دەدات.</s>
    <s>هەروەها زەكات دەردەكات لەو قەرزەى بەلاى كەسێكەوە یان وەك كاڵاى بازرگانى داویەتى پێى وكاتى وەرگرتنەوەى هاتوەو بەتەمایەتى.</s>
    <s>بەڵام ئەو ماڵ وكاڵایەى قەرزە لاى كەسێكى وا ناتوانێ بیداتەوە یان ستەمكارەو داگیرى كردوەو بەتەماى نیە، زەكاتى لەسەر نیە، مەگەر دواى وەرگرتنەوەى.</s>
    <s>هەروەها ئەو ماڵەى لەسەرخۆى قەرز بێت یان بەپێشینە (سلفە) وەرى گرێت وبیداتە قەرز زەكاتى لێنادرێت تا نەبێتە ماڵى خۆى.</s>
    <s>پرسیار
1-	مەرجەكانى زەكاتدان كامانەن؟
2-	ئەو چینانە كێن زەكاتیان پێدەشێت؟
3-	دڵنەواكراوان كێن؟
4-	زانایان بەچ بەڵگەیەك دەلێن زەكاتى كاڵا بازرگانیەكان پێویستە بدرێت؟
چالاكى
ئەم ئایەتە لەبەربكە: (( ۆێمِنُوا بِمَا أَنْزَلْتُ مُصَدِّقًا لِمَا مَعَكُمْ ۆڵا تَكُونُوا أَوَّڵ كَافِرٍ بِهِ ۆڵا تَشْتَرُوا بِێێاتِی پَمَنًا قَلِیلًا ۆإِیَّاێ فَاتَّقُونِ (41) ۆڵا تَلْبِسُوا الْحَقَّ بِالْبَاگِلِ ۆتَكْتُمُوا الْحَقَّ ۆأَنْتُمْ تَعْڵمُونَ (42) ۆأَقِیمُوا الصَّڵاەَ ۆێتُوا الزَّكَاەَ ۆارْكَعُوا مَعَ الرَّاكِعِینَ))(41-43البقرە).</s>
</ch>