<?xml version="1.0" encoding="UTF-8"?>
<ch>
    <s>﻿
وانەی هەژدەم
لەمافەكانى موسڵمان لەسەر موسڵمان
دوركەوتنەوە لەقسەى ناشیرین وناوزڕاندن وناو ناتۆرەو، دركاندنى نهێنى یەكدی

جنێودان وناوهێنانى یەكدى بەتانەو تەشەر ودەرخستنى كەم وكورى دوورن لەرەفتارى مرۆڤى موسڵمان وبەپێشیل كردنى مافى یەكدى دەژمێردرێن.</s>
    <s>پێغەمبەرى ئیسلام (د.خ) دەفەرموێت: ((لیسَ المۆمنُ بالگعّانِ ولا اللعّانِ ولا الفاحشِ البژی‌و )).</s>
    <s>هەروەها دەفەرموێت: ((مَنْ سترَ عورەَ أخیهِ المسلم فی الدنیا سترَ الله عورتَهُ یومَ القیامە)).</s>
    <s>بۆیە پێویستە دووربین لەرەفتارو ئاكارى ناپەسەندو ئەوەى بۆ خۆمان پێمان ناخۆشە بۆكەسى بەرانبەر بەكارى نەهێنین، چونكە دەبێتە هۆى:
1-	تێكچونى پەیوەندییەكان.</s>
    <s>2-	دوشمنایەتى نێوان تاكەكان وكۆمەڵگەش.</s>
    <s>3-	لەكەداركردن وروشاندنى كەسایەتى.</s>
    <s>بەڵكو لەجیاتى ئەو ئاكارانە خۆشەویستى وئەمەك وهۆگرى لەنێوان تاكەكاندا بروێت وچرۆبكات، تا پەیوەندیەكان پتەوو ژیان ئاسودە بێت.</s>
    <s>پاراستنى نهێنى ونەدركاندنى

یەكێكى تر لەو مافانەى پێویستە لەنێوانماندا پارێزراو بێت پاراستنى نهێنى وناتەواوى یەكترە، نهێنى سپاردەیەو سپاردەش لێپرسینەوەى هەیە، پێغەمبەرمان (د.خ) دەفەرموێت: ((اژا حدپ الرجلُ بحدیپٍ پُمَّ التفتَ فَهو أمانَەٌ)).</s>
    <s>واتە گەر كەسێك لەكاتى گێرانەوەى قسەیەكدا چاوى دەگێڕا كەواتە نهێنى تیابوەو پێویستى بە نەدركاندنە، ئەمەش بەشێكە لەرەوشتى بەرزو پاراستنى سپاردە.</s>
    <s>نهێنیەكان سێ جۆرن:
1- ئەوانەى شەرعى ئیسلام فەرمانى كردوە بە نەدركاندنیان.</s>
    <s>2- جۆرێكیش ئەوەیە خاوەن نهێنیەكە داواى نەدركاندنى دەكات.</s>
    <s>3- ئەو جۆرەى پێویستە نەدركێنرێت بەڵام لەرێى پیشەو كارەوە ئاشكرا بووبێت.</s>
    <s>گفتوگۆ
1- ئاشكراكردنى نهێنى وناتەواوى خەڵك دەبێتە هۆى ئـ-  .............. ب- ............ 
 پ- ............
2- جۆرەكانى نهێنى ئـ-  .............. ب- ............  پ- ............
3- نهێنى ........................ یەو دركاندنى لەشەرعدا ................ .</s>
    <s>4- ................ مافیان بەسەریەكەوە هەیە لەو مافانەش پاراستنى .............. یە.</s>
</ch>