<?xml version="1.0" encoding="UTF-8"?>
<ch>
     <s>﻿
وانەی بیست‌و دووەم
عەلى كوڕى ئەبى تالیب
خودا لێى رازى بێت
ناوو نازناوى:
ناوى (عەلى كوڕى ئەبى تالب (عەبدولمەناف)ى كوڕى عەبدولموتەلیب كوڕى هاشم)ە ئامۆزاى پێغەمبەرى خودایە (د.خ) بە(ئەبوحەسەن) ناسراوە، نازناوى (أمیر المۆمنین)ەو، چوارەم جێنشینى راشدینە.</s>
     <s>10 ساڵ پێش هاتنى سروش بۆپێغەمبەر (د.خ) لەدایك بووە لەساڵى (40)ى كۆچیدا كۆچى كردووە.</s>
     <s>گیانى خۆى بۆپێغەمبەر بەختكردووە.</s>
     <s>ئەو شەوەى پێغەمبەر (د.خ) مەككەى بەجێهێشت وكۆچى كرد بۆمەدینە، عەلى كوڕى ئەبى تالیب لەجێگەكەیدا مایەوە لەبەر دوو هۆ:
1-	سەرتێكدان لەو جەنگاوەرە قورەیشیانەى هاتبون پێغەمبەر (د.خ) بكوژن، تا هەست نەكەن لەماڵ چۆتە دەرەوە.</s>
     <s>2-	بەمەبەستى گێڕانەوەى سپاردەكان بۆخاوەنەكانیان كەلاى پێغەمبەر (د.خ) دایان نابوو.</s>
     <s>بەشداریەكانى پێشەوا عەلى لەچالاكیە جەنگیەكاندا

مێژوونوسان كۆدەنگن لەسەر بەشداریكردنى پێشەواعەلى لەجەنگى بەدرو گۆڕەپانەكانى دیكەى جەنگدا جگە لەتەبوك، لەزۆر جێیشدا پێغەمبەر (دخ) ئاڵاى دەدایە دەستى.</s>
     <s>گرینگترین ئەو جەنگ وهێرشانەى بەشداربوە تیایدا ئەمانەن:
1-	دەستە نێردراوەكان (حركە السرایا).</s>
     <s>2-	غەزوەى قوشەیرە.</s>
     <s>3-	جەنگى بەدرى یەكەم.</s>
     <s>4-	جەنگى ئوحود.</s>
     <s>5-	جەنگى بەنى نەزیر.</s>
     <s>6-	جەنگى حمرا‌و الاسد.</s>
     <s>7-	جەنگى ئەحزاب (خەندەق).</s>
     <s>دەنگدان بەجێنشینی عەلى كوڕى ئەبى تالیب

     بەهەلبژاردن پێشەوا عەلى كرایە جێنشین ئەمەش دواى شەهیدبونى جێنشینى سێیەم(عوسمان كوڕى عەففان)، چونكە لەمەدینەدا كەسیان لەو شایستەتر بەدینەكرد هەرچەندە خۆى نەیدەویست ئەو بەرپرسیە وەرگرێت.</s>
     <s>بەڵام سوربوونى هاوەڵان لەسەر دەنگدان بەپێشەوا عەلى ناچارى كرد ئەو ئەركە قەبوڵكات.</s>
     <s>ماوەى جێنشینى (4ساڵ و9مانگ و3رۆژ) بوو.</s>
     <s>واتاى چەمكى كارگێرى لاى پێشەواى موسڵمانان، عەلى(ر.خ)

1-	بوونى شارەزایى زانست.</s>
     <s>2-	لەناوبردنى دۆگمایى.</s>
     <s>3-	چاودێرى هۆشیارانە.</s>
     <s>4-	كار پێسپاردن بەپێى رێساى پێویست، نەك لەرێى پەیوەندیى كەسییەوە.</s>
     <s>گفتوگۆ

1-	ماوەى جێنشینى عەلى كوڕى ئەبى تالیب چەندبوو.</s>
     <s>2-	هەڵبژاردنى عەلى بە جێنشین چۆن بوو.</s>
     <s>3-	چاودێرى لەكارگێریدا دەبێت چۆن بێت.</s>
</ch>