<?xml version="1.0" encoding="UTF-8"?>
<ch>
    <s>﻿

وانەی نۆزدەم
پاوانكارى وشاردنەوەى شمەك

پاوانكارى بریتیە لە: شاردنەوە یان دەستبەسەراگرتنى كاڵا سەرەكیەكانى ژیان وەك خۆراك لەلایەن كەسانێكەوە بەمەبەستى بەرز بوونەوەى نرخ وفرۆشتنى لەكاتى گرانبونیدا بەهاووڵاتیان.</s>
    <s>جۆرەكانى پاوانكارى

1- پاوانكارى لەلایەن كەمینەیەكەوە: واتە ژمارەیەكى كەم لەبەرهەمهێن یان فرۆشیار دەست بەسەر كاڵایەكى دیاریكراودا دەگرن وكاتێك دەیخەنە بازاڕ نرخى بەرزبوبێتەوە بەهۆى كەمبونەوەى یاخود نەمانى لەبازاڕدا.</s>
    <s>2- پاوانكارى دولایەنە: واتە بەرهەمهێن یان سەرمایەدار لەگەڵ كەسێك رێكدەكەون وبەهەردوكیان سەبارەت بەو كاڵا تایبەتە یارى بەنرخى دەكەن وناهێڵن دەست بەدەستى دیكە بكات.</s>
    <s>3- پاوانكارى تەواو: بە دەستبەسەراگرتنى كاڵایەك دەڵێن لەلایەن كەسێكەوەو، نەبونى هاوشێوەى دیكەى ئەو كاڵایە لەبازاڕو دەرەوەشدا، بەمەش هەرخۆى بەتەواوى دەتوانێت یارى بەنرخى بكات.</s>
    <s>4- پاوانكارى دەوڵەت: كاتێك دەوڵەت بەرهەمهێنانى كاڵایەكى دیاریكراو پاواندەكات ولەبازاڕ دەیگرێتەوە، نرخى سەردەكەوێت وهاووڵاتى زیانمەند دەبێت.</s>
    <s>ئەمەش جۆرێكە لەپاوانكارى.</s>
    <s>زیان و دەرەنجامە خراپەكانى پاوانكارى

ئابورى وڵات گەر بەسستەمى سۆسیالیستى بەرێوەدەچو، واتە دەوڵەت سەرپەرشتى دەكرد ئەوا ئامرازەكانى بەرهەمهێن لەدەستى دامەزراوە دەوڵەتیەكاندا دەبێت وتاك رۆلى نابێت، واتە پاوانكارى دەوڵەت روودەدات، بەپێچەوانەشەوە لەسستەمى سەرمایەداریدا تاك رۆڵ دەگێڕێت لەپاوانكارى بازاڕدا.</s>
    <s>لەهەردوو حاڵەتدا هاووڵاتى باجەكەى دەدات كەكۆمەڵێك مەترسیان لێدەكەوێتەوە، لەوانەش: 
1- پاوانكارى دەبێتە هۆى كوشتنى گیانى كێبڕكێى نێوان تاكەكان ودەوڵەتانیش وبەرهەم لەرووى جۆرو ئاستەوە چەق دەبەستێت.</s>
    <s>2- زۆرجار پاوانكار ناچار دەبێت برێك لەداهات وكاڵاكان لەناوببات بەسوتاندن یان فڕێدان بەمەبەستى راگرتنى بەها لەئاستێكداو، دانەبەزینى نرخ لەبازاڕدا.</s>
    <s>3- لەرووى پەیوەندیە كۆمەلایەتیەكان وئاستى تاكیشدا ناتەبایى وكینە دەنێتەوەو كۆمەڵگە زیانمەند دەبێت.</s>
    <s>4- بەهۆى پاوانكارییەوە چەندین دەردى كۆمەڵایەتى وئابورى كوشندەى وەك بێكارى وهەڵاوسان وداڕمانى ئابورى ودیاردەى بەرتیل و دوو رویى ودزى وفێڵ....هتد لەكۆمەڵگەدا سەرهەڵدەدەن.</s>
    <s>دژایەتى وبەگژاچونەوەى ئیسلام بۆ پاوانكارى

ئاینى ئیسلام بەتوندى دژى پاوانكارى وسودى ناڕەواو شاردنەوەى قوتى بژێوى مرۆڤەكان دەوەستێت، بەڵكو دژ بەوانەى سوودى ناشەرعى دەبینن لەمامەڵەو بازرگانیدا جەنگى راگەیاندوە، لەلایەن خوداو پێغەمبەرەوە (د.خ) لەقورئانى پیرۆزدا.</s>
    <s>هەروەها پێغەمبەر (د.خ) فەرمویەتى ((لا ێحتكِرُ الاّ خاگی‌و)).</s>
    <s>(ئیمام ئەحمەدو موسلیم وئەبوداود گێڕاویانەتەوە).</s>
    <s>دیسان دەفەرموێت (د.خ): ((مَن إحتكرَ على المسلمین گعامهم چربه الله بالجژام والافلاس)) (ئیبن ماجە گێڕاویەتەوە).</s>
    <s>رێبازەكانى چارەسەركردنى پاوانكارى

ئاینى ئیسلام بەرانبەر ئەم دیاردە ترسناكە هەڵوێستى هەیەو بەچەند شێوازێك بەرەنگارى دەبێتەوەو دەیەوێت شوێنەوارەكانى لەكۆمەڵگەدا بسڕێتەوە، لەم شێوازو رێبازانەش: 
1- هۆشیارى پێدان وترساندنى پاوانكاران لەلایەن فەرمانڕەواو بەرپرسانى وڵاتەوە بەخستنە بازاڕى كاڵا شاردراوەكان بەنرخى گونجاو، لەكاتى سەرپێچیشدا واپێویست دەكات كاربەدەستان دەست بەسەر ئەو كاڵایانەدا بگرن كەبژێوى خەڵكیان لەسەرەو لەرێى دەوڵەت خۆیەوە بفرۆشرێن، ومافى خاوەنەكەشى پارێزراو دەبێت.</s>
    <s>2- دەوڵەت هەڵدەستێت بەهاوردەكردن یان بەرهەمهێنانى جۆرى ئەو كاڵا سەرەكیانەى شاردراونەتەوە، بەجۆرێك لەبازاڕەكاندا دەستەبەرببن بۆ هاووڵاتیان وپاوانكاران ناچاربكرێن دەست لەشاردنەوە هەڵگرن، بەمەش نرخ دادەبەزێت وپیلانى گرانفرۆشان پوچەڵدەبێتەوە.</s>
    <s>3- واڵاكردنى دەروازەى بازرگانى وئالوگۆر لەگەڵ دەوڵەتانى دیكەداو ئاسانكارى بۆهاوردەكردنى بڕى پێویستى كاڵا سەرەكیەكان، تا بازاڕەكان چۆل نەبن لەكاڵاو چاوچنۆكان هەلەكە نەقۆزنەوە بۆ گرانفرۆشى.</s>
    <s>4-  نرخدانان: لەدۆخێكى تایبەتدا دەوڵەت بۆى هەیە نرخ لەسەر كاڵا پێویستەكان دابنێت بەشێوەیەك نەكڕیارو نەفرۆشیار زەرەرمەند نەبن، ئەمەش بەشێوەى كاتى ودواى چەند قۆناغێك لەچارەسەرى بێ ئەنجام.</s>
    <s>چونكە نرخ دانان پرەنسیپێكى كاتى وناچاریە، ئەگەرى دروستبونى ستەم هەیە گەر بەرەهایى پەیڕەوبكرێت.</s>
    <s>پێغەمبەرى خودا (د.خ) پێى خۆشنەبوە لەكاتى گرانیدا پەناببرێت بۆئەو بنەمایە، بەدەگمەن نەبێت.</s>
    <s>بەم شێوەیە ئاینى پیرۆزى ئیسلام بەچەندین شێواز رووبەرووى گەندەڵى وپاوانكارى دەبێتەوە بێ ئەوەى ستەمیش لە فرۆشیار بكات چونكە ئاینى هەموانە.</s>
    <s>دژ بەبازرگان ودەوڵەمەندیش نیە، بەڵكو بازرگانى دەستپاك وهەرزانفرۆش لەریزى چاكاندا هەژمار دەكات وهەمیشە هەوڵى پێكەوە ژیان وتەبایى دەدات لەنێو چین وتوێژەكانى كۆمەڵدا.</s>
    <s>پرسیار
1-	پاوانكارى چیە؟ رونى بكەرەوە.</s>
    <s>2-	بوارەكانى پاوانكارى كامانەن؟ باسیان بكە.</s>
    <s>3-	مەترسیەكانى دیاردەى پاوانكارى بژمێرە؟
4-	رێبازەكانى چارەسەرى ئەم دیاردەیە لەئیسلامدا كامانەن؟ بیان ژمێرە.</s>
    <s>چالاكى

ئەم دوو فەرمودەیەى پێغەمبەر (د.خ) سەبارەت بەگرانفرۆشى بخوێنەرەوەو لەبەریان بكە:
1-	مَنْ إحْتكَرَ حكرەً یُریدُ أنْ ێغلی بها على المسلمینَ، فهۆ خاگِی‌وٌ.</s>
    <s>2-	مَنْ إحْتكَرَ على المسلمینَ گَعامَهم، چربَهُ الله ُ بالجُژامِ والافلاس.</s>
</ch>