<?xml version="1.0" encoding="UTF-8"?>
<ch>
    <s>﻿
وانەی یانزەم
مەرجەكانى پێویستبونى رۆژو
ئـ - ئیسلامبوون.</s>
    <s>ب - ژیرى‌و ئاوەز.</s>
    <s>بۆیە شێت رۆژوى لەسەر نیە.</s>
    <s>پ ـ پێگەیشتویى(بلوغ).</s>
    <s>چونكە مەبەست گوێڕایەڵ بوونەو منداڵیش ئەركى ئەم كارەى لەسەر نیە.</s>
    <s>مەرجەكانى بەرۆژوبوون

1-	تەندروستى‌و لەش ساغى، خودا دەفەرموێت: (( ومَنْ كانَ مَریچاً أو على سَفَرٍ فَعِدَّەٌ مِن أَیّامٍ أُخَر))(185-البقرە)
2-	نیشتەجێى.</s>
    <s>واتە رێبوار نەبێت.</s>
    <s>3-	بۆ ئافرەتان(لەسوڕى مانگانەو بێنوێژى دواى منداڵبوون)یشدا نابێت.</s>
    <s>سوننەتەكانى رۆژو

1-	پارشێوكردن.</s>
    <s>پێغەمبەر(د.خ) دەفەرموێت: ((تَسَحَّروُُا فَإنَّ فی السُّحوڕ بركەً)).</s>
    <s>2-	دواخستنى پارشێو بۆ نزیكى بانگى بەیانى و پەلەكردن لەبەربانگ كردنەوەدا، هەر كەبانگى دا.</s>
    <s>3-	بەربانگ كردنەوە بەچەند دەنكە خورمایەك، یان ئاو.</s>
    <s>4-	دوعاكردنى كاتى بەربانگ، پێغەمبەر (د.خ) لەكاتى رۆژوشكاندندا، دەیفەرموو: ((ژهبَ الڤَمَأُ وێبتَلَّتِ العروقُ، وپبتَ الأجرُ إنْ شا‌ۆ الله تعالى)).</s>
    <s>ئەو رەفتارو هەڵوێستانەى رۆژو دەشكێنن یان لەكەدارى دەكەن

بەم ئاكارو هەڵوێستانەى خوارەوە رۆژو یان بەتال دەبێتەوە یان لەكەدار دەبێت: لەئاین پاشگەزبوونەوە، رودانى بێنوێژى بۆ ئافرەت، خواردن و خواردنەوەو خۆرشاندنەوە، چونە ناوەوەى هەرتەنێك لەرێى بۆشاییە ئاساییەكانەوە بۆناو لەشى مرۆڤ ، ئەنجامدانى كارى سیكسى، هەموو ئەمانە رۆژو بەتاڵ دەكەنەوە گەر بەئاگاییەوە ئەنجامدران، لەوانەش كەرۆژو لەكەداردەكەن زیادە رەوى لەبەركارهێنانى بۆن و ئاو لەدەم وەردانى زیاد لەپێویست.</s>
    <s>گفتوگۆ

1-	مەرجەكانى پێویستبونى رۆژو چیە؟
2-	ئەو ئاكارانەى دەبنە هۆى تێكدان و بەتاڵكردنەوەى رۆژو كامانەن بیانژمێرە؟</s>
</ch>