<?xml version="1.0" encoding="UTF-8"?>
<ch>
     <s>﻿
وانەی حەوتەم

رێزگرتن لە ئیسلامدا

     پرسى رێزگرتن لەنێو مرۆڤەكاندا پرسێكى خوازراوو گرنگە، موسڵمانان پێویستە بیكەنە سیماى خۆیان‌و بە بەهایەكى باڵاى مرۆیى بزانن.</s>
     <s>پێغەمبەرى خودا(دخ) فەرمویەتى: ((ما من مسلم یكرم ژا الشیبەِ،ً إلاّ قیّچَ اللهُ له مَن یُكڕمُه فی سِنِّهِ))(رواه الترمژی).</s>
     <s>پێغەمبەرى سەروەرمان محمد(دخ) لەو فەرموودەیەى سەرەوەدا بانگهێشتى كردوین بۆ ئەو بەهایە، كە ئاكارێكى پەسندو باڵایەو رونى كردۆتەوەو گەر لاوێك رێزو شكۆمەندى بۆ بەساڵاچویەك دابنێت، خوداى پەروەردگار دڵى كەسانى گەنج بۆ ئەویش نەرم دەكات، كاتێك تەمەنى چووە سەرەوە بۆ ئەوەی رێزى بگرن.</s>
     <s>بۆیە پێغەمبەر(دخ) كلتورى رێزگرتنى بە بەشێكى سەرەكى بەرنامەى ژیانى رۆژانەى موسڵمانان لەقەڵەمداوە.</s>
     <s>هەر لەرێى رێزگرتن‌و خوێندنەوەى بەرانبەریشە، دەتوانین بچینە دڵى یەكدی‌و یەكدیمان خۆشبوێت.</s>
     <s>رێزگرتن لەئاینى ئیسلامدا پێگەى دیارى هەیە و جەختى لەسەر كراوەتەوە، ئەم سیفەتە لەئاكارى باوەڕدارانەو پێویستە ئەوان پێشەنگ بن و رێز لەم كەسایەتى و بوارانە بگرن: 
1-	كەسانى بەتەمەن و بەساڵاچو.</s>
     <s>پێغەمبەر(د.خ) فەرمویەتى:((لیسَ مِناّ مَن ڵم ێرحَمْ صغیرَنا ویُۆقَّرْ كبیرَنا)) واتە: ئەو كەسەى بەزەیى بەبچوكەكانماندا نێتەوە رێزى شایستە لەگەورەكانمان نەگرێت، لەئێمە نیە.</s>
     <s>2-	رێز لەمامۆستایان بگرن لەبەر زانست و پلەى زانیارییان، یەكێك لەفێرخوازانى بەردەستى پێشەوا شافیعى دەلێت: (سوێند بەخودا لەرووى شافیعیدا تەنانەت ئاوم بۆ نەدەخورایەوە).</s>
     <s>3-	رێز لەكارگوزارانى قوتابخانە بگیرێت لەبەر ماندوبوونیان.</s>
     <s>4-	رێزگرتن لەمیوان لەئاكارى باوەڕدارانە، پێویستە روومان لەگەڵیان خۆشبێت وپێشوازییان لێبكەین بێ جیاوازى كردن لەنێوان هەژارو دەوڵەمەندا.</s>
     <s>5-	رێزى هاوبەش لەنێوان كارمەندان و هاوڵاتیان تا كارەكانیان بە شێوەیەكى گونجاو رایى بكرێت.</s>
     <s>6-	رێزگرتن لەنێوان كریارو فرۆشیاران، مامەڵە خۆشى و سانایى لەفرۆشدا.</s>
     <s>پێغەمبەر(د.خ) فەرمویەتى: ((رَحِمَ اللهُ إمر‌واً سَمحاً إژا باع وإژا ێشترى، وإژا إقتچى)).</s>
     <s>واتە: (خودا رەحم بەمرۆڤى ئاسانكارو لێبوردەبكات، لەفرۆشتن‌و كڕین هەروەها دادوەریدا).</s>
     <s>7-	 رێزگرتنی شوێنكەوتوانی ئاینەكانی دیكە.</s>
     <s>8-	 رێزگرتنی یاسا بە جێبەجێكردنی.</s>
     <s>ئەو مرۆڤەى رێزدارەو رێز لەكەسانى دیكە دەگرێت خاوەن دەروونێكى پوختەو ئاكارى بەرزە.</s>
     <s>لەرەفتارو گوفتاریدا ئەم هەڵوێستانەى خوارەوە بەرجەستە دەبێت:
1-	بە وشەى جوان و زمانى شیرین لەگەڵ خەڵك دەدوێت.</s>
     <s>2-	بەروویەكى كراوەو زەردەخەنەوە رووبەرووى خەڵك دەبێتەوە.</s>
     <s>3-	بەخۆشترین ناو لاى خاوەنەكەى بانگى دەكات.</s>
     <s>4-	دەستپێشخەرى دەكات لەسڵاوكردندا.</s>
     <s>5-	بەگەرمى دەست لەناو دەستى هاورێیانى دەنێت.</s>
     <s>6-	گوێ بۆ وتەو راى كەسانى دیكە شلدەكات و قسەیان پێنابڕێت و بایەخى دەداتێ.</s>
     <s>7-	بە ئەندازەی پێویست دەنگ بەرزدەكاتەوە، چونكە دەنگ هەڵبرین لەئادابى ئاخاوتن نیە.</s>
     <s>8-	هەڵس و كەوتى لەگەڵ هاورێیانى شیرینە.</s>
     <s>9-	زۆربەى كات بەرژەوەندى خۆى دەكاتە قوربانى بەرژەوەندى گشتى.</s>
     <s>10- بەدیارى ناردن، خزمان و دۆستانى، بەسەردەكاتەوە.</s>
     <s>11- بەدڵفراوانییەوە بەرەو رووى ئازارو گازندەكانى خەڵك دەبێتەوە.</s>
     <s>سوود لەم وانەیە:
1-	بە رێزگرتنى باوك و دایكم دەیسەڵمێنم خۆشم دەوێن.</s>
     <s>2-	كاتێك باوك و دایكم قسەم بۆ دەكەن، گوێگرتنم بۆیان بەڵگەیە لەسەر هەستكردنم بە بەرپرسى.</s>
     <s>3-	بەجێهێنانم بۆ ئامۆژگارییەكانى بابەو دایە دەیسەلمێنم ژیرو بە ئەدەبم لەماڵ و قوتابخانە.</s>
</ch>