<?xml version="1.0" encoding="UTF-8"?>
<ch>
    <s>﻿
 وانەى یانزەم
دلسۆزى لەكاركردندا
پێغەمبەر(د.خ) فەرمویەتى:((إنّ الله عزّ وجڵ یحبُّ إژا عمڵ أحدُكم عملاً أنْ یُتقِنَهُ)).تەبەڕانى ریوایەتى كردووە ، واتە پێغەمبەر (د.خ) فەرمویەتى: خوداى گەورە ئەو كەسانەى خۆش دەوێت كەكارێكیان كرد بەكارامەیى ودڵسۆزى بیكەن.</s>
    <s>ئاینى ئیسلام بەڕێزەوە دەروانێتە كاركردن، وهانى موسڵمانەكانى داوە بۆكاركردن وگرنگیەكى زۆرى پێداوە.</s>
    <s>چونكە كاركردن بناغەى شارستانێتى وپێشكەوتنە.</s>
    <s>وخوداى گەورە دەست خۆشى لەو كرێكارانە دەكات كەكاردەكەن لەپێناو خۆیان وخێزانەكانیاندا.</s>
    <s>خوداى گەورە دەفەرموێت: [ۆقُلِ اعْمَلُوا فَسَێرَى اللَّهُ عَمَڵكُمْ ۆرَسُولُهُ ۆالْمُۆْمِنُونَ...] (التوبە105).</s>
    <s>چونكە چاكەكردن خوداپەرستییەو زادەى ژیانێكى ئازادو بەرزەو پێویستە لەسەر موسڵمان كەدڵسۆزبێت لەكارەكەیدا لەپێناو خزمەتكردنى كۆمەڵ ونیشتمان.</s>
    <s>وپێویستە لەسەر موسڵمان ژن یان پیاو ولەهەر شوێنێكدا كاردەكەن وچ پلەو پایەكیان هەبێت كاربكەن بەتواناو چالاكى تەواو لەپێناو بنیاتنانى داهاتویەكى پرشنگدار.</s>
    <s>خودا دەفەرموێت: [...فَمَنْ كَانَ ێرْجُو لِقَا‌ۆ رَبِّهِ فَلْێعْمَلْ عَمَلًا صَالِحًا...] (الكهف110).</s>
    <s>پزیشك پێویستە دڵسۆز بێت لەكارەكەیدا بەرامبەر نەخۆشەكانى لەدەست نیشانكردنى نەخۆشى وپێدانى چارەسەرو دیاریكردنى دەرمان.</s>
    <s>وئەندازیار پێویستە دڵسۆز بێت لەكاتى سەرپەرشتى كردنى باڵەخانەكاندا لەپێناو ساغ وسەلامەتى هەمواندا و دەرخستنى روكەشێكى بیناسازى جوان.</s>
    <s>مامۆستاش پێویستە كارەكانى بەدڵسۆزى ئەنجام بدات لەپێگەیاندنى نەوەیەكى نوێ وپەروەردەكردنى خوێندكارو قوتابیان لەسەر رێبازێكى راست.</s>
    <s>وكرێكاران بەهەموو جۆرە پیشەكان پێویستە كاربكەن بەهەموو تواناو چالاكى وسستى نەكەن لەئەنجام دانى كارەكانیاندا.</s>
    <s>هەروەها بۆ هەموو ئەندامانى كۆمەڵ هەركەس بەپێى كارەكەى.</s>
    <s>مەرجەكانى دڵسۆزى لەكاركردندا:
1-	پابەندبوون بەكاتى دیاریكردنى دەوام ونەچونە دەرەوە.</s>
    <s>2-	تەواوكردنى هەركارێك كەپێت سپێردرا بەپێى پێوەرە داواكراوەكان.</s>
    <s>3-	ووردبینى لەكارەكانداو هەستكردن بەپەرسیارێتى وپشت گوێ نەخستنى كارەكان.</s>
    <s>4-	دەست پاكى وبەرەنگاربونەوەى گەندەڵى ووەرنەگرتنى بەرتیل یان دەستكەوتنى سوود بەرێگاى نادروست.</s>
    <s>5-	جێبەجێكردنى بنەماى دادوەرى ویەكسانى لەنێوان ئەندامانى كۆمەڵدا.</s>
    <s>گفتوگۆ
1-	بۆچونى ئیسلام بەرامبەر كاركردن چیە؟
2-	بەڵگە بەئایەتێكى قورئان بهێنەرەوە باس لەگرنگى وراستگۆیى لەكارەكاندا بكات.</s>
    <s>3-	گرنگترین مەرجەكانى دڵسۆزى لەكاركردن دا چین؟
4-	قوتابى چۆن ئەبێت دڵسۆز بێت لەكارەكەیدا؟
5-	هەندێك لەو سەرپێچیانە دەستنیشان بكە كە هەندێك لەكارمەندانى دەزگاكانى حكومەت پێى هەڵدەستن.</s>
</ch>