<?xml version="1.0" encoding="UTF-8"?>
<ch>
     <s>﻿حكومەتی هەرێمی كوردستان – عیراق
وەزارەتی پەروەردە
بەڕێوەبەرایەتی گشتیى پڕۆگرام و چاپەمەنییەكان



پەروەردەی ئیسلامی وئاینناسى

پۆلی دوازدەیەمى ئامادەیی


ئامادەكردنى 
لیژنەیەك لە وەزارەتی پەروەردە

پێداچوونەوەی زانستى
د. محمد شاكر محمدصالح
ڕاگرى كۆلێژى زانستە ئیسلامییەكان
زانكۆى سەلاحەدین/ هەولێر 

پێداچوونەوەى زمانەوانى 
لیژنەیەكی پسپۆر لە ئەكادیمیای كوردی


چاپی چوارەم                            1439 كۆچی                      2018زایینى                     2718كوردی


سەرپەرشتى زانستى:    عبدالله  عبدالرحمن عبدالله
سەرپەرشتى هونەریی چاپ: عوسمان پیرداود كواز
                                       ئارى محسن احمد     
نەخشەسازى ناوەرۆك و بـەرگ و ئەرشیفى وێنەكان و بژارى هونەرى:  ئارى محسن احمد
جێبەجێكردنى بژارى هونەرى: ئارى محسن احمد		                 

پێشەكی
     مامۆستایان‌و قوتابیانى خۆشەویست، ئەمەى لەبەر دەستاندایە بەرنامەى بڕیار لەسەر دراوى بابەتى (پەروەدەى ئیسلامى و ئاینناسى) یە بۆ پۆلى دوازدەیەمى ئامادەیی‌و قۆناغی سێیەمی خوێندنی پیشەییە، لە لایەن وەزارەتى پەروەردەى حكومەتی هەرێمی كوردستانەوە، ئەم بەرنامەیە بە هەنگاوێكی گەورە لە بواری وتنەوەی ئەم بابەتە دەژمێردرێت، چونكە چەندەها ساڵە ئەم بابەتە لە ژێر باری بەرنامەیەكى كلاسیكی كۆنەوە دەناڵێنێت، كە نەیتوانی ئامانجی وتنەوەی ئەم بابەتە بپێكێت، بۆیە لە پاش ئەنجامدانی چەندەها لێكۆڵینەوەی مەیدانی لە لایەن پسپۆڕانی ئەم بوارەوە،  وەزارەتی پەروەردەی حكومەتی هەرێمی كوردستان بە پێویستی زانی بەرنامەیەكى نوێ بۆ ئەم بابەتە دابڕێژرێت، كە بگونجێت لەگەڵ پێشكەوتنە كۆمەڵایەتییەكان،‌و ڕێنیشاندەربێت بۆ قوتابییە خۆشەویستەكانمان لە ناسینەوەی ڕاستیی ئاینە پیرۆزەكەیان،‌و هەروەها زانیارییان لە سەر ئاینەكانی دیكەش هەبێت، بۆ دەوڵەمەند كردنی باری مەعریفیان، چونكە زۆربەی ئەم ئاینانە لە كوردستان‌و عیراق شوێنكەوتویان هەیە.</s>
     <s>بە خوێندن‌و خوێندنەوەى بابەتەكان ئەوەتان بۆ  ڕووندەبێتەوە كە بابەتەكان بەشێوازێكى هاوچەرخانە ئامادەكراون‌و دەخوازن دیدێكى كراوەو ڕۆشن‌و بێ گرێ‌و گۆڵ بۆ قوتابیان دروست بكات‌و بیانپارێزێت لە تێگەیشتنى ناڕاست‌و كەم‌وكورت دەربارەى ئیسلام وەك ئاینى زۆرینەى هەرە زۆرى كۆمەڵەكەمان.</s>
     <s>هەروەها تازەگەرى لە چۆنیەتى خستنەڕووى بابەتەكانیش كراوە، لە كۆتایى بابەتەكاندا كۆمەڵێك پێشنیازو گفتوگۆو پرس وروژێنراوە بۆ ئەوەى قوتابیانیش بەشدارى لە دەوڵەمەند كردنى وانەكەدا بكەن‌و تەنها وەك ئەركێكى قوتابخانەى خۆیان نەچنە پۆلەكانەوە بەڵكو مەبەستیان سود وەرگرتن‌و پەروەردەبوون‌و بەرزكردنەوەى ئاستى هۆشیارى خۆیان بێت، ئێمە دڵنیاین ئەم بەرنامەیە دەبێت بە یەكێك لە بەرنامە پێشكەوتووەكانى، نەك تەنها لە عیراق بەڵكو لە خۆر هەڵاتى ناوەڕاستیش‌و ڕۆڵى زۆر دەبێت لە بەرزكردنەوەى ناو و ناوبانگى هەرێم‌و بەرەو پێشبردنى ڕەوتى بیرى چاكسازیى لە بوارى فیكرى ئیسلامى‌و بەرنامەى ئایین لە ناوەندەكانى خوێندندا، هیوادارین مامۆستایانیش وا سەیرى ئەم بابەتە بكەن كە ڕۆڵێكى گەورە دەگێڕێت لە پەروەردەكردن‌و پاراستنى شوناسى نەوەى نوێ‌و كردنەوەى ئاسۆى نوێ بەڕوویدا هەر لەو سۆنگەشەوە بە بایەخەوە بابەتەكانى بە قوتابیان بڵێنەوەو ئەركى سەرشانیان لەم ڕووەوە جێبەجێى بكەن.وئەم چەند خاڵەش وەك ڕێنوێنی‌و ئاسانكاری دەخەینە بەر دیدی مامۆستایانی بەڕێز:
1 –  دابەشكردنی بابەتەكان بۆ چەند وانەیەك، تەنها بۆ كار ئاسانی مامۆستایانە، ئەگەر وتنەوە‌و تەواكردنی بابەتكە بخوازێت ئەم دابەشكردنە تێپەڕێنێت ئاساییە.</s>
     <s>2 –  مامۆستایان بۆ هەر وانەیەكی نوێ پێشتر داوا لە قوتابییان بكەن وەك ئەرك خۆیانی بۆ ئامادە بكەن‌و سەرەتا لە پۆلدا لە ڕێی هەندێك پرسەوە بەشداری وتنەوەی وانەكە بكەن‌و دواتر مامۆستا وانەكە شی بكاتەوە.</s>
     <s>3 – مەبەست لە نەهێشتنی لەبەركردن دورخستنەوەی قوتابییە لە (تەلقین)ە، بۆیە نابێت لە تاقیكردنەوەكانیش پرسی قورس بهێنرێتەوە قوتابی پێ بترسێنرێت، چونكە مەبەست لەم وانەیە پەروەردەكردنی قوتابییە نەك ترساندنی.</s>
     <s>4 – سروشتی بابەتەكان وا دەخوازن مامۆستایانی بابەت بە باشی خۆیان ئامادە بكەن، كە گومانمان لە وەدا نییە كە ئەوانیش هەست بەم مەسەلەیە دەكەن.</s>
     <s>5 – داواكارین لە بەڕێوەبەرانی قوتابخانەكان بایەخ بەم بابەتە بدەن بە دەستنیشان كردنی مامۆستای پسپۆڕ‌و لێهاتوو بۆ وتنەوەی بابەتەكە، چونكە سیاسەتی نوێی پەروەردەیی حكومەتی هەڕێم بایەخدانە بە پەروەردە كردنی نەوەكانی ئەم هەرێمە.</s>
     <s>6 – پێویستە مامۆستایان بایەخ بدەن بەو پرس ‌و گفتوگۆیانەی لە كۆتایی هەر وانەیەك دانراون لە كتێبەكە، بە مەبەستی جوڵاندنەوەی مێشكی قوتابییان‌و ڕاهێنانیان لە سەر بیركردنەوە‌و گفتو‌وگۆ‌و شیكردنەوە، كە بێگومان لەم كارە لە بابەتەكانی دیكەی خوێندنیش سوود مەند دەبن.</s>
     <s>خودای گەورە پشت‌و پەنای هەمووان بێت.</s>
     <s>سەرپەرشتی زانستی


وە ر زی یەكەم
   

(ۆقُل رَّبِّ زِدْنِی عِلْمًا)
                                                            (گه 114)</s>
</ch>