<?xml version="1.0" encoding="UTF-8"?>
<ch>
    <s>﻿
نەخشەى سروشتى (بەرزى و نزمى) رووى زەوى ئەمەریكاى ئەنگلوسەكسۆنى
بەندى چوارەم
كیشوەرى ئەمەریكاى ئەنگلوسەكسۆنى
شوێنى جوگرافى:-
    زاراوەى ئەنگلۆسەكسۆنى یەكێكە لە زاراوە نوێیەكان، كە بە كارهاتووە لە بڕى بەشیـَك لە (ئەمەریكاى باكوور)، ئەم زاراوەیەش پشت بە جیاوازى شارستانى و لایەنى دانیشتوان و بارى ئابووریی ئەم كیشوەرە لەگەڵ كیشوەرى ئەمەریكاى لاتینى دەبەستێت.</s>
    <s>یەكەم/ جوگرافیاى سروشتى:-
     لە ڕووى جوگرافییەوە كیشوەرى ئەمەریكاى ئەنگلۆسەكسۆنى لە هەر چوار لاوە دەور دراوە بە ئاو تەنها بەشێكى باشوورى ڕۆژئاواى نەبێت بە سنوورى وشكایى لە وڵاتى مەكسیك جیا دەكرێتەوە، لە نەخشەدا كیشوەرى ئەنگلوسەكسۆنى (وڵاتە یەكگرتوەكانى ئەمەریكا و كەنەدا) وە دوورگەى گرینلاند دەگرێتەوە.</s>
    <s>ڕووبەرى كیشوەرەكـە (زیاتر لە 22 ملیۆن كم2)  كیلۆمەتر چوارگۆشەیە.</s>
    <s>كیشوەرەكە بە پلەى سێیەم دێت لە ڕووى ڕووبەرەوە لە دواى هەردوو كیشوەرى ئاسیا و ئەفریقیا.</s>
    <s>لە ڕووى ئەسترۆنۆمییەوە ئەمەریكاى ئەنگلۆسەكسۆنى دەكەوێتە نێوان بازنەى پانى (525) تا (583)ى باكوورى گۆى زەوى.</s>
    <s>2- بەرزى و نزمى ڕووى زەوى: -
    بەرزى و نزمى ڕووى زەوى ئەم دیاردانەى خوارەوە دەگرێتەوە:-


أ- زنجیرە چیاكان (شاخەكان):-
   زنجیرە چیاكان دوو بەشن ئەمانەن:-
1- بەرزاییـەكانى ڕۆژهەڵات (ئەپەڵاشیان):
    ئەم بەرزاییانە بە چیاكانى ئەبەلاشیان ناسراون، دەكەونە بەشى ڕۆژهەڵاتى كیشوەرەكە لە باكوورى ڕۆژهەڵاتەو بەرەو باشوورى ڕۆژهەڵات درێژ دەبنەوە بەرزى ئەم زنجیرە چیانانە زۆر نییە، و تووشى ڕاماڵینى جیا جیا بوونە.</s>
    <s>2- بەرزاییەكانى ڕۆژئاوا (كوردالیرا):
    ئەم بەرزاییانە لە زنجیرەكانى ئەپەلاشیان نوێترە لە ڕووى دروست بوونەوە.</s>
    <s>جوولەكانى ئەلپى دروستى كردوون.</s>
    <s>بە درێژى هەڵكەوتووە لە ئەو پەرى باكوورەوە درێژ دەبنەوە بۆ باشوورى كیشوەرەكە بە درێژایی لەگەڵ كەنارەكانى ڕۆژئاوا، ئەم بەرزاییانە لە چەندین چیاو بان و دۆڵ پێك هاتوون، وەك چیاكانى برۆكسى و ڕۆكى و ئەلكا و كاسكید و سیرانیڤادایە، بەرزترین لوتكەى چیاكانى (ماكنلى)یە، لە چیاكانى ئەلكا كە بەرزییەكەى دەگاتە نزیكەى (6096) مەتر لە ئاستى ڕووى دەریا، و بانەكانیش،  وەك بانەكانى كۆلۆمبیا و كۆلۆرادۆ، و گرنگترین دۆڵیش لەم بەرزاییانە دۆڵى مردنە، كە نزمترین دۆڵە، كە (60)مەتر لە ژێر ئاستى ڕووى دەریایە.</s>
    <s>ب- بانەكان:-
    بانەكان ڕووبەرێكى فراوانیان لە كیشوەرەكە گرتۆتەوە، بەناوبانگترینیان بانى لۆرینسە بە (قەڵغانى لۆرنسى) ناسراوە كە دەكەوێتە ناوەڕاستى باكوورى ڕۆژهەڵاتى كیشوەرەكە.</s>
    <s>نزیكەى نیوەى ڕووبەرى كەنەدا پێك دەهێنێت.</s>
    <s>بە گشتى بەرزى بانەكە لە (1000) مەتر تێپەڕ ناكات.</s>
    <s>جـ- دەشتەكان:
    	دەشتەكانى ئەم كیشوەرە دوو جۆرن
1- دەشتەكانى كەنارى دەریا:
      بە درێژایى كەنارەكانى زەریاى ئەتڵەنتى و كەنداوى مەكسیك لە باكوورەوە بەرەو باشوور، درێژەیان هەیە تا دەگەنە سنوورى نێو دەوڵەتى نێوان وڵاتە یەكگرتووەكانى ئەمەریكا و مەكسیك.</s>
    <s>لە بەشى باكوورەوە تەسكن هەر چەندە بەرەو باشوور بڕۆین فراوان دەبن.</s>
    <s>بەرزاییان لە (500) مەتر تێپەڕ ناكات گرنگترین بەندەرەكانى ولایەتە یەكگرتوەكانى ئەمەریكا دەكەوێتە ئەم كەنارانە وەك (نیۆیۆرك - بوستن، بلتیمۆر ….هتد).</s>
    <s>2- دەشتەكانى ناوەوە:
   	 ئەو دەشتانە دەكەونە بەشى ناوەوەى كیشوەرەكە، تێكڕاى درێژیان لە باكوورەوە بۆ باشوور نزیكەى (4000) كیلۆمەتر دەبێت.</s>
    <s>و پانییەكەى (1920) كیلۆمەتر دەبێت، بەرزى ئەم دەشتانە لە رۆژهەڵات 450م دەبێت و تاوەكو بەرەو رۆژئاوە بچین بەرزیان زیاتر دەبێت تا دەگاتە 1500م.</s>
    <s>ئاوو هەواى كیشوەرى ئەمەریكاى ئەنگلوسەكسۆنى:-
    ئاووهەواى جۆراوجۆرە بەسەر ئەم هەرێمانە دابەش دەكرێن:
أ- هەرێمى ئاوو هەواى جەمسەرى:-
    ئەم هەرێمە بەشى هەرە باكوورى كیشوەرەكە دەگرێتەوە، هاوینى كورتە، و زستانى درێژەو زۆر ساردە پلەى گەرمى لە هەندێ شوێنى دەگاتە (-534) پلەى سەدى و لە ڕووى بارانەوە ، بەگشتى بارانى كەمە بە زۆرى بەفرى لێدەبارێت.</s>
    <s>ب- هەرێمى ئاوو هەواى ساردو شێدار:-
   دەكەوێتە باشوورى هەرێمى یەكەم، ڕووبەرەكەى فراوانترە، و هاوینى درێژترە و زستانى ساردە وە نزمترین تێكڕاى پلەى گەرمى تیایدا دەگاتە (-53) پلەى سەدى.</s>
    <s>زۆربەى بارانى هەرێمەكە لە هاوین دایە.</s>
    <s>جـ- هەرێمى ئاوو هەواى مام ناوەندى ساردى شێدار:-
     ئەم هەرێمە بەشى باشوورى ڕۆژهەڵاتى كەنەدا و بەشى باكوورى ڕۆژهەڵاتى وڵاتە یەكگرتووەكانى ئەمەریكا دەگرێتەوە.</s>
    <s>گرنگترین ڕواڵەتى ئەم هەرێمە زیادەڕۆ گەرمییە (تگرف حرارى) لە نێوان وەرزى هاوین و زستان.تێكڕاى باران بارینى ساڵانە لەم هەرێمەدا لە نێوان ( 380 – 1000) ملم.و زۆربەى بارانى ئەم هەرێمەلە وەرزى هاوین دایە.</s>
    <s>د- هەرێمى ئاووهەواى نیمچە خولگەیى شێدار:-
    دەكەوێتە باشوورى هەرێمى سەرەوە زستانى مامناوەندە، و هاوینى گەرمترە باران لەم هەرێمە دا زۆرە، ئەم هەرێمە دەكەوێتە ژێر كاریگەرى گێژەلوولە خولگەییەكان كە لەم ناوچەیەدا بە(هێركین) ناسراون.</s>
    <s>ه- هەرێمى ئاووهەواى كیشوەرى:
    ئەم هەرێمە بەشى ناوەوەى كیشوەرەكە دەگرێتەوە بەتایبەتى دەشتەكانى ناوەوە.</s>
    <s>ماوەی گەرمى بەرزە.</s>
    <s>پلەى گەرمى نزم دەبێتەوە هەر چەندە بەرەو باكوورى هەرێمەكە بڕۆین.</s>
    <s>بڕى باران بارینیش هەر چەند لە ڕۆژهەڵاتەوە بەرەو ڕۆژئاوا بڕۆین كەم دەبێتەوە.</s>
    <s>و- هەرێمى ئاووهەواى ڕۆژئاواى كیشوەرەكان:-
    كەنارەكانى ڕۆژئاوا لە نێوان بازنەى پانى (540 - 560)ى باكوور دەگرێتەوە، زستانى مام ناوەندیە و هاوینى فێنكە، بارانى زۆرە و بەدرێژایى ساڵە.</s>
    <s>ز- هەرێمى ئاوو هەواى دەریاى ناوەراست:
     هەرێمى دەریاى ناوەراست بەشى باشوورى ڕۆژئاواى ولایەتە یەكگرتوەكانى ئەمەریكا دەگرێتەوە، بە تایبەتى ولایەتى كالیفورنیا هاوینى گەرم و وشكە، تێكڕاى پلەى گەرمى زیاترە لە (522) پلەى سەدى، و زستانى ساردو باراناویە.</s>
    <s>ح- هەرێمى ئاووهەواى وشك و نیمچە وشك:-

    هەرێمى وشك (بیابان) ناوچەى بانەكان و ئاوزێلەكانى ناوەوەى بەشى باشوورى ڕۆژئاواى ولایەتە یەكگرتوەكانى ئەمەریكا دەگرێتەوە و پلەى گەرمى بەرزەو ، بڕى باران بارینى كەمە.</s>
    <s>هەرێمى نیمچە وشك بەشى ڕۆژئاواى دەشتەكانى ناوەوە دەگرێتەوە دەكەوێتە ڕۆژهەڵاتى چیاكانى رۆكى بارانى كەمترە لە هەرێمەكانى تر.</s>
    <s>4- گرنگترین رووبارو دەریاچەكانى كیشوەرەكە:-
ئەم كیشوەرە دەوڵەمەندە بەدەرامەتى ئاو.</s>
    <s>و لێرەدا تەنها ئاماژە بە ئاوى سەرزەوى دەكەین (ڕووبار - دەریاچە)كان.</s>
    <s>ڕووبارەكانى كیشوەرەكە:
     كیشوەرەكە كۆمەڵە ڕووبارێكى جۆراوجۆرى پیادا تێپەڕدەبێت لە ڕووى درێژیەوە.</s>
    <s>و پشت بەستن بە رێژگەى ڕووبارەكەن دابەش دەكرێن بۆ ئەم كۆمەڵانەى خوارەوە:

أ- ئەو ڕووبارانەى دەڕژێنە زەریایى ئەتڵەسى:-
وەك 1- رووباری سانت لۆرانس
      2- رووبارەكانی ئەپەلاشیان كۆمەڵێ رووبار دەكرێتەوە كە لە بەرزاییەكانی ئەپەلاشیان هەڵدەقوڵێن و دەڕژێنە زەریای ئەتلەسی.</s>
    <s>ب- ئەو ڕووبارانەى دەڕژێنە زەریاى بەستەڵەكى باكوور و كەنداوى هدسن:-
ئەم ڕووبارانە دەگرێتەوە (ڕووبارى مەكنزى و ڕووبارى سەسكجوان).</s>
    <s>جـ- ئەو ڕووبارانەى دەڕژێنە زەریاى هێمن:-
    ئەو ڕووبارانە دەگرێتەوە بەرەو ڕۆژئاوا دەڕۆن و دەڕژێنە زەریاى هێمن، ئەم ڕووبارانە درێژنین و ئاوەڕۆیان خێرایە.</s>
    <s>گرنگترینیان ئەمانەن (ڕووبارى یوكن – فریزر – كوڵومبیا-  كولورادۆ –سان كینۆ … هتد).</s>
    <s>د- ئەو ڕووبارانەى دەڕژێنە كەنداوى مەكسیك:
    ئەو ڕووبارانە دەگرێتەوە كە بەرەو باشوور دەڕۆن و دەڕژێنە كەنداوى مەكسیك گرنگترینیان ڕووبارى ریوگراندو میسیسپی.</s>
    <s>دووەم /  دەریاچەكان:
    لەسەڕووى كیشوەرى ئەمەریكاى ئەنگلوسەكسۆنى ژمارەكى زۆر دەریاچەهەن، گرنگترینیان ئەو دەریاچەیە كە بە دەریاچە مەزنەكان ناسراوە:

أ- دەریاچە مەزنەكان:
    دەریاچە مەزنەكان لە بنەڕەتدا لە (6) دەریاچە پێك هاتووە ئەم دەریاچانە بە گەورەترین خەزانى ئاو دادەنرێن لە جیهاندا.</s>
    <s>ڕووبەرەكەى نزیكەى (246) هەزار كیلۆمەتر چوارگۆشەیە.</s>
    <s>بە ڕێگەى ئاوەڕۆى دەستكرد، دەریاچەكان بەیەكەوە دەبەسترێنەوە، ڕووبارى سانت لورنس  ئاوى دەریاچەكان بە زەریاى ئەتلەسى دەبەستێتەوە.</s>
    <s>5- ڕووەكى سروشتى:
    جۆراوجۆرى ڕووەكى سروشتى وە دابەشبوونى بەندە بە پلەى یەكەم بە جۆرى ئاوو هەوا.</s>
    <s>بەم شێوەیە ڕووەكى سروشتى لە كیشوەرەكە بۆ ئەم هەرێمانەى خوارەوە دابەش دەبێت، 
أ- هەرێمى گژوگیاى تەندرا:	
   ئەم هەرێمە بەشى باكوورى كیشوەرەكە دەگرێتەوە.</s>
    <s>گژوگیاى ئەم هەرێمە كورتن و تەمەنیشیان كورتە، دوو تا سێ مانگ دەژین.</s>
    <s>بەناوبانگترینیان (قەوزە)یە.كە لەوەڕگایەكى باشەبۆ ئەو ئاسكانەى لەم هەرێمە دەژین.</s>
    <s>ب- هەرێمى دارستانى سنۆبەرى:-
    ئەم هەرێمە دەكەوێتە باشوورى هەرێمى تەندرا، بە پشتێنەیەكى فراوان لە ڕۆژهەڵاتەوە بەرەو ڕۆژئاوا درێژ دەبێتەوە، بە تایبەتى لە باشوورى ئەلاسكاوە بەرەو باكوورى ناوەڕاستى كەنەدا.</s>
    <s>بە هەرێمێكى گرنگى دارستان دادەنرێت.</s>
    <s>بۆ مەبەستى بەرهەمهێنانى دارى نەرم لە جیهاندا، كە لە ڕووى ئابوورییەوە گرنگى زۆرە.</s>
    <s>جـ- هەرێمى دارستانى تێكەڵاو:
    ئەم هەرێمە لە دارستانى سنۆبەر، و دارستانى گەڵاوەریووەكان تێكەڵاوە دارستانى سنۆبەرى بەشى باكوورى ئەم هەرێمە دەگرێتەوە و دارستانى گەڵاوەریوەكان بەشى باشوورى دادەپۆشێت.</s>
    <s>ئەم هەرێمە بەشى باكوورى ڕۆژهەڵاتى ولایەتە یەكگرتووەكانى ئەمەریكا دەگرێتەوە.</s>
    <s>د- هەرێمى دارستانى گەڵاوەریوەكان: دارى ڕەق -:
    دارستانەكانى ئەم هەرێمە دارەكانى گەڵایان پانە و دارى ڕەقن و گەڵا هەڵوەریوون، دەكەوێتە باشوورى هەرێمى دارستانى تێكەڵاو.</s>
    <s>ئەم جۆرە دارستانە لە بەشى باشوورى ڕۆژهەڵاتى ولایەتە یەكگرتوەكانى ئەمەریكا هەیە.</s>
    <s>ه- هەرێمى دارستانى ڕۆژئاواى كیشوەرەكان:
    بەباشترین جۆرى دارستان دادەنرێت لە ڕووى چڕى دارەكانى و جۆراوجۆرى دارەكانى بەناوبانگترین دارى ئەم دارستانە دارى سورە، كە بەزەبەلاحى و بەرزى و باشى دارەكەى دەناسرێت.</s>
    <s>و- هەرێمى دارستانى دەریاى ناوەڕاست:
    دارەكانى ئەم دارستانە هەمیشە سەوزن و گەڵایان پانە، لە جۆرى دارو درەختى كورتن، و دەكەوێتە ولایەتى كالیفورنیا گرنگترین دارى ئەم هەرێمە زەیتونە و باویە.</s>
    <s>ز- هەرێمى ڕووەكى گژوگیا:-
ئەم هەرێمە دەكرێتە دووبەش:
1- هەرێمى گژوگیاى درێژ: كە دەشتەكانى ناوەڕاست دەگرێتەوە گژوگیاكەى لە جۆرى بەرارى درێژە.</s>
    <s>2- هەرێمى گژوگیاى كورت: كە بەگژوگیاى ستێپس دەناسرێت.</s>
    <s>ئەم هەرێمە، دەشتە مەزنەكان دەگرێتەوە.</s>
    <s>ح- هەرێمى ڕووەكى بیابان:
    ئەم جۆرە ڕووەكە لە ولایەتەكانى باشوورى ڕۆژئاواى ولایەتە یەكگرتوەكانى ئەمەریكا بڵاون.</s>
    <s>پلەى گەرما بەرزە رێژەى بەهەڵمبوون بەرزە.</s>
    <s>لەگەڵ باران بارین ڕووەكى زۆرى لێ شین دەبێت لە پاش نەمانى باران وشك دەبێت وەك ڕووەكەكانى بیانى موجاف.</s>
    <s>دووەم /دانیشتوان
    كیشوەرى ئەمەریكا ئەنگلوسەكسۆنى بە ناوچەى پێشوازى كردنى لێشاوەكانى ئادەمى جۆراوجۆر و یەك لە دواى یەك دادەنرێت.</s>
    <s>كە لە كیشوەرەكانى ئاسیاو ئەورووپا و ئەفریقیاوە هاتوون.</s>
    <s>لەگەل ئەوەش هیندیە سوورەكان بە دانیشتوانى ڕەسەنى كیشوەرەكە دادەنرێن.</s>
    <s>ئیسپانییەكان وەك كۆچبەرى ئەوروپى بە یەكەمین كۆمەڵە دادەنرێت كە هاتوون بۆ كیشوەرەكە و لە كالیفورنیا و فلوریدا نیشتەجى بوون.</s>
    <s>لە پاشان فەرەنسییەكان هاتوون لە پاشان بەریتانیەكان.. هتد.</s>
    <s>بەڵام هاتنى ڕەش پێستەكانى ئەفریقى بە شێوەى بازرگانى كۆیلە هاتوونە كیشوەرەكە ژمارەى دانیشتوانى لە ساڵى 2001، دەگاتە (316) ملیۆن كەس.</s>
    <s>زۆربەى هەرە زۆرى دانیشتوان لە وڵاتى وڵاتە یەكگرتووەكانى ئەمەریكا دەژین، كە ژمارەیان زیاترە لە (284) ملیۆن كەسە، وە نزیكەى (32) ملیۆن كەس لە وڵاتى كەنەدا دەژین.</s>
    <s>لە ڕووى دابەش بوونى دانیشتوانەوە ناڕێكییەكى بەرچاو هەیە لە كیشوەرەكە، بەگشتى چڕى دانیشتوانى كیشوەرەكە كەمە (26 كەس/ كیلۆ مەتر چوارگۆشەیە).</s>
    <s>ئەویش بۆ ئەم هۆكارانەى خوارەوە دەگەڕێتەوە:-
1-	 درەنگ ئاوەدان كردنەوەى كیشوەرەكە.</s>
    <s>2- دانانى كۆسپ و بەربەست بۆ كۆچبەران.</s>
    <s>3– جێبەجێ كردنى شێوازى كەمى منداڵبوون ( تحـدید النسل).</s>
    <s>ڕێژەى زیاد بوونى ساڵانەى دانیشتوان لە كیشوەرەكە زۆر نزمە ڕێژەكە دەگاتە (0.5 %).</s>
    <s>و زۆربەى دانیشتوانى كیشوەرەكە لە شارەكان دەژین و، ڕێژەیان دەگاتە( 75% ).</s>
    <s>سێیەم/ چالاكییە ئابوورییەكان
أ- كـشتوكالأ: 
    لە ڕووى كشتوكالییەوە وڵاتانى كیشوەرەكە پێش كەوتوون، ئەمەش بۆ چەند هۆكارێك دەگەرێتەوە گرنگترینیان ئەمانەن:-
1-	فراوانى زەوى كشتوكاڵى.</s>
    <s>2- گرنگیدان بە كشتوكالأ بۆ مەبەستى بازرگانی.</s>
    <s>3- گونجانى بارى ئاوو هەوا.</s>
    <s>4- بەكار هێنانى ئامێرى كشتوكاڵى، و تەكنەلۆژیاى نوێ لەبەرهەمهێناندا.</s>
    <s>و پەیڕەوكردنى لایەنى زانستى كشتوكاڵى بەرپرسە لە پێشكەوتنى وڵاتانى كیشوەرەكە لەم بوارە.</s>
    <s>سەرەڕاى بەكارهێنانى ئامێرى كشتوكاڵى پێشكەوتوو،  بەكارهێنانى پەینى كیمیایى بەشێوەى زانستیانە... هتد.</s>
    <s>گرنگترین بەرووبوومى كشتوكاڵى لە كیشوەرەكە (گەنم)ە، لەپاشان (گەنمە شامى، برنج، لۆكە، تووتن.... هتد).</s>
    <s>وە بە هەمان شێوە لەڕووى بەخێوكردنى ئاژەڵەوە ئەم كیشوەرەئاژەڵى زۆرە.</s>
    <s>ب- پیشەسازى:
    لە ڕووى پیشەسازییەوە، وڵاتانى ئەم كیشوەرە كە پێشكەوتوون، بەرووبوومە پیشەسازییەكانى لە زۆربەى بازارەكانى جیهاندا بەدى دەكرێن.</s>
    <s>وا مەزندە دەكرێت كە وڵاتە یەكگرتوەكانى ئەمەریكا و كەنەدا سێ یەكى بەرووبوومى پیشەسازى جیهانى بەرهەم بهێنن.</s>
    <s>ئەمەش بۆ چەند هۆكارێك دەگەڕێتەوە، گرنگترینیان (زۆرى كەرەستەى خاوى ڕووەكى – ئاژەڵى – كانزایى) و زۆرى دەرامەت و سەرمایە(رۆوس الاموال)، و زۆرى جۆرەكانى وزە (خەڵووز- نەوت – غازى سروشتى – وزەى ئاو ... هتد).</s>
    <s>گرنگترین پیشەسازیەكان:
لە كیشوەرى ئەنگلۆسەكسۆنیدا دوو جۆرە پیشەسازى هەن:
1- پیشەسازى دەرهێنان (كە بریتیە لە دەرهێنانى نەوت – گازى سروشتى – كانزاى مس ... هتد)
2- پیشەسازى گۆڕین (بەرهەم هێنانى ئامێرە كارەباییەكان، ئاسن و پۆڵا – ئۆتۆمبێڵ ... هتد)</s>
</ch>