<?xml version="1.0" encoding="UTF-8"?>
<ch>
   <s>﻿
بەشى نۆیەم
ژینگە

پێناسەى ژینگە:
      ژینگە ئەو دەوروبەرەیە كە مرۆڤ وگیانلەبەران دەگرێتەخۆى، شوێنەوارى كارلێكردنى مرۆڤ لەدەوروبەرەكەى بە شێوەیەكى بەردەوام لەوەدا دەردەكەوێ كە ئەوگۆڕانكاریانەى بەسەر دەوروبەرەكەى دادێت چ كاریگەریەك جێ دێڵێ لەسەر سروشتى ژیانى شارستانێتى و عەقڵى مرۆڤ، سوود وەرگرتنیش لە پێكهاتەكانى ئەو دەوروبەرە دەوەستێتە سەر تواناى مرۆڤ كە ئایا تا چەند دەتوانێ دەست بكا بە وەبەرهێنانى ڕەگەزەكانى ئەو دەوروبەرە و چۆن دەتوانێ سوود لەو دەوروبەرە وەربگرێت بۆ ژیان وخۆشگوزەرانى خۆى.</s>
   <s>ئەو زەوییەى كە مرۆڤ لەسەرى دەژى و ئەو بەرگە غاز و ئاو و ڕەقەى كە دەورى زەوییەكەیان داوە بریتین لە رەگەزەكانى دەوروبەر و دەتوانین ئەو پێكهێنەرانە ناوبنێین بە(ژینگەى سروشتى)، وكارلێكردنى مرۆڤ و ژینگە سروشتیەكەى وا دەكات جۆرە پەیوەندییەكى ئاڵوگۆڕكێ لە نێوانیان دروست بێت.هەروەك (زمرمان) دەڵێت: (سەرچاوەكانى سامان لە خۆیەوە نابێت،بەلكو لە ئەنجامى كارلێكردنى نێوان مرۆڤ و رەگەزەكانى ئەو ژینگەیەوە پێكدێت كەلەناویدا دەژى، ئەوەتا بەروبوومى كشتوكاڵ ئەنجامی كارلێكردنى نێوان مرۆڤــ و رەگەزەكانى خاكە لەیەكترى،كانى نەوت و خەڵووزیش تا مرۆڤــ نەیاندۆزێتەوە نابن بە سامان).</s>
   <s>كەواتە مرۆڤــ ڕەگەزى سەرەكى ژینگەیە،سەرەڕاى كارلێككردنى مرۆڤــ و ژینگە لەیەكترى كەچى ڕەگەزەكانى ژینگەش لە گۆڕانێكى هەمیشەوبەردەوام دان وبەشێوەیەكە كە لە گوێرەى تەمەنى مرۆڤــ، هەستى پێناكرێت، بۆنمونە كرداى داڕووتان و داتاشینى چیا و بەرزاییەكان و پڕبوونەوەى دۆڵەكان و كۆبوونەوەى نیشتەنى و پەیدابوونى دەلتاكان و جوڵەى تەپۆلكە لمینەكان لە جێگەیەكەوە بۆ جێگەیەكى تر و ووردبوونى تاوێرەكان و داتاشران و كشانەوەى كەناراوەكان ئەمانە هەمووى بەڵگەى ئەو راستییەن.</s>
   <s>گۆڕانكارى وەهاش هەیە كە لە پڕوخێرا روودەدەن وەك بوومەلەرزەو تەقینەوەى كانیە ئاگرینەكان وئەو گۆرانكارییانەى كە بەسەر ڕووى زەویدا دێنن.بۆیە ئەو گۆڕانكاریانەى كەلە سروشت دا ڕوودەدەن هەبێ و نەبێ لە چوارچێوەى چەند رژێم و یاسایەكدا ڕوودەدەن كە پەیوەندى نێوان ئەو ڕەگەزانە لەو ژینگە سروشتیەدا دەستنیشان دەكات.</s>
   <s>جۆرەكانى ژینگە:
      ژینگە بە چوارچێوەو ناوەندێك دانراوە كە مرۆڤ هەموو چالاكیەكى زانستیانە وجموجۆلێكى كۆمەڵایەتى و ئابوورى خۆى لە ناودا دەكات بۆ ئەوەى پێداویستیەكانى خۆى دابین بكات و خۆشى بەردەوام بێت لە مانەوە(البقا‌و).</s>
   <s>بڵاوبونەوەو تەشەنەكردنى مرۆڤــ لە رووبەرە بەرفراوانەكانى سەر زەمین ئەوەمان بۆ دەردەخات كە هەموو كۆشش و چالاكیەكى جۆراوجۆرى مرۆڤــ مۆركى هەلومەرج و دۆخەكانى ئەو ژینگە سروشتیەى هەڵگرتووە كە پێكهێنەرەكانیشى لە هەموو قۆڵێكى ئەم سەر زەمینەدا لەوانەیە لەیەك نەچن.</s>
   <s>لەسەر ئەم بنچینەیە ڕووەكى زۆروجۆراو جۆر دەبینین، وەكو رووەكى خۆرسك كە خۆى لە ژینگەى دارستانەكان و و ژینگەى بیابانەكان دەبینێتەوە.</s>
   <s>رووەكى واش هەیە پەیوەندى بە پیشەوە هەیە وەكو ژینگەى لەوەڕگاكان و ژینگەى كشتوكاڵ و ژینگەى پیشەسازى لێرەشدا تەنها رووەكى خۆرسك راڤە دەكەین كە ئەمانەیە:
1.</s>
   <s>ژینگەى دارستان.</s>
   <s>2.</s>
   <s>ژینگەى بیابانەكان.</s>
   <s>ژینگەى دارستان:
ئەو پارچە زەوییە پڕ لە ڕووەكە دارودرەختانەیە كە دارى بەرزوبڵندى ئەوتۆى تێدایە كەلێنیان لە نێواندا نەماوەو لقەكانیان لەسەرەوە تێكئاڵاون.</s>
   <s>ئەم دارستانانە نەك هەر لە بوارێكدا بگرە لە بوارێك زیاتردا لێك ناچن، دارستان هەیە گەڵاكەى ناوەرێت، یان بەرەبەرە گەڵاكانى دەوەرن پێیان دەڵێن (دارستانى هەمیشە سەوز) دارستانیش هەیە گەڵاكانى بە یەكجار دەوەرێت وپێى دەڵێن (دارستانى گەڵارێژ یان خەزانى).</s>
   <s>جگە لەو جیاوازیە سروشتى گەڵاى دارێك لە دارێكى تر ناچێت، دار هەیە گەڵاكەى دەرزیلەییە، هەشە گەڵاكەى گەورەو پانە.</s>
   <s>سروشتى تەختەكانیش كە دارەكانیان لێ پێك دێت دیسان جیاوازن،دار هەیە تەختەكەى نەرمەو هەیە تەختەكەى ڕەقە وهەریەكەیان لە بوارێكى پیشەسازى دا بەكاردەهێنرێت.</s>
   <s>لە بابەت دارستانەكانەوە تەنها ئەمانەى خوارەوە باس دەكەین:
1ـ دارستانە خولگەییە باراناویەكان :
2ـ دارستانە سنۆبەرییەكان (قوچەكییەكان).</s>
   <s>1ـ دارستانە خولگەییە باراناویەكان :
	دارستانەكانى كەمەرەى زەوی رووبەرێكى بەرفراوانى هەرێمە گەرمەكانیان داپۆشیوە كە حەوزى رووبارى ئەمەزۆن لە ئەمەریكاى باشور ودەشتە نزمەكانى ئەمریكاى ناوەراست و حەوزى رووبارى كۆنگۆ لە ئەفریقا وكەنارەكانى مالابار لە هیندستان دەگرێتەوە.تێكراى گەرمى مانگانەش لەو ناوچانەدا لە نێوان (75ە و 80ە)ى  فەهرەنهایتدایە و بارانیشى بە درێژایى ساڵ لێ دەبارێت كە تێكراى ساڵانەى( 300 سم) و بە سەر مانگەكانى ساڵدا دابەشكراوە.</s>
   <s>بۆیە ئەو هەرێمانە بە درێژایى ساڵ دەرفەتی ووشكیان بۆ نارەخسێت، بەرزى پلەى گەرمى و رێژەى بەرزى شێ بوونەتە هۆى پەیدابوون و گەشە كردنى دارى چڕوپڕى بەرزوبڵندى لەسەرەوە تێكئاڵاو بە جۆرێكى ئەوتۆ كە رێگا بە تیشكى خۆر نادەن بگاتە زەوى دارستانەكان، ئەمەش بۆتە هۆى تاریكبوونى ناوەوەى ئەو دارستانانە.</s>
   <s>سەرەراى ئەوانەش هەواكەى ناویشى كپەو گەلێ مێروو جڕو جانەوەریش اە ناو دارستانەكاندا بڵاو بوونەتەوە، لە لایەكى تریشەوە ئاوەرۆیەكى زۆریش بەسەر زەوى  ئەو دارستانانەدا دەڕوات، كە لەوانەیە گیانلەبەرى دارستانەكە وەكو باڵندە و خشۆك بە تایبەتیش مار دەچنە ناویانەوە.</s>
   <s>لەبەرئەوەى كە دۆخى هەواى دارستانەكانى كەمەرەى زەوی گەرم وشێدارو خنكێنەرە  بۆیە دانیشتوانى كەمەو ئەو كەمەش  بریتین  لەهەندێ  كۆمەڵی  ساكارو سەرەتایی كەلەگەڵ هەلومەرجی ئەو ژینگەیەدا گونجاون، چونكە مرۆڤی سەرەتایی ئەو ناوچانە لەهەموو خەڵكێك زیاتر هۆگری  ئەو ژینگەیەى  خۆیان بوون و دەتوانن لەو دۆخە  سروشتیە سەختەدا  گوزەران بكەن، ڕێژەی ئەم كۆمەڵە سەرەتاییانە  لەسەرەتای سەدەی یانزەهەمدا تەنیا 10% ی  هەموو دانیشتوانى جیهان بوون، واتا نزیكەی(27.5) ملیۆن كەس دەبوون.</s>
   <s>بەڵام چەند هۆكارێك بوونە هۆى فەوتان ولەناوچوونى ئەم كۆمەڵە سەرەتاییانە، ،وەك  كوشتن وپاكتاوكردنیان بە دەستى مرۆڤە سپى پێستەكان و بڵاوبوونەوەى نەخۆشى كوشندە لە ناویاندا بە جۆرێكى وەها ئێستا تەنیا چەند هەزار كەسێكیان ماوەتەوە كە لەوەوبەر ملیۆنەها بوون، ئەو كۆمەڵانەشیان  كە زۆرتر لە نەمانەوە نزیكن كۆمەڵانى دارستانە كەمەرەییەكانن، ئەوانیش كورتەباڵاكان و رەش پێستەكانن.</s>
   <s>دەشكرێت لەمەڕ دوو كۆمەڵ لەو كۆمەڵانە شارەزایى پەیدا بكەین و باسیان بكەین:
1.</s>
   <s>كۆمەڵەى كۆكردنەوەو چنینەوە.</s>
   <s>2.</s>
   <s>كۆمەڵەى كشتوكاڵى سەرتایى جێ گۆڕ.</s>
   <s>1.</s>
   <s>كۆمەڵەى كۆكردنەوەو چنینەوە:
چەند كۆمەڵەیەك هەن ژیانیان لەسەر كۆكردنەوەو چنینەوەى میوەو ڕەگ وبەرى درەختەكانە،زۆر كەمیش روودەدات كە كشتوكاڵ بكەن یان گیانلەبەر بەخێو بكەن.</s>
   <s>كۆمەڵەى بۆشمەن و هۆتنتۆت (لە ئەفریقا) و كۆمەڵەى سیمانگ Semang و سكاى(لەنیمچە دورگەى مەلایۆ) باشترین نموونەى كۆمەڵەكانى كۆكردنەوەو چنینەوەن.</s>
   <s>سیمانگ و سكاى :

سیمانگ لە كۆمەڵەى مرۆڤە كورتە باڵاكانن كە باڵاى پیاوەكانیان لە 150سم زیاتر نییە وباڵاى ژنەكانیشیان لەوە كەمترە، پێستیان ڕەشە و موویان كەمە.بەڵام سكاى لەوان درێژتر و باریكترن وپیستیشیان كەمتر ڕەشە و موویان پترە.ژمارەیان لەئێستادا كەمە و لەچەند هەزارێك تێناپەڕێت بەشێوەى كۆمەڵى بچووك دەژین كە هەركۆمەلێكیان ڕووبەرێكى دیاریكراوى زەوى هەیە تێیدا دەسوڕێتەوە و لە 50 كم چوارگۆشە تێناپەڕێت،بەدەگمەن كۆمەڵێك سنوورى زەویەكەى خۆى دەبەزێنێت بۆ سەر زەوى هاوسێكەى ئەگەر ئەوەش ڕووبدا ئەوا بۆكۆكردنەوەى ڕەگى ڕووەكە لە زەوى هاوسێكەى.سیمانگ وسكاى ڕۆژانە دوو ژەم خۆراك دەخۆن كە بەیانیان وئێوارانە، زۆربەى خواردنیشیان بریتیە لە جۆرەنانێك كە خۆیان لە ڕەگى ڕووەك ودانەوێڵەى خۆرسك دروستى دەكەن،هەندێ جاریش برنج لێ دەنێن كەبە شێوەى ئاڵوگۆڕ دەستیان دەكەوێ.كەواتە زۆربەى خواردنیان لەڕووەكى خۆرسك دەست دەكەوێ، جا لەبەرئەوەى ئەم جۆرە ڕووەكانەش بەوشێوە پێویستە نییە, بۆیە لە گەڕان و سوڕان دا دەبن بۆكۆكردنەوەى ئەو بڕەى كە ئەو كۆمەڵانە پێویستیان پێیەتى لە ڕەگى ڕووەك وبەرى وەك (سەلكى یام و دوریان و مانجۆ...).</s>
   <s>خانوو و بەرگ و چەك:
سكاى لەخانوى كوخ كەشێوەى لاكێشەیە دەژین ودیوارەكەى لە لق وپۆپى دارخورما یان دارى تر ،بنمیچەكەى لە گەڵاى چنراوى خورما(پووشە خورما) دروستكراوە، ئەم خانووانە هەندێكیان درێژیان بیست پێیەو یەك مەتریش لەزەویەوە بەرزن دوورر لەتەڕى وگیانلەبەران، بەڵام خانووە زۆر بچوكەكان وەك هێلانە بەسەر لق وپۆپى دارە بەرزوگەورەكاندا دروست دەكرێن.</s>
   <s>بەڵام سیمانك خانوەكانیان كوخ وشێوە لاكێشەیی نییە بەڵكو بریتیە لە داڵدەیەك لە كەلە لق و پۆپی دارەكان دروستكراوە و بەیەكەوە بەستراون كە چەند خێزانێك لە خۆدەگرێ.</s>
   <s>بەرگیشیان بریتیە لە گەڵاى دار و ڕیشوى چنراوى دارى (یوبا) كە جاروبار وەك كڵاو لەسەریشى دەكەن.چەكی سیمانگ بریتیە لە(كەوان) كە لە لق وپۆپى دار و(ژێ) كەلە دەمارى گیانلەبەران یان لە ڕیشاڵى ڕووەك (تیر) كەلە دارى حەیزەران دروستى دەكەن.</s>
   <s>بەڵام چەكى سكاى بریتیە لە تفەنگى فوو كە لوولە قامیشێكە بە زەبرى فووپیاكردن چەند تیرێكى لێوە دەردەپەرێت و بۆ ڕاوكردنى باڵندەو مشك وخشۆكەكان بەكاردەهێنرێت.</s>
   <s>2.</s>
   <s>كۆمەڵەی كشتوكاڵی  سەرەتایی  جێگۆڕكێ  :
گەلی (بۆرۆ)  لە ئەمەریكای  باشور  گەلێكی سەرەتایییەو بە كشتوكاڵی جێ گۆڕەوە خەریكن، ئەو كشتوكاڵەش  لەدارستانە باراناویەكانی  كەمەرەیی ئەنجام دەدرێت بەتایبەتی  لەو دارستانانەی كە كەوتوونەتە شوێنی  بەیەكگەیشتنی  هەردوو لقی (جابوراو واسا) ی رووباری ئەمازۆن .</s>
   <s>بۆرۆ لەهیندیە سورەكانی ئەمەریكای باشورن و بەشێوەی كۆمەڵی بچووك بچووك دەژین لە دەوروبەرى پەنجا گوند كە بەهەموویان چەند هەزار كەسێك دەبن.</s>
   <s>پێستییان  ڕەنگ برۆنزی مەیلەو زەردێكی ڕەشباو و سووركارە.قژى سەریشیان ڕەش و زبر و تاڵ تاڵى ڕاست وڕێكە،سەر خڕ ولووت پانن كەچى لچ ولێویان ئەستوور نییە،باڵایان مامناوەندە كەلە پیاوان دەگاتە 160 سم بەڵام لە ژنان كەمترە.گەلى بۆرۆ كاروباریان لە نێوئەندامانى خێزاندا دابەش كردووە چونكە كاروبارانەى هێزى زۆرى پێویستە پیاوان پێى هەڵدەستن وەك پاككردنەوەى زەوى لە دارودەوەن بۆئەوەى بۆ كشتوكاڵ ئامادەى بكەن،هەروەها دروستكردنى خانوو و ڕاوكردن وشەڕكردن و دروستكدنى چەك وبەلەم، بەڵام ژنان هەڵدەستن بە بەخێوكردنى منداڵ وخۆراك ئامادەكردن، خۆراكیشیان بریتیە لە مایۆنیق ومشك وبۆق ومارمێلكەومارو هەنگوینى سروشتى، زۆرجاریش لەبەرئەوەى خۆراكیان كەم خوێ یە بۆیە خۆَڵەمێشى ئاگرەكە دەخۆن،نانیش لە (كاسافا) دروست دەكەن.گوندەكانیشیان بچووكن و ژمارەى دانیشتوانى هەر گوندێكیش لە 50 – 200 كەس دەبێت.</s>
   <s>بۆرۆ لە هەموو گەلێك زیاتر بڕوایان بە فریشتەو ئەفسانە هەیە و لەهەموو گەلێكیش زیاتر منداڵى خۆیان خۆش دەوێت،كەچى لەنەریتیان ئەوەیەكە خواردنى گۆشت لەمنداڵ حەرام دەكەن تا ئەو منداڵە پێ دەگات و تەواو گەورەدەبێت.</s>
   <s>ژیانى ئابوورى
كۆڵەگەى ژیانى بۆرۆ كشتوكاڵە،لەهەندێ دۆخى تەنگانەشدا ڕاودەكەن و خۆراك كۆدەكەنەوە،لەبەرئەوەى ئامادەكردنى زەوى بۆ كشتوكاڵ كارێكى دژوارە و هێزوبازووى دەوێ بۆیە پیاوان ئەم كارە دەكەن،كە بە تەورى بەردین زەویەكە لە دارودەوەن پاك دەكەنەوە ئینجا كۆى دەكەنەوەو ئاگرى تێ بەردەدەن وخۆڵەمێشەكەش بەسەر زەویەكەدا پەرت دەكەن،بەڵام زۆرى پێ ناچێت دارەكان شین دەبنەوە لەو زەویانەى كە دارەكانى لێ بڕابۆوە،ئەمەش ماناى وایە ئەو زەویەى بۆ كشتوكاڵ ئامادە دەكرێ تەنها بۆ ماوەی دوو وەرز یان سێ وەرز دەتوانرێ وەبەربهێنرێ دواى ئەوە ئیتر زەویەكە ئەو پێزوبرشتەى نامێنێت كە ئەمەش ناچاریان دەكات بۆ پارچە زەویەكى تر بگوازنەوە،باشترین بەروبومى گەلى بۆرۆ بریتیە لە مایۆنیق چونكە لە گەڵ تۆوى كاسافا بە خۆراكى سەرەكیان دادەنرێت،جگە لە مایۆنیق بەروبومى دیكەش دەچێنن وەك یام و پەتاتەو كولەكەو بیبەرو پاقلە، زۆر بەكەمیش گەنمەشامى وكۆكا.</s>
   <s>بۆرۆ لە ڕاوكردنى گیانلەبەرە گەورەكاندا بلیمەتن چونكە بە ووردى شوێن پێیان هەڵَدەگرن و شارەزاى جوڵەوجموجۆڵیانن.</s>
   <s>بۆرۆ لە جێگا واڵا وڕووتەنەكانى ناو دارستانەكان دەژین ،ولەناو یەك خانوشدا ژمارەیەكى زۆر پێكەوە دەژین كە ژمارەیان دەگاتە  50 كەس وهەندێ جاریش دەگاتە 200 كەس، خانووەكانیشیان بێ پەنجەرەن بۆیە شەوورۆژ تاریكن ئەمەش لە بەڵاى مێش ومەگەز دەیانپارێزێت.</s>
   <s>بەرگ وپۆشاكیشیان لەهى دانیشتوانى ناوچە گەرم وشێدارەكانى كەمەرەى زەمین جیاواز نییە، بۆ گواستنەوەو هاتوچۆش بەلەم بەكاردێنن چونكە ئاوەرۆى زۆر لەناوچەكەدا هەیە،ئەم بەلەمانەش موڵكى كەس نییە بەتەنها بەڵكو موڵكى هەموو لایەكە لەڕووبارەكانیشدا لە جێگاى دوور لە چاوى دوژمن دادەنرێن.گەلى بۆرۆ ژمارەیان بەرەو كەمبونەوە دەچێت بەهۆى ئەوەى بازرگانانى لاستیك زۆریان لێ دەكوژن و تووشى نەخۆشیەكى زۆریش دەبنەوە،لەوانەشە ڕۆژێك دابێت كەبەتەواوى توشى قڕبوون بێن.</s>
   <s>3ـ دارستانە سنەوبەریەكان(قوچەكیەكان):
دارستانە سنەوبەریەكان(قوچەكیەكان) بازنە پانیە مامناوەندە ساردەكەى نیوەگۆى باكورى زەوى داپۆشیوە كە چەند بەشێكى فراوانى ئەمەریكاى باكور و ئۆراسیا دەگرێتەوە، واتا بازنەى پانیى 50ە لە ئۆراسیا45ە لە ئەمەریكا.</s>
   <s>سنوورى باكوریشی  لەگەڵ هێڵى گەرمى 10ە س دەڕوات لەگەرمترینى مانگەكانى ساڵدا ،كەواتە ناوچەیەكى پێگوازە (انتقالیە) لە نێوان دارستانە گەڵارێزەكانى باشور وبیابانە سەهَۆڵبەندانەكەى باكور، چونكە نزم بوونەوەى پلەى گەرمى تا خوارتر لە 10ە س لە زۆربەى مانگەكانى ساڵدا ئەوە دەگەیەنێت كە قەبارە و چڕى دارەكان كەم دەبنەوەو ئیتر لەو پلە گەرمییەیدا ناڕوێن و گەشە ناكەن.</s>
   <s>دارى كاژ (سنەوبەر) قوچەكیەو قەدەكەى ڕاستە و گەڵاكانى دەرزیلەییەو لەماوەى ساڵدا ناوەرن، واتا دارێكى هەمیشە سەوزن پێویستیشى بە نزیكەى250 ملم باران هەیە و دەشتوانێت لە خاكى بێ پێزدا بژیت.</s>
   <s>دارستانەكانى كاژ گەورەترین كۆگاى تەختەى نەرمن لە جیهاندا و دارەكانیشى بریتیە لە كاژ و مێشە (شەربین) و شەوكەران.</s>
   <s>ئەم دارستانانە رووبەرێكى بەرفراوانى لە وڵاتانى سوید و نەرویج و فینلەندە داپۆشیوەو (سیبیریا)ش فراوانترین ناوچەیە لە جیهاندا كە ئەم جۆرە دارستانەى تێدا بڵاوبووبێتەوە، كەچى ئەو سوودەى لێ نەبینرا ، بەتایبەتى لە سیبیریا، بەهۆى ئەوەى ئاووهەواى ناوچەكە گەلێ ساردوسەختە و،ئەو رووبارانەش كە لە باشورەوە بەرەو باكور دەڕۆن رێژگەكانیان دەیبەستێ.</s>
   <s>هەروەها لە نێوان (زەریاى ئەتلەسى) و (زەریاى هێمن)یشدا ناوچەیەكى بەرفراوانى كا(سنۆبەر) كشاوەو دارستانێكى لێك نەپچراوى لە نێوان ناوچەى باكورى ئەمەریكا و بەشەكانى باكورى كەنەدا دا پێكهێناوە.</s>
   <s>هەرچى لە نیوەى باشورى گۆى زەویە ئەوا ئەو جۆرە دارستانە بە شێوەى پارچەى بچووك تەنیا لە خۆرئاواو باشورى ئەمەریكاى باشوردا دەبینرێن، چونكە وشكانى لەوێ كەمە .</s>
   <s>پیشەى دانیشتوانى ئەم دارستانانەش بریتیە لە دار بڕین وڕاوى گیانلەبەرى كەوڵدارى وەكو (ڕێوى و كەروێشك) ، هەروەها كشتوكاڵى جۆ و گارس(شۆفان) و گەنمیش دەكەن جگە لەوەش هەندێ پیشەسازى یان هەیە كە لە كەرستەى خاوى تەختە سازدەكرێت، وەك دروستكردنى كاغەزو دەنكەشخارتە.</s>
   <s>ژینگەى بیابانى :
نالەبارى وسەختى ئاووهەوا لەو هەرێمانەدا كە ژینگەى بیابانى پێ دەڵێن شوێنەوارێكى نەرێنى تێدا بەجێ هێشتووە.</s>
   <s>دەشتوانین بیابانەكان بە دوو جۆر بیابان دابنێن: بیابانە گەرمەكان و بیابانە ساردەكان.</s>
   <s>هەرچى بیابانە گەرمەكانە، لە نێوان پلەكانى گەرمى رۆژێكى دا (24) سەعات جیاوازیەكى گەورە هەیە ، هەروەهاش لە نێوان پلەى گەرمى ى ساڵدا، واتا دوو هەوایە، بارانیش دەگمەنەو ڕووەك وگیانلەبەریش كەمە.ئەم دۆخەش باروشێوازى ژیانى ئەو كۆمەلە ئادەمیزادانەمان بۆ روون دەكەنەوە كە لەوێ دەژین.</s>
   <s>ئەو كۆمەلانە یان شوانن لە چوارچێوەى ئەو ناوچانەدا بە پیشەى شوانییەوە خەریكن كە رووبارو چاوگەى ئاوى تێدا نییە، یان جوتیارن ولە نزیك رووبارو لەو مێرگانەدا بە كشتوكاڵەوە خەریكن كە كانیاو یان بیرى ئاوى تێدایە، وەكو مێرگەكانى بیابانى گەورە،لەو مێرگانەدا جۆ و گەنمە شامى و زەیتون و دارمێو و دار خورما وەبەردێنن.</s>
   <s>هەرچى بیابانە ساردەكانیشە ژیانێكى هەژاریى شوانیى تێدا هەیە كە چەند كۆمەلێك پێوەى خەریكن(ئەسكیمۆ) یان پێ دەڵێن.ژمارەى ئەسكیمۆش نزیكەى (40) هەزار كەسێك دەبن، لەمانە نزیكەى (16) هەزاریان لە كەنەدا و (14) هەزاریان لە گرینلاند و ئەویتری لە ئالاسكا و كەنارەكانى بەرى ئاسیاى گەرووى بێرینگ دەژین.</s>
   <s>هەموشیان بە زمانێك دەدوێن و چەند دیالێكتێكى لێك نزیكیشان هەیە.</s>
   <s>باڵایان كورتە، وكەللەیان درێژە، ولووتیان ڕێك و بچووكەو قژیشیان ڕەش و زبرە.</s>
   <s>ئەسكیمۆ بە شێوەى كۆمەلەى بچووك بچووك دەژین و هەر كۆمەلەش 400 – 500 كەس دەبن بە تایبەتیش بە زستانان، بەڵام هاوینان كەم دەبنەوە.</s>
   <s>ئەسكیمۆ شوانیشن، ئاسكى(ڕەنە) دەلەوەرَینن بەڵام ئەو كۆمەڵانەیان كە لە كەناراوەكانەوە نزیكن ڕاوى دەریایى دەكەن.</s>
   <s>پیسبوونى ژینگە:
 مرۆڤ بەو ناوچەیەوە پابەندە كە ئیشوكارى تێدا دەكات.</s>
   <s>ئەو ناوچەیەش بە بنچینەى شارستانیى و بناغەى عەقل وهۆشى دادەنرێت، لەبەر ئەوە دەبێت نیشانەو جیاكەرەوەكانى ئەو پابەندیە ئەرێنى ونەرێنیان بخوێنرێن ولێیان بكۆلرێتەوە، چونكە ژیانى مرۆڤ و بەردەوامى ژیانى مرۆڤ لەسەر خستنەژێر بارو وەبەرهێنانى ئەو رەگەزانە بەندە كە ژینگەكەى لێ پێكهاتووە و تا چ ڕاددەیەك دەتوانێت پێداویستى سەرەكى خۆى لێ دەست بكەوێت و هەموو پێداویستیەكى مانەوەو بەردەوامى و گەشەكردن و وەچەخستنەوەى تێدا دابین بكات و هۆى حەسانەوەى و هەوا گۆرینى (استجمام) بۆ ئامادە ببێت.</s>
   <s>هەر زیانێكیش تووشى ئەو ڕەگەزانە ببێت بێگومان كارێكى نەرێنى بەكاروانى بەردەوامى ژیانى كۆمەلى ئادەمیزاد دەگەیەنێت وئەمرۆ بێت یان سبەى زیان لەچالاكیەكانیشى دەدات، چونكە مرۆڤ خۆى كارتێكەرێكى زیندەوانیە لەو دەزگا ژینگەكردە زیندووەدا ، ساغى و سەلامەتی پێكهێەرەكانى ژینگەى دەوروبەریەوە بەندە.</s>
   <s>ئەو پێشكەوتنە زانستانەو تەكنەلۆجیانەش كە لەم ماوەیەى دواییەدا جیهانى گرتۆتەوە شوێنەوارى بە شێوەیەكى ڕوون وئاشكرا گەیشتۆتە بوارەكانى پیشەسازى و كشتوكاڵیش، وچەند گیروگرفتێكى بنچینەییشى لەگەڵ خۆى هێناوە كە ڕەگەزەكانى ژینگە ئێستا پێوەى دەناڵێنن، ئەو گیروگرفتانە كاتێك دەركەوتن و ئاشكرا بوون كە چالاكیى زانستى و تەكنەلۆجى هەموو بوارێكى جۆربەجۆرى ژیانى گرتەوە بە جۆریكى ئەوتۆ كە ئەم گیروگرفتانە سیستەمى ژینگەیی ئێستاى لاسەنگ كردووە لەوانەشە مەترسیەكى گەورەتر بۆ ئادەمیزاد دروست بكات.</s>
   <s>كردارى دەرچوون ولادانیش لە سیستەمى ژینگەیی پێى دەوترێت ( بوارەكانى پیسبوونى ڕەگەزەكانى ژینگە).</s>
   <s>گرنگترین پێكهێنەرەكانى ژینگەش كە لەوانەیە تووشى مەترسى پیسبوون ببن ئەمانن:
1.</s>
   <s>پیسبوونى پێكهێنەرەكانى هەوا.</s>
   <s>2.</s>
   <s>پیسبووونى ئاو.</s>
   <s>3.</s>
   <s>پیسبووونى خاك.</s>
   <s>1.</s>
   <s>پیسبوونى پێكهێنەرەكانى هەوا:
      دیاردەى پیسبوون دیاردەیەكى ئەوەندە كۆنە كە ڕەگوڕیشەى لەگەڵ پەیدابوونى خودى سرووشتدا داكوتاوە، چونكە هەر لە كۆنەوە گڕكانەكان و ڕەشەباى بەهێز ببوونە هۆى پیسكردنى ژینگە، بەڵام دواى شۆرشى پیشەسازى و خڕبوونەوەى كارگەكان لە نزیك شارەكان و ناوەراستى نشینەگەكانى مرۆڤەوە، ئیتر ئەومادانەى كەدەبنە هۆى پیسبوونى هەوا وپێكهێنەرەكانى پتر بوون، ئەویش بە هۆى ئەو غازە ژەهراوى و دووكەڵ و بۆنە پیسانەى كەلە كارگەكانەوە دەردەچن.</s>
   <s>ئەمانە بوون بە هۆى لاسەنگ بوونى ڕێژە سروشتیەكەى پێكهێنەرەكانى هەوا، ئەوەتا ڕێژەى غازى دووەم ئۆكسیدى كاربۆن لە شارى مۆڵگە پیشەسازیەكاندا بە جۆریك زۆربووە كە پیسبوونى بایەلۆجى لێ پەیدابوە و بۆتە هۆى هەندێ نەخۆشى و روودانى تەنگەنەفەسى و خنكان، وەكو ئەو دۆخەى كە لە شارى لەندەن و تۆكیۆو (دۆڵى مێز) لە بەلجیكادا هەیە.</s>
   <s>بۆ پاراستنى  ژینگە لە پیسبوونى پێكهێنەرەكانى هەوا چەند پێشنیارێك  كراوە،لەوانە: دەبێ كارگەكان دوور لە جێگاى نیشتەجێبوونى چڕى دانیشتوان دابمەزرێن، لە جێگایەكدا كە سەوزایی وشیناییەكى فراوان دەورى دابێت بۆئەوەى بتوانێت هەواكەى بپاڵێوێت و پاكى بكاتەوە.</s>
   <s>هەندێ دەولەتیش لە هەڵەى هەندێ دەوڵەتى تر سوودیان وەرگرت و فێرى ئەوە بوون كە وەكو ئەوان بە شێوەى هەڵە جێگەى دامەزراندنى كارگەكان دەستنیشان نەكەن.</s>
   <s>هەروەها دەبێ دووكەڵكێشى بەرزبەرز و دووكەڵ پاڵیو(فلترە)  لە كارگە پیشەسازیەكاندا دابمەزرێنن.</s>
   <s>ئەگەر بە پێویستیش زانرا ئەوا هەندێ كارگە لە جێگە كۆنەكانى خۆیانەوە بگوازرێنەوە بۆ جێگایەكى تر كە بۆ ساغى و سەلامەتى مرۆڤ جێگاى دڵنیاییەكى زیاتر بێت.</s>
   <s>2.</s>
   <s>پیسووونى ئاو:
       پاراستنى ئاو لە پیسبوون كارێكى زۆر گرنگ و پێویستە بۆ ئەوەى تەندروستى مرۆڤ و ژیانى ماسى و گیانلەبەرانى ترى ناو ڕووبار ودەریا و زەریاكان بپارێزرێت.ئاوەكان چۆن پیس دەبن ؟ ئاوى پیس و پاشەرۆو پاشماوەى رەق كە شارەكان فڕێى دەدەنە ناو رووبارەكانەوە وادەكات ئاوى خواردنەوە توشى پیسبوون بێت و هەرچى مەرجى تەندروست و ئاساییە پێوەى ناهێلێت.لەگەڵ دروستكردنى كارگەو پاڵێوگەو پیشەسازى قورس لەسەر رۆخى رووبارەكان وكەنارى دەریاوزەریاكان ،هەروەها ئەو پیسبوونەى كە كەشتیە نەوتبەرەكان لە ئاوى زەریاو دەریاكاندا دروستى دەكەن.</s>
   <s>بۆ پاراستنى دەرامەتى ئاو لە پیسبوون پێویستە ئەمانە بكرێت: دەبێت ئاوە پیسەكان پێش ئەوەى بگەنە رووبارەكان چارەسەر بكرێن و مادە زیانبەخشەكان و ڕێژەى خاشاك و خڵتەى پیسیان لێ كەم بكرێتەوە.</s>
   <s>هەروەها پێویستە ئاوەرۆى پرۆژە پیشەسازیەكان وئاوەرۆكانى باران بكرێتە سەر ئاوەرۆیەكى گەورەتر كە لە كۆتاییەكانیان پێش ئەوەى بگەنە رووبارەكان پیساییەكانى تێدا چارەسەر بكات.</s>
   <s>هەروەها جێگەى كارگە پیشەسازیەكانیش دەبێت وەها بن كە زیان بە شارەكان نەگەیەنن و دەشتوانرێت یاساى بەهێز دابنرێت بۆ پاراستنى دەرامەتەكانى ئاو كە كەس نەتوانێت پاشەرۆى شل و توندى بكاتە سەر و ئاوى رووبارەكانى پێ پیس بكات .</s>
   <s>بواریش بە خەڵك بدرێت كە چاودێرى ئەم لایەنە بكەن وهۆشیار بكرێنەوە لەبارەى گرنگى دەرامەتى ئاو بۆژیان وتەندروستى مرۆڤ و ئاگاداربكرێنەوە لە بەفیڕۆنەدانى سامانى ئاو و دەست پێوەگرتنى.</s>
   <s>3.</s>
   <s>پیسبوونى خاك:
       ئادەمیزاد بەر لە شۆرشى پیشەسازییش فاكتەر بووە لە پیسبوونى خاك، چونكە هەر لەسەرەتاوە دەستى كرد بە بڕینى دارستانەكان و لەوەڕاندنى ئاژەڵ بە شێوەیەكى زۆر و بێ سەروبەر لە ناوچە نیمچە ووشكەكاندا، ئەم كارەش راماڵرانى خاكەكەى ئاسان كرد و سەرەنجام سیفەتە چاكەكانى نەهێشت و بوو بە خاكێكى كەم پێزو كەم بڕشت.</s>
   <s>لەسەردەمى سەردەمى پیشەسازى و كشتوكاڵى نوێ بوارى تازەتر بۆ وێرانكردنى خاك هاتە گۆڕێ ، چونكەكردارێكى زۆرى هەڵدڕین و هەڵكەندن بۆ كانزاكارى ئەنجام درا ، و خاك بۆ دروستكردنى خشتى سوور بەكارهێنرا كاتێ چاڵێكى زۆر لە دەوروبەرى ئەو كوورەوكارگانە لێدران كە شێوەى سروشتى خاكەكە دەشێوێنێ ، وپڕ دەبێت لە ئاوى پیس و ناچار دەرمانى قڕكەرى مێرووى تێدەكرێت كە ئەمەش خاكەكە پیس دەكات.</s>
   <s>بۆپاراستنى خاك لە پیسبوون ، پێویستە ناوچە پیشەسازیەكان كە دەبنە هۆى ئەم پیسبوونە دابڕبكرێن و تەریك بن و بە دەوروپشتى دا تا ماوەیەكى فراوان پشتێنەیەكى رووەكى وسەوزایی شین بكرێت ، و چاڵ و زەویە هەڵكەندراوەكانیش بكرێن بە دەریاچە و سەیرانگە.</s>
   <s>هەروەها دەرامەتى دارستانەكان بپارێزرێن و رێگا نەدرێت بە شێوەیەكى كوێرانە دارەكان ببڕدرێن و لەوەڕاندنى بە لێشاوو بێ سەروبەر وبێ سەرپەرشتى بوەستێنرێت، هەروەها دەبێت ئەوشێوازە كشتوكاڵیانەش قەدەغە بكرێن كە گونجاو نین بۆ ئەوەى خاكەكە تواناى بەرهەمهێنانى تێدابمێنێتەوە و كەم هێز نەبێت،سنووریش دابنرێت بۆ سەرپێچى كەران و سزابدرێن












فەرهەنگی ووشەكان
كوردى 	عەرەبی	1.</s>
   <s>كوردى 	عەرەبی
ئــ	2.</s>
   <s>بەند	الفصل
ئاودزەكان	مسارب المیاه	3.</s>
   <s>بنەماكان	مقومات، اسس
ئامێركار	الی	4.</s>
   <s>بە جیوە	زئبقیە
ئاودڕ	الجرف	5.</s>
   <s>باشوورین	الجنوبی
ئاگركار	بركانی	6.</s>
   <s>با جێگاكرددەكان	الریاح المحلیە
ئاواكارى	الاستیگان	7.</s>
   <s>باى هەمەڕۆژە	الریاح الیومیە
ئەلكول	الكحول	8.</s>
   <s>بارانى هەورى سەركەوتو	الامگار التصاعدیە
ئاست، ئاقار	مستوى	9.</s>
   <s>بارانى بەرزە دیاران	الامگار التچاریسیە
ئۆقرەگر	پابت	10.</s>
   <s>بەكەلك هێنان	الاستفادە من
ئۆقرە نەگر	غیر پابت	11.</s>
   <s>بەگەنكردن	اختیار، قبول
ئاراستەكان	الاتجاهات	12.</s>
   <s>بێ هاوتا	فرید من نوعه
ئاومالك	غرین	13.</s>
   <s>بڕگە	قگاع
ئاو بەسەرە	محتفڤ میاه السگحیە	14.</s>
   <s>ببڕاو ببڕ	نهائیاَ، قگعاَ
ئاوهەڵچنە	ماصە للمیاه	15.</s>
   <s>بیابانی	البدو
ئارەقە، ئاودەردان	النتح	16.</s>
   <s>بیابانى گەرى	البداوە
ئاسەوار	اپار	17.</s>
   <s>بان، بانو	هچبە
ئاوەردە	واردات	18.</s>
   <s>بەرەى گشتكارى	قگاع زراعی
ئاژاوتن	السیاقە	19.</s>
   <s>بێڵ تەپ	تقلیب التربە
ئاسنە ڕێ	الگرق الحدیدیە	20.</s>
   <s>بەكاربەر (كاركەر)	المستهلك
ئاڕاستەكار	موجه	21.</s>
   <s>بەرهەمهێن	المنتج
ئاوسەرخەر	مچخە	22.</s>
   <s>بەراو	الاراچی السیحیە
ئاوپڕژێن	رشاشە المیاه	23.</s>
   <s>بەنداو	السد
بــ	24.</s>
   <s>بەرایى	القابلیە 
   بەش	  الباب	25.</s>
   <s>بە بڕشت	القابلیە
بەرە بەرە	بالتدریج	26.</s>
   <s>پێوەر	المقیاس
بەردەڕێژ	الرصف بالحجارە	27.</s>
   <s>پەیت	مركز
پــ	28.</s>
   <s>پێكدادان	التلاگم
پێكهاتووى دەریاكرد	تكوینات بحریە	29.</s>
   <s>پەڕگر	متگرف
پەرداخكردن	الصقل	30.</s>
   <s>تــ
پارچەى سەردابڕ	مقگع رأسی	31.</s>
   <s>تاوێر	الصخر
پشتێنە	نگاق	32.</s>
   <s>تەكان	حركە، اندفاع
پەستان سۆك	الچغگ الخفیف	33.</s>
   <s>تەوژم، تەزوو	التیار
پەستان قورس	الچغگ العالی	34.</s>
   <s>تێكڕا، تێگرا	متوسگ، المعدل
پچڕ پچڕ	متقگ	35.</s>
   <s>تەواوسازى خۆبەخۆ	الاكتفا‌و الژاتی
پۆشاكى ڕوەككرد	الغگا‌و النباتی	36.</s>
   <s>تایە	المشتل
پەستانى هەواكرد	الچغگ الجوی	37.</s>
   <s>تاوێركار(ڕەقەن)	صخری
پێشبینى	تنبۆ	38.</s>
   <s>تاوێرى لمكار	الصخور الرملیە
پێوانەكارى	المسح، المساحە	39.</s>
   <s>تاوێرى ئاگرین	الصخور الناریە
پەموانە	بژور القگن	40.</s>
   <s>تاوێرى نیشتەنیكردن	الصخور الرسوبیە
پەى پێ بردن	دراك، اكتشاف	41.</s>
   <s>تاوێرى گۆڕاو	الصخور المتحولە
پیشە	المهنە	42.</s>
   <s>تێدا دەكوژێتەوە	ینتهی الیه
پیشەسازى	الصناعە	43.</s>
   <s>تاقتكردن	تخزین، الحفڤ
پیشەداركردن	التصنیع	44.</s>
   <s>تایبەتمەند	تخصص، المتخصص
پارەى خەوتوو	الارصدە المالیە(النقدیە)	45.</s>
   <s>تەوژمى كەنداو	التیار الخلیجی
پیس بوون	التلوپ	46.</s>
   <s>تەواوكارى	التكامل
پەڕش	الشیلم	47.</s>
   <s>تێكچڕژان	التشابك
پاڵە	عامل زراعی	48.</s>
   <s>تەریك	منعزل، بعید
پەیین كردن	التسمید العچوی	49.</s>
   <s>تۆڕئاسا	مشبكە، شبكیە
پەیینى كیمیاكار	السماد الكیمیائی	50.</s>
   <s>تەقینەوەى كانى ئاگرینەكان	پورە البراكین
   پێكداچوون	التشابك	51.</s>
   <s>جــ
پێز، پیت	الخصوبە	52.</s>
   <s>جێگاكرد	المكانیە
جێگا حەواڵەكردن	المواچع المشرفە	53.</s>
   <s>خەستەوەبوو	مكپف
جوغرافیگە	الجغرافی	54.</s>
   <s>خەستەوەبوون	التكاپف
جێ مەبەست	الهدف	55.</s>
   <s>خاروبار	ارزاق
جەستەیەكى فڕۆك	جسم گائر	56.</s>
   <s>خستنەڕوو	العرچ
جێكار	الاپر	57.</s>
   <s>خواست	الگلب
جەنگ سار	حربی	58.</s>
   <s>خۆركار، خۆركرد	الشمسی
جەنجاڵ	مزدحم، ازدحام	59.</s>
   <s>خۆڵەكەوە، خۆڵەمێش	الرماد
جامباز	دلال، سمسار	60.</s>
   <s>خۆهەڵواس	متسلق، متعلق
جۆشخوار	كارە لاحم	61.</s>
   <s>خاسیەتى دەزولەكردن	الخاصیە الشعریە
چــ	62.</s>
   <s>خوارتر(نزمتر)	اوگأ
چڕ	كپیف	63.</s>
   <s>خوارین	الاوگأ، السفلی
چەندێتى	الكمیە	64.</s>
   <s>خستنە ژێربار	تسخیر، استغلال
چەندو چۆنى	الكمیە و النوعیە	65.</s>
   <s>د
چۆنیەك	متساو، متشابه	66.</s>
   <s>داتاشراو	منحوت
چەپ	معزول، منعزل	67.</s>
   <s>دیاردە	ڤاهرە
چیا چەماوەكان	الجبال الالتوائیە	68.</s>
   <s>دەرامەت	مورد
چیا شكست كردەكان	الجبال الانكساریە	69.</s>
   <s>دانە	مفرد، عنصر
چاوگێرى	المراقبە	70.</s>
   <s>دارایى	المالی
حــ	71.</s>
   <s>دیكار، دیتنكار	المیدانی
حەوانەوە، حەسانەوە	الراحە	72.</s>
   <s>دارین	خشبی
خــ	73.</s>
   <s>داكەوتن	الهبوگ
خەست	كپیف، مركز	74.</s>
   <s>دیوى نەدیوى	الجهە الخلفیە(غیر المرئیە)
خول خواردن	دوران	75.</s>
   <s>كاریتە	من الجبل
خۆڵبار	مترب	76.</s>
   <s>دارى مێشە	الشربین
خۆڕسك	الگبیعی	77.</s>
   <s>دەچێتەوە سەر	ینتمی، یرجع الى
خاكى هەناسەدار	تربە مسامیە	78.</s>
   <s>دەردانەوە، بەرێخستن	التصریف
خەرمانە	هالە، اكلیر	79.</s>
   <s>دەڵاندن	الترشح
دزەدەكات	یتسرب	80.</s>
   <s>دەشتى خڵتەكرد	السهول العرینیە
داكشان(نیشتاو)	الجزر	81.</s>
   <s>ر - ڕ
داڕووتان، داماڵین	التعریه	82.</s>
   <s>ڕەگەز	عنصر، الاصل
داتاشین	النحت، اصگناعی	83.</s>
   <s>ڕاستەوخۆ	مباشرە
داڕووشان	الخدش	84.</s>
   <s>رێچكەى با	تیار الهوا‌و، اتجاهه
داى لەلێژى	تردى	85.</s>
   <s>رەنووسكرد	الرقمی
داڵدە ئاو	المرفأ	86.</s>
   <s>رووناكیكار	الچوئی
داڕشتن	صیاغە، الصب	87.</s>
   <s>ڕوانگە	المرصد
داڵدە	ملجأ	88.</s>
   <s>رامالین	الجرف
دووكەڵكێش	مدخنە	89.</s>
   <s>رامالران	انجراف
دووكەڵپاڵێو	مدخنە مفلترە	90.</s>
   <s>رابەركارى	الترشید
دەستیاو	سلفە	91.</s>
   <s>رووتەن	جردا‌و
دابارین	المتساقگ	92.</s>
   <s>رۆچوون	هبوگ الارچ
دەم دەمى	متژبژ	93.</s>
   <s>رۆخە دەشت	سهل الساحلی
داهێنان	اخترع، ابداع	94.</s>
   <s>ز
دووهەوا	الجو المتقلب، القاری	95.</s>
   <s>زەریا	المحیگ
دەستكردى مالەوە	الصناعات المنزلیە	96.</s>
   <s>زورگان	اراچی متموجە
دەستكرد	یدوی	97.</s>
   <s>زورگ	التل، التلال
دەست رەنگینى	المهارە الیدویە	98.</s>
   <s>زیندەكارى، زیندەوەرزانى	الحیوی
داى لەزۆرى	ازداد	99.</s>
   <s>زوقم	الصقیع
دەوەن	شجیرات	100.</s>
   <s>زیادەگێرى	التوسع
دەرمانى هەرێزكوژ	ادویە مكافحە للادغال	101.</s>
   <s>ژ
داشوشتن	البزل	102.</s>
   <s>ژوورینەكان	العلیا
داشۆركارى	عملیت البزل	103.</s>
   <s>ســ
داخلیسكان	انزلاق	104.</s>
   <s>سەردەم، سەرزەمان	الازمنە
دەریا	البحر	105.</s>
   <s>سەرد	شدیدە التماسك، صلد
دەشتى لافاوكرد	السهول الفیچیە	106.</s>
   <s>سەویە، ئاست	المستوى
سەنگ	الوزن، الحجر	107.</s>
   <s>شاش	متفرقە، غیركپیف
سەركەوتن	الصعود، النجاح	108.</s>
   <s>شەتاو	الشگ، الما‌و الوفیر
سەوڵ ئاسا	مجژابی الشكل	109.</s>
   <s>شاڕێگە	الگریق الرئیس
سوورانەوە	الدوران، التجوال	110.</s>
   <s>شكستكرد	الانكساریە
سنورى داتاشراو	حدود مصگنعە	111.</s>
   <s>عــ
سەربازى، سەروازى	العسكری	112.</s>
   <s>عەماراو	خزانات المیاه
سیفەتى دەست باڵا	الصفە الغالبە	113.</s>
   <s>قــ
سەرمایەى پارە	رأس المال النقدی	114.</s>
   <s>قۆڵ	جهە، ژراع
سەروەریى	السیادە	115.</s>
   <s>قاڵبووەكان	المتمرسون، بلورات المتخصصون
سەربەخۆیى	الاستقلال	116.</s>
   <s>قەڵەباڵغ، قەرەباڵغ	كپیر النفوس
سەردەكات	یتسرب، یتدفق	117.</s>
   <s>قاپوور، توێكڵ	درع، هیكل
سفت	كپیف(للنسیج)	118.</s>
   <s>قوڵایى بین	المسبلر
سەربەرەو دەریا	نحو البحر	119.</s>
   <s>كــ
سەرەتاتكێ	الاستگلاع	120.</s>
   <s>كەندڕ	الجرف
شــ	121.</s>
   <s>كێشانە    	
شلەتێن	فاتر	122.</s>
   <s>كۆتایى گەورە	النهایە العڤمى
شەوكەران	شجرە الشوكران	123.</s>
   <s>كۆتایى بچوك	النهایە الصغرى
شارەزایى دۆخى هەوا	الانوا‌و الجویە	124.</s>
   <s>كەمەرەى زەمین	خگ الاستوا‌و
شوێنكار	معالم، اپر	125.</s>
   <s>كاژ	الصنوبر
شێ ى رێژەیى	الرگوبە النسبیە	126.</s>
   <s>كانى ئاگرین(ئاگرپژێن)	البركان
شان لەشان	المزاحمە، المنافسە	127.</s>
   <s>كووڕ	عالی، مقوس
شكستەنى	المواد القابلە للكسر	128.</s>
   <s>كەنارەو كەنار	على امتداد الساحل
شمەكى بەرهەم ساز	السلع الانتاجیە	129.</s>
   <s>كەناراو	الساحل
شمەكى بەكاربردن	السلع الاستهلاكیە	130.</s>
   <s>كوختە، كونج	الكوخ
شارى قەڵاكار	مدینە محصنە(عسكریە)	131.</s>
   <s>كۆمەڵى یەكان	الجماعیە
شارى خێو(درنج)	مدینە الاشباح	132.</s>
   <s>كشتگە	مزرعە
شارى ملیۆن نشین	مدینە ملیونیە	133.</s>
   <s>كشتار	مزارع
كزن	البرسیم	134.</s>
   <s>لەخۆزیاد	الفائچ عن الحاجە
كشتوكاڵى جێگۆڕكێ	الزراعە المتنقلە	135.</s>
   <s>لەون، كارزان	كفۆ
كشتوكاڵى گوزەرەنكارى	الزراعە المعاشیە	136.</s>
   <s>لەون، كارزان	كفۆ
كڵكار	الفخاری	137.</s>
   <s>لێدەرهاتى نەوت	مستخلصات النفگ
كێشانە سووك	ژات الوزن الخفیف	138.</s>
   <s>لمكار	رملی
كەلێن	المنفژ	139.</s>
   <s>لابەلا، لەلاوە	بصورە غیر مباشرە
كەڕەتۆپەڵ	كتلە صما‌و	140.</s>
   <s>لوولەكێشى	مد الانابیب
كارزانى	الكفا‌وە	141.</s>
   <s>مــ
كارزان	الكفۆ	142.</s>
   <s>مرۆڤكرد، مرۆڤكار	من صنع الانسان
گــ	143.</s>
   <s>مۆڵگە	المركز
گۆڕاوەكان	المتحولە	144.</s>
   <s>مۆڵگەى ناوچە	مركز الناحیە
گڵكار	الگینیە	145.</s>
   <s>مۆڵگەى بەڕێوەبراو	مركز اداری
گیانلەبەر، بێ زمان	الحیوانات	146.</s>
   <s>مۆڵگەى هەڵسوڕاو	مركز اداری
گەردونى	الفلكیە	147.</s>
   <s>مێگەل	قگیع
گڕە	السموم	148.</s>
   <s>مێگەلەشار	مدینە متجمعە
گەڵارێژ	نفچیە	149.</s>
   <s>مێژووكرد	تاریخی
گەروو، تەنگە	المچیق	150.</s>
   <s>مت بوون	سبات
گەورەشار	المدینە الكبیرە	151.</s>
   <s>میزاودان	التسمید الحیوانی (العچوی)
گیازەنگولە، گارس	الشوفان	152.</s>
   <s>مۆلەتكار	مۆقت
گاسنكێش	جرارات المحاریپ	153.</s>
   <s>نـــ
گەرماگۆركێ	التغییرات الحراریە	154.</s>
   <s>نیشتەنى جۆشكار	رسوبیە لاحمە
گۆل گۆلكراو	مقسمە الى حقول	155.</s>
   <s>نیشتەنى كردەكان	الرسوبیە
گەردوونەجێ	الموقع الفلكی	156.</s>
   <s>نشینە، دانیشتوان	السكان
لــ	157.</s>
   <s>نەخشەى نشینە نماكان	الخرائگ السكانیە
لەلەكراو	مدرجە بخگوگ	158.</s>
   <s>نەخشەى مێژوونما	خریگە تأریخیە
لادەدات	ینحرف	159.</s>
   <s>نخوونكراو	منكوس، مقلوب
لقەقۆڵ	جهات فرعیە	160.</s>
   <s>نیمچە خوڵگە	شبه مداری
نیشتن	ترسب، هبوگ	161.</s>
   <s>هەڵدەوێردرێت	یستپنى
نیشتنى(داكەوتنى) هەوا	هبوگ الهوا‌و	162.</s>
   <s>هەڵدێر	حافە الجرف
ناچونیەكى	التباین	163.</s>
   <s>هەڵدەێردرێت	ینحدر، یسقگ
نەوە	السلالە	164.</s>
   <s>هەڵدێران	التدحرج، السقوگ
نایەتە پێوان (ناپێورێت)	غیر قابل للقیاس	165.</s>
   <s>هەڵمێن، هەڵمان	التبخر
نشینگە (ئاوایى)	مستەگنە	166.</s>
   <s>هەڵسوڕاندن	الادارە
نۆڕینى تایبەتكار	النڤرە الخاصە (المتخصصە)	167.</s>
   <s>هەڵئاوسان	التچخم، الانتفاخ، التورم
ناپێویست	الكمالیات	168.</s>
   <s>هەرگیز	الدائم
ناوچەى پێ گواز	منگقە انتقالیە	169.</s>
   <s>هەڵقوڵان	الانبپاق، التدفق
ناوەند	متوسگ	170.</s>
   <s>هۆكارى خۆجێ	الاسباب (العوامل) المحلیە
ناتەوایى جیۆلۆجى	العیوب الجیولوجیە	171.</s>
   <s>هەروەزى	التعاونی
ناردەنى	صادرات	172.</s>
   <s>هەرەس	المنحدر المنشق المائل للسقوگ
نەوتبەر	ناقلات النفگ	173.</s>
   <s>هەرەسهێنان	الانهدام، انزلاق الارچ
نۆرەى كشتوكاڵ	الدورە الزراعیە	174.</s>
   <s>نیشتەنى	ترسبات	175.</s>
   <s>نەهەنگ	الحوت	176.</s>
   <s>نانەوە، هەڵبژاردن	اختیار	177.</s>
   <s>نیشانە	الاشارە، الهدف	178.</s>
   <s>هــ	179.</s>
   <s>هەناسەدار	مسامی	180.</s>
   <s>هۆ	سبب	181.</s>
   <s>هەسارە	كوكب سیار	182.</s>
   <s>هەمەجۆر	متنوع	183.</s>
   <s>هێڵكرد	الخگی	184.</s>
   <s>هێڵكار	مخگگ، تخگیگ	185.</s>
   <s>هۆكار	المۆپر، تأپیر	186.</s>
   <s>هەڵاوێردن	استپنا‌و	187.</s>
</ch>