<?xml version="1.0" encoding="UTF-8"?>
<ch>
  <s>﻿

جوولەى بــــەلـــەرە و جـــوولــەی بە شەپۆل 
Vibrational Motion and Wave Motion           

بـەشــى دووەم
جــووڵــەى بـەلــەرە

( 1 – 2 ) پـێــشــەكــی :-
لـەسـاڵانـى پێـشـتر قـوتابـى ( خـوێندكـار ) شـارەزاى هـەنـدێك لـەجـۆرەكـانـى جـووڵـە بـووە .</s>
  <s>هـەندێكیان لەسـەر ڕێـڕەوى ڕاسـت ڕوودەدەن وەك ڕێـرەوى ئـەو تەنـەى بەسـەربەستـى بەردەبێتـەوە یـان لەسـەر رێرەوێكـى چـەمـاوە ڕوودەدەن وەك ڕێـرەوى مـووشــەكەكـان و پێچـدانـەوەى ئوتۆمبێلـەكان ، وە لـەهـەنـدێ جـووڵەدا تەن لەسـەر ڕێـرەوى بـازنەیـى دەڕوات ، پـێى دەووتـرێ جــووڵـەى بازنـەیـى وەك سـووڕانـەوەى مـانگ(هەیڤ) بەدەورى زەوى و سـووڕانـەوەى ئـەلكترۆن بەدەورى نـاووك لەگـەردیلـەكـانـدا .</s>
  <s>بـەو جـووڵـە بـازنـەیـى یـە و جـووڵـەكـانـى تـرى وەك ئـەو كە لـەكاتـى یـەكسـانـدا دووبـارە دەبێتـەوە پـێى دەووتـرێ جـووڵـەى پـاتبوونـەوە یان ( جــووڵـەى دەورى ) كـە تەن لە جــووڵـەى دەورى دا هـەمـان ئـاڕاسـتەى دەبێت .</s>
  <s>بـەڵام ئەگـەر لـە جـووڵـەى دەورى دا ئـاڕاسـتـەى جـووڵـەكـە پێچـەوانـە ببێتـەوە ، ئـەوا پـێى دەووتـرێ جـووڵـەى بـەلــەرە .</s>
  <s>كـەوابـێ جـووڵـەى بـەلــەرە بریتـییـە لـە هـاتـوچـۆكـردنـى تەنێك لەسـەر ڕێـرەوێكـى دیـارى كـراو بـەدەورى خـاڵێك پـێى دەووتـرێ شـوێنـى سـرەوتن، وەك  جــووڵـەى بەلــەرەى بەنـدۆل یـان جــووڵـەى بەلــەرەى ئـەو تەنـەى بەسـپرینگـى پـان ( سـپرینگـى شـریتـى ) دەبەسـترێ كاتێك لەگـیرەیەك قـایـم دەكـرێت .</s>
  <s>بـڕوانـە وێنـەى ( 2-1 ) .</s>
  <s>( 2 – 2 ) مــەرجـەكـانـى پـەیـداكـردن و بـەردەوام بـوونـى جــووڵـەى بـەلـەرە :
ئـەو مـەرجـانـەى پێویسـتن بێنـەدى بـۆ دروسـت كـردنـى جـووڵـەى بـەلـەرە و بـەردەوام بـوونـى بـۆ كاتێكـى دیـاركـراو ئـەمـانـەن :
1)	هـەبــوونـى سـەرچـاوەیەكـى وزە پێـدەر لـەرینـەوەكـە پـەیـدا بكـات ، وە ئـەم وزەى تەنـە لـەراوەكـە لـەهــەر لـەرەیـەكـدا وونـى دەكـات پـێى بداتـەوە .</s>
  <s>2)	هـەبــوونـى هـێـزێك تەنـەكـە بـۆ شـوێنـى سـرەوتنـى بگـەڕێنێتـەوە ، كـەپێى دەووتـرێت هـێـزى گـەڕێنـەرەوە .</s>
  <s>لـەبـارى بەنـدۆل دا (وێنەى (2-2)) كاتێك گۆیـەكـەى بـۆ خـاڵـى (A ) 
ڕادەكـێشـرێت ئینجـا بـەڕەڵا دەكـرێت ، ئـەوا دوو هـێـز كـار لەگـۆى 
بەنـدۆلـەكـە دەكـات .</s>
  <s>یەكەمیـان كێشـەكـەى)¬¬(Fg¬ دووەمـیان گـرژى
 پـەتـەكــە(Ft) .</s>
  <s>كێشـەكـەى بـۆ دوو پێكنـەر شیتـەلأ دەكـرێت یەكێكیـان 
( Fgcosθ ) پێچـەوانـەى گـرژى پـەتەكـەیــە ئـەویـتریـان 
(Fgsinθ) سـتوونـە لەسـەر گـرژى ، هـەولأ دەدات گـۆى 
بـەنـدۆلـەكــە بگـەڕێنێتـەوە بـەرەو شـوێنـى سـرەوتن .</s>
  <s>واتـە لـەبـەنــدۆل دا :
                    -Fgsinθ =  گەڕینەرەوە F
وە هـێـزى گـەڕێنـەرەوە لـەبـەنــدۆل دا بـەنــدە لـەســەر : 
1)	گـۆشــەلادان (θ).</s>
  <s>2)	كێشـى گـۆیـەكــە(Fg) .</s>
  <s>چـەنـد گـۆیـەكــە بـەرەو شـوێنـى سـرەوتن بـڕوات هـێـزى گـەڕێنـەرەوە كـەم دەبێـت تـاودانیـش كـەم دەبێت ، بـەڵام خـێرایـى زۆر دەبێت .</s>
  <s>لـەشـوێنـى سـرەوتنـدا  هـێـزى گـەڕێنـەرەوە دەكـاتـە سـفــر و تـاودانیـش سـفـر دەبێت ، بـەڵام خـێرایـى گـەورەترینـە .</s>
  <s>كاتێك بـەنـدۆل لـەنـاو ناوەنـدێكـى بـەرهـەڵسـتكـەر وەك هـەوا دەلـەرێتـەوە ،ئـەوا نـاتوانێت لـەســەر لـەرەكـردن بـەردەوام بێت ، لـەڕاسـتیـدا فـراوانیـەكـەى بـەرەبـەرە كـەم دەكـات تـا لـە لـەرینـەوە دەوەسـتێت بـەم جـۆرە لـەرینـەوە دەووتـرێ لـەرینـەوەى لـەنـاوچــوو .وەك لە وێنەی (2-3)




(2-3) هـەنـدێك لـە زاراوەكـانــى جــووڵـەى بـەلــەرە :
1.</s>
  <s>لــەرەى تـەواو :
بـریتـییە لـە جـووڵــەى تەنێكـى لـەراوە لـە
خـاڵـێـكـەوە و گـەڕانـەوەى یـەكـسـەر بـۆ 
هـەمـان خـالأ و بـەهـەمـان ئـاڕاسـتە.</s>
  <s>لـەوێنـەى (a 4 2-) دا جـووڵــەى بـەنـدۆل 
لـە (  A      C        B        C       A ) 
لـەرەیـەكـى تـەواوە.</s>
  <s>2.</s>
  <s>كـاتــە لــەرە ( T) :Period
ئـەو كـاتەیـە كـە تەنێكـى لـەراوە دەیـخـایـەنێت
 بـۆ تـەواوكـردنـى یـەك لــەرە .</s>
  <s>وە بـە ( چـركـە )(sec) دەپیورێت .</s>
  <s>3.</s>
  <s>لــەرەلـەر ( f ) :Frequency
ژمــارەى ئـەو لـەرانـەیــە كـە تەنێكـى لـەراوە لـە یـەكــەى كـاتــدا دەیكـات .</s>
  <s>وە بـە
 ( چـركـە-1)( sec-1) یـان ( هـێـرتـز )(Hz) دەپیـورێت .</s>
  <s>كــەواتـە :                                              	                                                                         
4.</s>
  <s>لادان ( X ) :Displacement دوورى تـەنـى لـەراوەیــە لـە شــوێنـى سـرەوتنـیـەوە لەهەر ساتێكدا .</s>
  <s>5.</s>
  <s>فــراوانـى(A) :Amplitude گـەورەتـرین لادانـى تـەنـى لـەراوەیـە لـە شــوێنـى سـرەوتنـیـەوە .</s>
  <s>6.</s>
  <s>ڕەوگــە ( الگـور) : Phase 
بـۆ ئـەوەى جـێگا و ئـاڕاسـتـەى تەنێكـى لـەراوە لەسـاتێكـى دیـاریكـراو بـزانـین، پێویستـە ڕەوگـەكـەى لـەو سـاتـەدا بزانـین ، ڕەوگـەش بە پلـەى شـەستـى دەپیورێت لـەســەر ئـەو بنچینـەیـى كـە لـەرەى تـەواو (˚ 360 )یـە یـان ( radπ2 )ە ، یـان ڕەوگـە بە بەشێك لـە كـاتـە لـەرە دەپیورێت .</s>
  <s>واتـە ڕەوگـە بـارى لـەرینـەوەى تـەنـى لـەراوەیـە لـە ڕووى شـوێن و ئـاڕاسـتەى جــووڵــە .</s>
  <s>لـەوێنـەى ( 2-4b ) دا :
ڕەوگـەى بـەنـدۆل لـە شـوێنـى سـرەوتن ( C ) دا لەو ساتەی 
بـەرەو ( A ) دەڕوات دەكـاتـە ( 0 ) ، وە لـەخـاڵـى ( A ) دا 
ڕەوگـە دەكـاتـە ( °90) یـان ( 1/4 ) كـاتە لـەرە ، وە لـەخـاڵـى
 ( C ) دا كـە ئاڕاسـتـەى جــووڵـە بـەرەو خـاڵـى ( B)یە 
دەكاتە ( 180˚) یـان ( 1/2) كاتـە لـەرە لـەخـاڵـى (B) دا
 ڕەوگـە دەكـاتـە (˚270)یان (3/4)كاتە لەرە و
 لـەخـاڵـى ( C ) دا ، ئـاڕاسـتەكەشـى بەرەو خـاڵـى ( A ) دەبێت ،
 ئـەوا یـەك لـەرە تـەواو دەكـات ڕەوگـەكـەش دەكـاتـە (˚360)
  یـان(4/4كاتەلەرە ) .</s>
  <s>7.</s>
  <s>جـیــاوازى ڕەوگــە :Phase Difference
بریتـییە لـە گـۆڕانـى بـارى جـووڵانـەوەى تەنێكـى لــەراوە لەنێوان دوو سـاتـى جـیاواز یـان بـۆ دوو تـەنـى لــەراوە لـەهـەمـان ســاتـدا .</s>
  <s>لـەوێنـەى ( 2-5) دا ، دوو بـەنـدۆل لـەخـاڵـى سـرەوتن بـەئـاڕاسـتـەى پێچـەوانـەى یـەكـترى دەجـووڵـێن .</s>
  <s>واتـە جـیاوازى ڕەوگـە لـەنێوانیـانـدا دەكـاتـە (˚180) یـان (rad π) .</s>
  <s>نـمــوونـە (1): جــۆڵانـەیـەكـى منـداڵان ( 10 ) لـەرە تـەواو دەكـات لـەمــاوەى ( sec20 ) ، ئـایــا كـاتــە لــەرە و لـەرەلــەرەكــەى چــەنــدە ؟ .</s>
  <s>شــیكـار :    	
      


             

 ( 2-4 ) جــووڵــەى هــاوگـونجـاوى ســادە : ( Simple harmonic motion ) 
كاتێك سـپرینگێكـى جــیڕ بـەهـێـزێك ڕادەكـێشــرێت ، ئـەوا بـڕى هـێـزەكـە هـاورێـژە دەبێت لەگـەلأ هـێنـدى ڕاكـێـشــانـەكــە .</s>
  <s>وادابنـێ تەنێكـى بارسـتە ( m ) لەوێنـەى ( 2-6 ) دا  كـە بـە كـۆتـایـى سـپرینگێكـى لــوولـەیـى هـەڵـواسـراوە بـەرەو خـوار بـۆ لادانـى ( X ) ڕاكـێشـرا بـۆ ژێـرەوەى شـوێنـى ســرەوتنـى.</s>
  <s>لـەڕاسـتیـدا سـپرینگەكــە بـەهـێـزێكـى گـەڕێنـەرەوە كـار لـە تەنـەكــە دەكـات هـەولأ دەدات تەنـەكــە بـۆ شـوێنـى سـرەوتن بگـەڕێنێتـەوە .</s>
  <s>ئـەم هـێـزە گـەڕێنـەرەوەش ڕاسـتەوانـە دەوەسـتێتـە ســەر لادان ( X ) ، بـەڵام ئـاڕاسـتەكـەى پێچـەوانـەى ئـاڕاسـتەى لادانـە .</s>
  <s>C                         = بڕی نەگۆڕ                                            F = -C × X      
 








كاتێـك تـەنـەكــە بــەڕەڵا دەكـرێت ، ئـەوا هـێـزە گـەڕێنـەرەوەكــە تـاودان بـە تـەنـەكــە دەدات، تاودانەكەش بـەڕاسـتەوانـە لەگـەلأ هـێـزەكــە و پێچــەوانـە لەگـەلأ بـارسـتەى تـەنـەكــە دەگـۆڕێت .</s>
  <s>بەڵام
                                              
                                                                                                    = -K X  a   

لـێرەدا دیـاردەكـەوێت كـە تـاودانیـش ڕاسـتەوانـە دەگـۆڕێت لەگـەلأ لادان ئـاڕاسـتەكـەشـى هـەر وەك هـێـزى گـەڕێنـەرەوە پێچـەوانـەى ئـاڕاسـتەى لادان دەبێت .</s>
  <s>كـاتێـك تـەنـەكــە بـەرەو شـوێنـى سـرەوتن دەچـێت ، ئـەوا لـەئـەنجـامـدا هـەریـەك لـەهـێز و تـاودان كــەم دەبنـەوە تـا لـەشـوێنـى سـرەوتن دەبن بـەسـفـر ، بـەڵام خـێرایـى تـەنـەكـە زیـاد دەكـات دەبێتـە گـەورەتـرین خـێرایـى لـەشـوێنـى سـرەوتنـدا .</s>
  <s>لـەبـەر سیفـەتـى بـەردەوامـى تـەنـەكــە لـەشـوێنـى سـرەوتن تێپـەڕدەبێت لـەم سـاتـەدا هـێزێكـى هـێواش بـوونـەوە كـارى تێـدەكـات ، ئـەم هـێـزەش بـەرەبـەرە زیـاد دەبێت تـا تـەنـەكـە دەگـاتـە بـەرزتـرین شـوێن .</s>
  <s>كــە لـەوێـدا ڕادەوەسـتێت و گـەشـتـى گـەڕانـەوە دەسـت پـێ دەكـات .</s>
  <s>لـەهـەمــوو سـاتەكـانـى جــووڵەدا ، ئـەوا هـەریـەك لـەهـێـزى گـەڕێنـەرەوە و تـاودان ڕاسـتەوانـە دەگـۆڕێن لەگـەلأ لادان ، وە بـەئـاڕاسـتەى شـوێنـى سـرەوتن دەبـن .</s>
  <s>واتـە پێنـاســەى جــووڵــەى هــارمــۆنـى ســادە بـەم جــۆرە دەبێت :
بـریتـییـە لـە جـۆرێكـى جــووڵــەى بـەلـەرە لەسـەر هێڵێـكـى ڕاسـت كـە تیـایـدا هـەریـەك لـەهـێـزى گـەڕێنـەرەوە و تـاودان ڕاسـتەوانـە لەگـەلأ لادان دەگـۆڕێن و ئـاڕاسـتەكـەشـیان هـەردەم بـەرەو شـوێنـى سـرەوتن دەبێت .</s>
  <s>نـمــونـە لـەســەر جــووڵــەى هــارمــۆنـى ســادە: جــووڵــەى تـەنـۆلكـەكـانـى نـاوەنـدێك كاتێـك شـەپـۆلـى پـێ تێپـەڕدەبێت ، وە جــووڵـەى لقـەكـانـى دوولكـەى سـازدەر ، وە جــووڵـەى بـەنـدۆل بـەمـەرجـێك گـۆشـەلادانـى لــە (˚5) زیـاتـر نەبێت .</s>
  <s>لـەوێنـەى ( 2-7 ) دا : تـەنـۆلكــەیـەك بە جــووڵــەیەكی هــاوگـونـجــاوى ســادە دەجولێت .</s>
  <s>لـەخـاڵـى (a) دا                       لـەشوێنى سرەوتندا ( c )              لـەخـاڵـى ( b ) دا
F = گـەورەتـریـن                               F = ســفـر                      F = گـەورەتـریـن 
a = گـەورەتـریـن                              a   = ســفـر                      a = گـەورەتـریـن 
υ = ســـفــر                                      υ = گـەورەتـریـن              υ = ســـفــر 

لادانـى ئـەو تـەنـۆلكــەیەى كە جــووڵــەى هــاوگـونـجــاوى ســادە دەكـات لـەشـوێنـى سـرەوتنیـەوە بەتـێپـەڕبــوونـى كـات بـەشـێوەى چـەمــاوەى تـەژێ(ساین) دەنـوێـنرێت .</s>
  <s>وێنـەى ( 2-8 ).</s>
  <s>لــەم وێـنــەیـەدا بـەنـدۆلێـك درێژى یــەكــەى لـەخــاڵــى هــەڵـواســینـى تـا چــەقـى گـۆیـەكــە
 ( L )ە ، بـەهــۆى ئـەم هـاوكێشــەیـە دەتـوانـرێت كـاتـە لـەرەكـەى دەربهـێنـرێت : ag= تـاودانـى زەوى لـەو شـوێنـەى بـەنـدۆلـەكــەى لــێ یــە .</s>
  <s>واتـە كـاتـە لـەرەى بـەنـدۆل بـەنـدە بـەدرێژى یـەكــەى لەشـوێنێكـى
 دیـاریكـراودا .</s>
  <s>نـمــوونـە(2) : كـاتـە لـەرەى بـەنـدۆلێك كـە درێـژى یـەكــەى (m 0.9 )ە ، لــەم شـوێنـانـە بــدۆزەوە : 
1.</s>
  <s>لـەهـێڵـى یـەكسـانـى (ag = 9.81 m/sec2) .</s>
  <s>2.</s>
  <s>لـە جـەمـسـەرى بـاكـوورى گـۆى زەوى (ag = 9.83 m/sec2) .</s>
  <s>3.</s>
  <s>لـەسـەر رووی هەیڤ، تـاودانـى هەیڤ دەكـاتـە ( 1/6 ) تـاودانـى زەوى .</s>
  <s>شیكار : 
 (1) لەهـێلـى یەكسـانـى : L= 0.9m  ،  ag = 9.81 m/sec2 = 1.9034sec                                                      
                                                                 
(2) لـەجـەمـسـەرى بـاكـوور :    ag = 9.83 m/sec2 = 1.9014 sec                                                  
                                      
كاتەلـەرە لەجـەمـسـەرەكان كەمێك كـەم دەبێت ، لـەبەر زیـادبـوونـى تاودانـى زەوى .</s>
  <s>(3) لـەسـەر ڕووى هەیڤ : 
                                                                                                            
                                                                                               
  
                                                                                                                         
                         
                                                                                                                                                                                                                           
                                                                                                                   
  
 
                                        = 4.67 sec                                                 
                                                                                            

كاتەلەرە زۆر دەبێت ، چونكە تاودانی مانگ(هەیڤ) كەمە.</s>
  <s>(5 - 2) جــووڵــەى بـەشــەپـۆل :Wave Motion  
ئـەگـەر تـووڵـەدارێك بـەشـاووڵـى لـەشـوێنێكـى ڕووى ئـاوى مـەنگـى گـۆمـێك بـەرەو ســەر و خــوار بجـووڵـێنـین ،وێنەی (2-9) ئـەوا شـێوانێك لـەم شـوێنـەوە كـە تـووڵـەكـەى تیـادا دەلەرێتەوە  (سـەرچـاوە) پـەیـدا دەبێت ئـەم شـێوانـەش بڵاودەبێتـەوە بـۆ هـەمــوو بـەشـەكـانـى تـرى ڕووى گـۆمـەكـە .</s>
  <s>لـەڕاسـتیـدا كاتێك تـووڵـەكـە دەجـووڵێت ، ئـەوا ئـەم گـەردانـەى ئـاوەكــە كەپێیەوەى نووسـاوە دەجـووڵـێنێت .</s>
  <s>ئـەم گـەردانـەش گـەردى تـرى نـزیك خـۆى دەجـوڵێنێت وە ئـەمـانـەش هـەمــان جــووڵان پـەیـدا دەكـەن لـەگـەردى تـر ، وە هـەروەهـا تـا شـێوانـەكــە دەگـاتە رۆخــەكـانـى گـۆمـەكـە .</s>
  <s>لـەهەر شـێوانێكـدا گـەردەكانـى ئـاوەكـە لـەجێگای بنـەڕەتـى خـۆیـان دوورنـاكـەونـەوە.</s>
  <s>لە ڕستیدا تـەنـهـا شـێوانـەكـە بـەنـاو ئـاوەكــەدا دەڕوات ، گـەردەكان تەنـهـا جــووڵــەى بـەلـەرە بـەدەورى شـوێنـى سـرەوتنیـان ئـەنجـام دەدەن .</s>
  <s>بـەشـێوەیـەكـى گشتـى ڕۆیشتـنـى شـەپـۆل بـەنـاو نـاوەنـدێكـى مـاددى دا پـەیـدادەبێت لـەئـەنـجــامـى كـاركـردنـى بـەشــە یـەك لـەدواى یـەكـەكـانـى نـاوەنـدەكـە لـەسـەر یـەكــترى .</s>
  <s>كـاتێك تـەپـەدۆرێك لـەســەر ڕووى ئـاوەكــە دادەنـرێت دوور لـەســەرچـاوە لـەراوەكــە (تـووڵـەدارەكــە ) دەبـینین تـەپـەدۆرەكــەش بـەرز و نـزم دەبێتـەوە شـوێنـى بنـەڕەتـى خــۆى جـێ نـاهـێڵێت .</s>
  <s>بـەرز و نـزم بــوونـەوەى تـەپـەدۆرەكــەش مـانـاى بـەجـێ هـێنانـى ئـیشــە واتــە لـە تــوانـاى شــەپـۆلـەكـان دا هـەیـە ووزە لـەشـوێنێكەوە بـۆ شـوێنێكـى تــر بگـوازنـەوە .</s>
  <s>( 2-6 ) سـیفـەتـەكـانـى جــووڵــە بـەشــەپـۆلـە مـیكانیكـیـەكـان :
1.</s>
  <s>شـێوانێكـە لـەنـاوەنـدێكـى مـاددى جــیڕدا پـەیـدادەبێت تەنێكـى لـەراوە پـەیـدایدەكـات كە پـێى دەووتـرێ ســەرچــاوە .</s>
  <s>2.</s>
  <s>تەنـهـا شـێوەى شـێوانـەكــە لـەخـاڵێكـەوە بـۆ خـاڵێكـى تـر بـەنـاو نـاوەنـدەكــە دەگـوێزێتەوە ، بـەڵام تەنـۆلكەكانـى نـاوەنـدەكــە نـاگوازرێنـەوە كـەچــى هـەریـەكـەیـان جــووڵـەى بـەلـەرە بـەدەورى خـاڵـى سـرەوتنیـان و بـە ڕەوگــەى جــیـا جــیـا ئـەنـجــام دەدەن.</s>
  <s>3.</s>
  <s>خـێرایـى گـواستنـەوەى شـێوانـەكــە ( خـێرایـى شـەپـۆڵـەكــە ) لـەنـاوەنـدێكـى دیـارى كـراو جـێگـیرە .</s>
  <s>دەوەسـتێتـە ســەر سـیفـەتـى جــیڕى و بـارنەگـۆڕینـى نـاوەنـدەكــە .</s>
  <s>جــووڵــە بـەشــەپـۆل دەكـرێت بــە دووبــەش :
1.</s>
  <s>شــەپـۆلـە مـیكانیكیـەكـان : Mechanical Waves  
ئـەو شـەپـۆلانـەن كـە بـەنـاوەنـدى مـاددى دا بـڵاودەبنـەوە ئـەم نـاوەنـدەش ڕەق یـان شـل یـان گـاز بێت .</s>
  <s>وەك شـەپـۆلـەكانـى دەنگ و بـومـەلـەرزە و شـەپـۆلـەكانـى ڕووى ئـاو و ژێ یـە تـونـدكـراوەكـان .</s>
  <s>شــەپـۆلـى مـیكانیكـى دوو جــۆرە :
a.</s>
  <s>شـەپـۆلـە پـانـڕەوەكـان              Transverse Waves
b.</s>
  <s>شـەپـۆلـە درێـژڕەوەكـان         Longitudinal Waves



2.</s>
  <s>شەپـۆلـە كـارۆمـوگناتیسـیەكان :  Electromagnetic Waves
ئـەم شـەپـۆلانـەن بـۆ بـڵاوبــوونـەوەیـان پێویسـتیان بـەنـاوەنـدى مـاددى نیـە لـەبـۆشـایـى و هـەروەهـا لـەهـەنـدێ نـاوەنـدى مـاددى دەگـوازرێنـەوە .</s>
  <s>بـۆ نـمــوونـە شـەپـۆلـەكانـى روونـاكـى و گـەرمـایـى و ڕادیـۆیـى و مـایـكـرۆوێـڤ ..... هــتـد( شەپۆلە كارۆموگناتیسیەكان پانڕەون ) .</s>
  <s>( 1 ) شـەپـۆلـە پـانـڕەوەكـان :
ئـەو شـەپـۆلانـەن كـە تیایـانـدا تەنـۆلكـەكـانـى نـاوەنـدەكـە بـەئـاڕاسـتەى ســتوون لـەســەر ئـاڕاسـتـەى بـڵاوبـوونـەوەى شـەپـۆلـەكـە لـەرەلـەر دەكـەن .</s>
  <s>وەك ئـەو شـەپـۆلانـەى لـەژێ یـەكـى تـونـدكـراو پـەیـدادەبێت .</s>
  <s>لـەم وێنـەیـ(2-10) پەتێك بـەئـاسـۆیـى دانـراوە لایـەكـى بـەهـەڵگـرێك بـەســتراوە لایـەكـەى تریشـى بـەدەسـت بە جــووڵــەى هــارمــۆنـى ســادە بـەرەو سـەر و خـوار دەجـوولێنـرێت .</s>
  <s>لـەئـەنجـامــدا زنجیرەیـەك لـەشــەپۆل بـەنـاو پـەتـەكــە بـەرەو لاى ڕاسـت دەگـوێزنەوە ، لـێرەدا جــووڵــەى تەنـۆلكـەكـانـى پـەتـەكــە جــووڵــەیـەكــى هــارمــۆنـى ســادە دەبێت بـەدەورى خـاڵـى ســرەوتنیـان ، وە بـەئـاڕاسـتەى سـتوون لـەســەر ئـاڕاسـتەى ڕۆیشتنـى شـەپـۆلـەكــە دەبێت .</s>
  <s>شـەپـۆلـى پـانـڕەو بـەچــەمـاوەى تـەژێ دەنـوێنـرێت .</s>
  <s>تـەوەرى ( X ) شــوێنـى سـرەوتنـى تەنـۆلكـەكـانـى نـاوەنـدەكـە دەنـوێنـێ كـەچــى تـەوەرى ( Y) لادانـى تەنـۆلكـەكـانـى نـاوەنـدەكـە دەنـوێنـێ لـەشــوێنـى سـرەوتنـیانـەوە لـەسـاتێكـى دیـارى كـراودا .</s>
  <s>ســەرى شــەپـۆل :Crest
خـاڵێـكــە دەكـەوێتـە دوورتـرین لادانـى مــوجــەب لـەشــوێنـى سـرەوتنـەوە .</s>
  <s>وەك : 
خــاڵــى ( a ) و خــاڵــى ( b ) .</s>
  <s>بـنــى شــەپـۆل :Trough
خـاڵێـكــە دەكـەوێتـە دوورتـرین لادانـى ســالـیب لـەشــوێنـى سـرەوتنـەوە .</s>
  <s>وەك :
 خــاڵــى ( c ) و خــاڵــى ( d ) .</s>
  <s>فـراوانــى شــەپـۆل :Amplitude
بـریتـى یـە لـە دوورى ســەرى شــەپـۆل یـان بـنــى شــەپـۆل لـەشــوێنـى سـرەوتنـى نـاوەنـدكــە.</s>
  <s>درێـژى شــەپـۆل :wave Length
بـریتـى یـە لـە دوورى نێوان دوو تـەنـۆلكـەى دواى یـەك كــەهــەمـان ڕەوگـەیـان هــەیـە .</s>
  <s>( واتـە بـەهــەمـان خـێرایـى دەجـووڵێن بـەبـڕ و ئـاڕاسـتە ) .</s>
  <s>دوورى نێوان دوو ســەرى یـەك لـەدواى یـەك یـان دوو بـنــى یـەك لـەدواى یـەك دەكـاتـە درێـژى شــەپـۆل ( λ ) .</s>
  <s>( 2 ) شـەپـۆلـە درێـژڕەوەكـان :
ئـەو شـەپـۆلانـەن كـە تیایـانـدا تەنـۆلكـەكـانـى نـاوەنـدەكـە بـەئـاڕاسـتەى تـەریب بـۆ ئـاڕاسـتـەى بـڵاوبـوونـەوەى شـەپـۆلـەكـە لـەرەلـەر دەكـەن .</s>
  <s>وەك شـەپـۆلـەكـانــى دەنـگ .</s>
  <s>دەتـوانـین شـەپـۆلـى درێژڕەو بـەنـاو سـپرینگێكـى درێـژدا پـەیـدا بكـەین ، ئـەویـش بـەجـێگـیر كـردنـى لایـەكـى سـپرینگـەكــە وە جــووڵانـدنـى لایـەكــەى تـرى بـەرەو پـێـش و دواوە .</s>
  <s>لـەمـەوە نـاوچــەى پـەسـتاوتـن و شـاش بــوون بـەدرێژایـى سـپرینگـەكــە پـەیـدادەبن و دەگـوێزنەوە لـەلاى چـەپـەوە بـۆ لاى ڕاسـت وێنـەى (2-12 ) هـەرپێچـێكـى سـپرینگـەكـەش بـەدەورى شــوێنـى سـرەوتنـى لـەرەلـەر دەكـات بـەئـاڕاسـتەى ڕۆیـشـتـنـى شــەپـۆلـەكــە .</s>
  <s>لـەمــەوە دیـاردەكـەوێت كـەتەنـۆلكـەكـانـى ئـەو نـاوەنـدەى شـەپـۆلـى درێـژڕەوى پێـدا تێپـەڕدەبێت بـەئـاڕاسـتەى ڕۆیشتنـى شــەپـۆلـەكــە لـەرەلـەر دەكــەن .</s>
  <s>دوورى نێوان دوو پـەسـتاوتـنـى دواى یـەك یـان دوو شــاشـبـوونــى دواى یــەك دەبێـتــە درێــژى شــەپــۆل ( λ ) .</s>
  <s>شــەپـۆلـى درێـژڕەو بـەوێنـە دەنـویـَـنـرێت :
1)	بـەچــەنــد هـێلێكــى ڕاسـتـى تـەریبـى نـزیك یـەكـترى نـاوچـەى پـەسـتاوتن دەنوێنێت ، وە چــەنـد هـێـڵـى تـرى دوور لــە یـەكـترى نــاوچــەى شــاشـبـوون دەنـوێنـێ .</s>
  <s>وێـنــەى ( 2-13a ) .</s>
  <s>2)	یـان بـەچــەمــاوەى تـەژێ دەنـوێنرێت تـیـایـدا ســەرى هـێڵـى چــەمـاوەكـە چــەقـى پـەســتاوتن و بـنـى چــەمـاوەكـە چــەقــى شــاشـبـوون دەنـوێـنن .وێنەی (2-13b)








پێنـاســـە :
1)	خــێرایــى شـەپــۆل ( υ ) :wave velocity ئـەو لادانـەیـە كـە ســەرى شـەپـۆل لـەشـەپـۆلـى پـانـڕەودا یـان چـەقـى پـەسـتاوتن لەشـەپـۆلـى درێژڕەودا دەیبڕێت لـەیـەكــەى كـاتـدا .</s>
  <s>2)	لــەرەلـەرى شــەپـۆل (ƒ ) :wave frequency ژمــارەى ئـەو شـەپـۆلانـەیــە كـە بـەخـاڵێكـى دیـارى كـراودا تێپـەڕدەبێت لـەیـەكــەى كـاتـدا .</s>
  <s>3)	درێـژى شــەپـۆل ( λ ) :wave length دوورى نێوان دوو خـاڵـى دواى یـەكە كــەهــەمـان ڕەوگـەیـان هــەیـە .</s>
  <s>لــەم پـێـنـاســانـەوە دیـاردەكـەوێت :
 
خــێرایـى شـەپـۆل = درێـژى شـەپـۆل × لـەرەلـەرى شـەپـۆل
                                                                   [ υ = ƒ λ]      
ئـەمــەش پـەیـوەنـدییـەكـى گـشـتــى یـە هـەمــوو جــۆرەكـانـى شـەپۆل دەگـرێتـەوە .</s>
  <s>خــێرایـى شـەپـۆل لـەنـاوەنـدێكـى دیـارى كـراودا جـێگـیرە دەوەسـتێتــە ســەر سـیفەتـى نـاوەنـدەكـە لـەڕووى جــیڕى و چــڕى دا .</s>
  <s>بـۆیـە ئـەو شـەپـۆلـەى لـەرەلـەرى بـەرزە درێـژى شـەپـۆلـى كـورتـە ، وە بـەپێچـەوانـەش ڕاسـتە .</s>
  <s>نـمــوونـە(3) : دولكـەیـەكـى سـازدەر(زرنگە چەنگاڵ) دەنگێك بـەهەوادا دەنـێرێت بـەلەرەلـەرى 
( 660Hz) ، ودرێژى شـەپـۆلـى (m 0.5 ) ، ئـایــا :

1.</s>
  <s>خـێرایـى ئـەو دەنگـەى لـە دولكـە سـازدەرەكـە دەردەچـێت چـەنـدە ؟ .</s>
  <s>2.</s>
  <s>درێـژى شـەپـۆلـى ئـەو دەنگـەى لـە دولكـە سـازدەرەكـە دەردەچـێت لـەنـاو ئـاودا  چـەنـدە ؟ .</s>
  <s>ئـەگـەر ( خــێرایـى دەنگ لـەنـاو ئـاودا = m/sec 1500) بێت .</s>
  <s>شیكار :      = ƒ λ                                                                     υ      ( 1 )                         
                                                                         = 660 × 0.5 
                       خێرایی دەنگ لە هەوا            = 330 m/sec                                    = ƒ λ                                                                                      υ     ( 2 )
                                                                             1500 = 660 × λ



                                                                               2.27 m  = λ

( 2-7 ) لـەرەلـەرى سـروشـتـى و نـاچــارى و زرنـگـانـــەوە :
لـەرەلـەرى ســروشـتـى: Natural frequency
هـەر تەنێكـى شـیاو بـۆ لـەرینـەوە لـەرەلـەرێكـى ســروشـتـى خــۆى هـەیـە ، بـەم لـەرەلـەرە بـەردەوام دەبێت لـەســەر لـەرینـەوە ئـەگـەر هـێـزێكـى دەورى دەرەكـى بـەرهـەڵستـى لـەرینـەوەكــە نـەكـات.</s>
  <s>كـاتێك گـۆى بـەنـدۆل كـەمێك لـەشـوێنـى سـرەوتنیـەوە لادەدرێت ئینجـا بـەڕەڵا دەكـرێت بـەسـەربـەسـتـى بلـەرێتـەوە ، ئــەوا لـەرەلـەرەكــەى سـروشتـى یـە و دەوەسـتێتـە ســەر درێـژى پەندۆلەكە لـەشـوێنێكـى دیـاریـكـراودا .</s>
  <s>وە هــەروەهـا لەكـاتـى لێدانـى دولكـەى سـازدەر ، ئـەوا بـەلـەرەلـەرى ســروشـتـى خــۆى دەلـەرێتـەوە .</s>
  <s>لـەرەلـەرى نـاچــارى :Forced vibration 
كاتێك تەنێكـى شـیاو بـۆ لـەرینـەوە دەكـەوێتـە ژێـر كـاریگـەرى هـێـزێكـى دەرەكـى دەورى كە لـەرەلـەرەكــەى یـەكسـان نـەبێت بـەلـەرەلـەرى ســروشـتـى تـەنـەكــە ، ئـەوا ئـەم تـەنـە بـەلـەرەلـەرێك دەلـەرێتـەوە پـێى دەووتـرێ لـەرەلـەرى نـاچــارى .</s>
  <s>لـەكـاتـى لێدانـى ژێ یـەكــى تـونـدكـراو دەنگێكـى ئـەوتـۆ نابیستـى ، بـەڵام ئـەگـەر هـەمـان ژێ بخـرێتـە سـەر سـندوقـى گـیتـار تێبینـى زیـادبـوونـى تـونـدى دەنگ دەكـەین .</s>
  <s>هـۆیەكـەشـى ئـەوەیـە بەكـاریگـەرى لـەرەلـەرى ژێ یـەكـە ، وا دەكات سـندوقـەكـە بـەنـاچـارى بلـەرێتـەوە .</s>
  <s>لـەبەر ئـەوەى ڕووبـەرى سـندوقـە لـەراوەكــە فـراوانـە دەبێتـە هــۆى زیـادبـوونـى بـارسـتەى هـەواى لـەراوە و لـەئـەنجـامـدا زیـادبـوونـى تـوانـاى دەنگـى بیـستراو .</s>
  <s>زرنـــگـانـــەوە : Resonance
كاتێك تەنێكـى شـیاو بـۆ لـەرینـەوە زنجـیرە شـەپـۆلێكـى دەورى كـارى تێـدەكـات كـە لـەرەلـەرەكـەى یـەكـسان بێت بـەلـەرەلـەرى سـروشـتـى تـەنـەكــە ، ئـەوا ئـەم تەنـە بـەفـراوانى یەكـى گـەورە دەلـەرێتـەوە ئـەمــەش پـێى دەووتـرێ زرنــگـانــەوە .</s>
  <s>تـاقـیكردنـەوەیەك بۆ ڕوون كـردنـەوەى دیـاردەى زرنگـانـەوە لـەدەنگ دا :
ئـەگـەر دوو دولكـەى سـازدەرى چـۆن یـەك بهـێنین هـەریەكـەشـیان لـەســەر سـندوقێكـى تەختەیى ناو بـۆشــى یـەك ڕوو كـراوە چـەسـپ كـرابـن  و دوور لـەیەكـتریان دابنێین ڕووە كـراوەكــەى دوو سـندوقـەكـەش بـەرامـبـەر یـەك بـن .</s>
  <s>وێنـەى ( 2-14 ) ئـینجـا بـە چـەكـوشێكـى لاستیك لـەدولكـەى یـەكـەم بـدەیـن ، ئـەوا گـوێمـان لـەدەنگـى لـەرینـەوە دەبێت ئـەم دەنگـەش دواى وەسـتانـدنـى دولكـەى یـەكــەم ( بـەدەسـت بیگرین ) هـەر دەمـینێت ، ئـەمـەش دەنگـى لـەرینـەوەى دولكـەى سـازدەرى دووەمــە ، واتــە لەرینـەوەى دولكـەى دووەم بەكاریگـەرى لـەرینـەوەى دولكـەى یـەكــەم ڕووى داوە كـە یـەكـسانن لـە لـەرەلـەرى ســروشـتیان.</s>
  <s>بـەمــەش دەووتـرێ زرنــگـانــەوە .</s>
  <s>نـمــوونەیـەكــى سـەرنـج ڕاكێشـەر : ئـەو زرنــگـانــەوەیـە كـە لـەســاڵـى ( 1940 ) ڕووى دا ، كـاتێك پـردى ( تـاكـۆمـا ) لـە ( واشـنتـۆن ) بـەهــۆى بـایـەكـى نیمچــە بـەهـێـز  دەسـتـى بـە لـەرە كـرد و فـراوانـى لـەرینـەوەى بـەرەبـەرە زیـاد بــوو تــا واى لـێ هـات پــردەكـە جــۆڵانــە بكـات و لـەئــەنجــامــدا بروخێت .</s>
  <s>( 2-8 ) ســەریـەكـچــوونـى شــەپـۆڵــەكـان :Superposition of waves 
ئـەگـەر دوو شـەپۆل لـەشـوێنێكـى دیـارى كـراوى نـاوەنـدێك گـەیشـتن بـەیـەك .</s>
  <s>دەبینـین كاتێك ئـەم شـوێنـە جـێ دەهـێڵـن هـەریـەكـیان بـەردەوام دەبـێ لـەســەر بـڵاوبـوونـەوە بـێ ئــەوەى هـەر كـامـیان كـار لـەویـتریـان بكـات ، بـەڵام لـەڕاسـتیدا فراوانی تەنـۆلكـەكـانـى نـاوەنـدەكـە لـەشـوێنـى بەیـەك گـەیشـتندا یـەكـسـان دەبێت بـەسـەرجـەمـى جـەبـرى ئـەو دوو فـراوانیـەى كـە هـەریـەك لـەدوو شـەپـۆڵـەكــە بـەتـەنیـا لـە تەنۆلكەكانى ناوەنـدەكــەدا پـەیـداى دەكـەن ، بـەم بـەیـەكـەوە كاركـردنـە دەووتـرێ ســەریـەكـچــوونـى شــەپـۆڵــەكـان .</s>
  <s>لـەدیـاردەى ســەریـەكـچــوونـى شــەپـۆڵــەكـان دوو حـالـەت دیـارى دەكـرێن و گـرنگـییان هـەیــە ، كـە ئــەوانیـش ئـەمـانـەن :

1)	بـەیـەكــداچــوونـى دروسـتكــەر :Constructive interference
كاتێك دوو شـەپـۆل هـەمـان لـەرەلـەر و فـراوانیـان هـەبێت لـەخـاڵێكـى نـاوەنـدێك بـەیـەك گـەیشتن ، بـەجـۆرێك سـەرەكانیان یـەك بگـرن واتـە بـەهـەمـان ڕەوگـە بگـەن بـەشـوێنەكـە ، ئـەوا شـەپۆڵـە بـەرئـەنجـامـەكــە هـەمـان درێژە شـەپـۆل و لـەرەلـەرى دەبێت بـەڵام فـراوانـى یـەكـەى دەكاتـە دوو هـەنـدى فـراوانـى هـەریـەك لـە دوو شـەپـۆلەكــە .</s>
  <s>ئـەمـەش پـێى دەووتـرێ بـەیـەكــداچــوونـى دروسـتكــەر .وێنەی (2-16)









لە بـەیـەكــداچــوونى دروستكـەر لـەئــاودا شـەپـۆلـى بـەرئـەنجـام سـەرەكـەى بڵنـد تـر دەبێت ، لــەدەنـگ دا بـەرزى زیـاد دەبێت ، لـەروونـاكــى دا تــونـدى زۆر دەبێت .</s>
  <s>2)	بـەیـەكــداچــوونـى لــەنــاوبــەر : Destructive interference
كاتێك دوو شـەپـۆل هـەمـان لـەرەلـەر و فـراوانیـان هـەبێت لـەخـاڵێكـى نـاوەنـدێك بـەیـەك گـەیشتن ، بـەجـۆرێك سـەرى یـەكێكیـان لەگـەلأ بنـى ئـەویـتر یــەك بگـرن ، واتـە بە جـیاوازى ڕەوگـە ( 180˚ ) بگـەن بـەخـاڵـەكــە ، ئــەوا هـیچ شـێوانـدنێك لـەشـوێنـەكــەدا ڕوونـادات ئـەمــەش پـێى دەووتـرێ بـەیـەكــداچــوونـى لــەنــاوبــەر .وێنەی (2-17)







نـمــوونــە : ڕووى ئـاوەكـە نـاجـووڵێت .</s>
  <s>دەنگ + دەنگ = بـێ دەنگ .</s>
  <s>روونـاك + روونـاك = تـاریـك .</s>
  <s>لە بـەیـەكــداچــوونى لەناوبەر لـەئــاودا شـوێنەكە ئـارام دەبێت ، لــەدەنـگ دا بـێ دەنگـى و لـەروونـاكــى دا تـاریك دەبێت .</s>
  <s>( 2-9) بـــەرەى شــەپـۆل :Wave front 
بـریتـییـە لــەو ڕووەى كـە بـەو خــاڵـە تەنیـشت یـەكـانـە دا دەڕوات كـە هـەمـان ڕەوگـەیـان هـەیـە لـەنـاوەنـدێكـى شـەپـۆلـدار ، لـەڕاسـتیـدا ڕووى هـەر گــۆیـەك بـەدەورى خـاڵێكـى روونـاكـیدەر دادەنـرێت بـە بـەرەى شــەپـۆلـى روونـاكــى .</s>
  <s>خـاڵـەكــەش لـەچـەقـى گـۆیـەكـەدا بێت بەڵام تیشك هـێڵێكـى ڕاسـتە سـتوونـە لـەســەر بــەرەى شـەپـۆل ئـاڕاسـتەى بـڵاوبـوونـەوەى شـەپـۆلەكــە ئـامــاژە دەكــات .</s>
  <s>لــەوێنـەى ( 2-18 ) دا بـەهــۆى جـووڵانـدنـەوەى لـەوحـێكـى پـان بـەرەو سـەر و خـوار لـەســەر ڕووى ئـاوى حـەوزێك زنجـیرە شـەپـۆلێك كـەپێكهـاتـووە لـەسـەر و بنـى تـەریب بـەیـەكــترى پـەیـدادەبـن .</s>
  <s>بـەو هـێـلـەى بـەخـاڵـە تـەنیشـت یـەكەكانــى ســەرى شـەپـۆل دا دەڕوات دەووتـرێ بــەرەى شــەپـۆل .</s>
  <s>تیشكیش هـێڵێكـى خـەیـاڵـیە سـتوونە لـەســەر بەرەى شـەپۆل ، ئاڕاسـتەى ڕۆیشتنـى شـەپۆل نیشـان دەدات .</s>
  <s>دەســتوورى هــۆیگـنز :
كـریستـیــان هــۆیگـنز ( 1629 – 1695 ) ڕێـگـایـەكــى دانـا بــۆ دیـاركـردنـى شـوێن و شـێوەى بـەرەیـەكــى ئـاینـدە ، بـەســوود وەرگـرتن لـەبـەرەیـەكـى زانـراو .</s>
  <s>واتــە ئـەگـەر بـەرەیـەكـى زانـراو هـەبێت دەتـوانـى بــەرەى داهـاتـوو بـدۆزیــەوە، بـەپــێى ئـەم دەسـتوورە : (هــەر خـاڵێك لـەســەر بـەرەى شـەپـۆل دادەنـرێت بـەسـەرچـاوەیـەكـى نـوێ بـۆ نـاردنـى شـەپـۆلـى تـر بـەئـاڕاسـتەى بـەرەو پـێـش ) .</s>
  <s>ئـەمـەش پـێى دەووتـرێ دەســتوورى هــۆیگـنز .</s>
  <s>وە بەكاردێت بـۆ لێكـدانـەوەى سـیفەتـەكـانـى شـەپۆل ، وەك : دانـەوە ، شـكانـەوە ، بەیەكـداچــوون و لادان .</s>
  <s>كریستیان هۆیگنز Christian Huggens  :-
فیزیا زانێكی ئەلمانیە و هاوچەرخی ئیسحاق نیوتن بووە .</s>
  <s>لەساڵی 1629 لە شاری هاگ(hauge)لەدایك بووە 	
كریستیان كە گەنج بووە، بە چاودێری كردنی شەپۆلەكانی رووی ئاوی ئەو جۆگانەی (canals) لە 
دەوروبەری ماڵەوەیدا هەبوون  یەكەم بیرۆكەی دەربارەی شەپۆڵەكان و چۆنیەتی بڵاوبوونەوەیانی دەستكەوتووە .</s>
  <s>هەرچەندە ئەو كارە سەرەكیەی كە بوو بە هۆی بەڵگەنامەی نەمری (خلود) بۆ ئەو ، شەپۆلەبیردۆزی رووناكی بوو.</s>
  <s>بەڵام هۆیگنز بەشداریەكی زۆر و بە نرخی لە بیركاری و گەردوون زانی كردووە ، رێگای لووسكردنی هاوێنەكانی
 تەلەسكوبی پێشخستووە و و تەمگەلی راوچی (orion nebula) دۆزیەوە ، كە بەشێكی بە ناوی ئەوەوە ناونراوە .</s>
  <s>لە ساڵی 1663 بوو بە ئەندامی كۆمەڵی مەلەكی لەلەندەندا .</s>
  <s>پێش ئەو شكۆمەندیەش ، یاساكانی بەریەك كەوتنی تەنە جیرەكانی بە وردی و روونی دەڕبریوە .</s>
  <s>لە ساڵی 1695 لە شاری هاگ كۆچی دوایی كردووە .</s>
  <s>( 2-10 ) ســیـفــەتــەكـانــى جــووڵــەى بــەشــەپــۆل :
هــەمــوو جــۆرەكـانــى شــەپـۆل لــەم ســیفـەتــانـە هــاوبـەشــن :
1.</s>
  <s>بـڵاوبـوونـەوە بـەهــێلـى ڕاسـت :   Rectilinear Propagation
شــەپـۆلـەكـان لـەنـاوەنـدى چــۆن یـەكـدا بـەهــێلـى ڕاسـت بـڵاودەبنـەوە ، بــەڵام ئەگەر شـەپـۆلـەكــە نـاوەنـدەكـەى بگۆڕێت یـان تـووشـى بەربەسـتێك یـان درزێك بـوو ، ئینجـا لـەئـاڕاسـتەى خـۆى لادەدات .وێنەی (2-19) چەند بەرەیەكی تەریبی شەپۆل لە ناوەندێكی چۆنیەكیدا پیشاندەدات .</s>
  <s>2.</s>
  <s>دانــەوە : Reflection
بریتیـە لـە گـەڕانـەوەى شـەپـۆل دواى ئـەوەى دەكەوێتـە سـەر ئـەو ڕووەى دوو نـاوەندى جـودا لێك جـیا دەكـاتـەوە .بۆ هەمان ئەو ناوەندەی كە لێیەوە هاتووە.</s>
  <s>وەك : دەنـگدانـەوە ، دانـەوەى روونـاكـى لـەڕووى ئـاوێنـە ، دانـەوەى شـەپۆلـەكـانـى ئـاو لـەڕۆخـى دەریـاوە .</s>
  <s>(دەنگدانەوە = الصدى = echo ) وێنەی (2-20)










گۆشـەى لێدان = گۆشـەى دانـەوە
             2 θ =1θ



3.</s>
  <s>شــكـانـەوە :  Refraction
بریتیـە لـە گۆڕان لەئـاڕاسـتەى شـەپۆل كاتێك بەشێوەیەكـى لار لەناوەنـدێكـەوە دەگوازرێتەوە بـۆ ناوەنـدێكـى تـر .</s>
  <s>ئـەم گۆڕانـەش كە لـەئاڕاسـتە ڕوودەدات لەبەر ئەوەیە كە خـێرایـى شـەپۆل دەگۆڕێت كاتێك بەناو دوو نـاوەنـدى جـیاواز تێپـەڕ دەبێت .وێنە (2-21)
لەڕاسـتیدا بـڕى گۆڕان لەخـێرایـى ڕادەوەسـتێتـە سـەر جـۆرى شـەپۆلەكـە و جـۆرى دوو نـاوەنـدەكـەى پـێى تێپـەڕ دەبێت .</s>
  <s>بـۆ نمـوونە خـێرایـى روونـاكـى لەبـۆشـایـى دا گەورەترینـە ، بەڵام خـێرایـى یەكـەى لەناوەندێكی گازیدا زیاترە لە خێراییەكەی لە ناوەندێكی رەقیدا .</s>
  <s>تێبینــى : لـەرەلەرى شـەپۆل لەكاتـى شـكانەوەدا ناگـۆرێت بـەڵام درێژى شـەپۆل دەگۆرێت كەدەبێتـە هـۆى گـۆڕانـى خـێرایـى .</s>
  <s>4.</s>
  <s>بـەیـكــداچــوون :  Interference
             بریتیـە لە سەریەكچوونى دوو زنجیرە شەپۆلى هـاوئاست كاتێك لەهەمان ناوەندا 
بڵاودەبنەوە .</s>
  <s>بۆ ئەوەى بەیەكداچوون دەوام بكـات پێویـستە دوو شەپۆلەكــە هـاوباربــن .</s>
  <s>پێنـاســەى : دوو شەپۆلـى هــاوبــار : ئەم دوو شەپۆلەن كـە لەرەلەر و فـراوانیـان یەكسانـە وە جیاوازى ڕەوگە لەنێوانیاندا بە نەگۆڕى دەمینێتـەوە بە تێپـەربـوونـى كـات .</s>
  <s>5.</s>
  <s>لادان ( چەمانەوە _ بـادانـەوە ) : Diffraction
بریتیـە لـە بڵاوبوونەوەى شەپۆل بـەسـەر ئـەو شـوێنـەى دەكـەوێتـە پشت ئەو  بەربەستەى ڕێ لـەشـەپـۆلـەكــە دەگـرێت .</s>
  <s>واتـە لادان دیـاردەى چەمانەوەیە ئـەویـش تـوانـاى شـەپـۆلـە لـەســەر بـادانـەوە بـەدەورى ئـەو بـەربـەسـتەى دەكـەوێتـە ڕێى شـەپـۆلـەكــە.</s>
  <s>لـەوانـەیـە بـەربـەسـتەكـە لێـوارێكـى تـیژ یـان درزەكـى تـەسـك بێت .</s>
  <s>(2-11 ) شــەپـۆلــە وەســتاوەكـان : Standing Waves
لـەوێنـەى ( 2-23) سەرێكى پەتێك بەلقێكى دوولكەیەكى سازدەرەوە چەسپ دەكەین و سەرەكەى ترى بەسەر خلۆكەیەكى نەبزۆكدا تێپەڕ دەكەین و بەكۆتاییەكەیەوە سەنگێك هەڵدەواسین .</s>
  <s>ئینجا بە چەكوشێكى لاستیك لە لقەكەى دوو لكەكە دەدەین ، ئینجا بڕى سەنگە هەڵواسراوەكە یان درێژى ژێكە یان هەردووكیان دەگۆڕین بۆ ئـەوەى پەتەكـە بكەوێتە بارى زرنگانەوە لەگەلأ دوولكە سازدەرەكە ، لەئەنجامدا جـۆرە شەپۆلێكى شـوێن جـێگـیر لـەپـەتەكـەدا پەیدا دەبێت پێى دەووترێ شــەپـۆلــە وەســتاوەكـان .</s>
  <s>ئـەم جـۆرە شەپۆلـە كە لـەپـەتەكـەدا پەیدا دەبێت لەئـەنجـامـى چـوونـە سـەریـەكـى ئەو شەپۆلانەى سـەرچـاوەكـە بـەنـاو پـەتەكـەدا دەینێرێت وە ئەو شەپۆلانەى لـەبەربەسـتەكـەوە دەدرێتـەوە بـە ئاڕاسـتەى پێچـەوانـە بـەنـاو پـەتەكـەدا دەڕوات .</s>
  <s>ئـەم شەپۆلـە دراوانـەش هـەمـان لـەرەلـەر و فـراوانـى شـەپـۆلـە لـێـدەرەكـانـى هـەیــە .</s>
  <s>واتە شەپۆلە وەستاوەكان ، ئەو شەپۆلانەن كە لەئەنجامى سەریەكچوونى دوو زنجیرە شەپۆلى فراوانى و لەرەلەر یەكسان دروست دەبن ، كاتێك بە دوو ئاڕاسـتەى پێچـەوانـە بەهەمان گوڕ بەناوەندێكى سـنوورداردا تێپەڕدەبن .</s>
  <s>لـەوێنـەكـەدا دیـاردەكـەوێت لادانـى هەندێك خاڵ لـە پـەتـەكــەدا سـفـرە و جووڵەیان تێدا نـى یـە پێیان دەووترێت گرێ (node) ، وە لەنێوان هەموو دوو گرێیەكیشدا تەنۆلكەكانى پەتـەكـە بەدەورى شوێنى سرەوتنیان جووڵەى هارمۆنى سادە دەكەن بەفراوانى و خـێرایـى جیاجیا بەرەبەرە زیاد دەبن تـا دەگاتـە گـەورەتـرین لادان و گـەورەتـرین خـێرایـى لـە ناوەڕاسـتى مـاوەى نێوان دووگرێ دا پێى دەووترێ قـوڵــف (anti node).</s>
  <s>هـەنـدێ لـەسـیفـەتـەكـانـى شـەپـۆلـە وەســتـاوەكـان ئــەمـانـەن :
1) ووزە ناگوازێتەوە ، چـونكـە ووزە بـەنـاو گـرێ دا تێپـەڕ نـابێت .</s>
  <s>2) هـەمـوو تەنۆلكەكانى قوڵفێكـى دیـارى كـراو بەهەمان ڕەوگە دەلەرنەوە بـەڵام بەفراوانى و خـێرایـى جیاجیا .</s>
  <s>ئەو تەنۆلكەى دەكەوێتـە ناوەڕاسـتـى نێوان هەر دوو گرێ گـەورەتـریـن فراوانى و خـێرایـى دەبێت .</s>
  <s>3) ڕەوگـەى تەنۆلكە لـەراوەكان لـەقوڵفێكـدا پێچـەوانـەى ڕەوگـەى تەنۆلكەكانـى قـوڵـفـى هـاوسـێیـەتـى .</s>
  <s>4) ژێ یـە لـەراوەكــە لەشــەپـۆلــى وەســتاودا لـەبارى زرنگانەوە دادەبێت لـەگـەلأ سـەرچـاوەكـە .</s>
  <s>( 2-12 ) ئــاوازە هـاوگـونجــاوەكـان :
هـەر ژێ یـەكـى تـونـدكـراو دەتـوانـرێت بـەچـەنـد رێگـایـەك بلـەرێتـەوە بـەجـۆرێك كە ئـاوازى لـەرەلـەر جـیـاجـیـا بــدات .</s>
  <s>بــەشـێوەیـەكـى گـشـتـى :





	                                                                          
                                                              
                                                                                        1 ، 2 ، 3 ، 4 N =
                                                                        ژمـارەى هـاوگـونـجــاوەكـان =
                                                                                  ژمـارەى قـوڵـفـەكـان =
تـاقـیكـردنـەوەى بەیەكداچوونـى دوو شەپۆلـى دەنـگ :
لـەوێنـەى ( 2-25 ) دا :( A ، B) دوو بڵـند بـێژن ( مـكبرە الصوت )  Loud speaker  بـەهـەمـان پـەیـداكـەرى نیشـانـە Signal generater  بـەســتراون بـۆ ئـەوەى هـەردووكیـان شـەپۆل دەربكـەن بـەهـەمـان لـەرەلـەر و فـراوانـى و ڕەوگـە .</s>
  <s>واتـە دوو شـەپۆلـەكــە هـاوبـار بـن .</s>
  <s>ئێسـتاكـە ئـەگـەر كـەسـێك لـە دووریـەكـى گـونجـاو لـە دوو بڵـند بـێژەكـەوە لـەخـاڵـى ( P1 ) بـەرەو خـاڵـى (P2) بـڕوات ، ئـەوا لـەو شـوێنـانـەى كـە بەهـێمـاى ( F ) نـوێندراون دەنگێكـى تـونـد دەبیستێت بـەڵام لـەو شـوێنـانـەى كـە بەهـێمـاى ( N ) نـوێندراون دەنگ نـابیسـتێ .</s>
  <s>واتـە لـەكـاتـى جــووڵـەى ئـەو كـەســە لـە (P1) بـۆ (P2 ) ، ئـەوا ئـەو دەنگـەى كـە دەیبیستێت كـەم و زیـاد دەكـات .</s>
  <s>لـەم شـوێنـانـەى تـونـدى دەنگ بـەرزە بەیەكداچوونـى دروسـتكـەرى لـێ ڕوودەدات ( پـەسـتاوتن دەكـەوێتـە سـەر پـەسـتاوتن ) وە لـەو شـوێنـانـەى تـونـدى دەنگ بـەنزیكـى سـفـرە بەیەكداچوونـى لـەنـاوبـەرى لـێ ڕوودەدات ( پـەسـتاوتن دەكـەوێتـە سـەر شـاشـبـوون ) .</s>
  <s>جـیاوازى ڕێگـاى ئـەو شـەپـۆلانـەى لـە ( A ، B ) دەردەچـن بـۆ شـوێنـە دەنگـدارەكان دەكـاتـە سـفـر یـان ژمـارەیـەكـى تـەواو لـەدرێـژى شــەپـۆل .</s>
  <s>واتـە : جـیاوازى ڕێگـا = 0 ، λ1 ، λ2 ........      بـۆ شـوێنـە بـە دەنگـەكـان .</s>
  <s>بـەڵام جـیاوازى ڕێگـاى ئـەو شـەپـۆلانـەى لـە ( A ، B ) دەردەچـن بـۆ شـوێنـە بێ دەنگـەكان دەكـاتـە ژمـارەیـەكـى تـاك لـەنیوەى درێـژى شــەپـۆل .</s>
  <s>واتـە جـیاوازى ڕێگـا =               ،            ،               ........     بـۆ شـوێنـە هـێمنـەكـان .</s>
  <s>پــرســیـار و ڕاهــێـنـانى بەشى دووەم

پ1/ وەڵامی ڕاست بۆ هەر یەكێك لە مانەی خوارەوە هەڵبژیرە .</s>
  <s>1-	كام لە ئەوانەی خوارەوە كار ناكاتە سەر كاتە لەرەی پەندۆل.</s>
  <s>a  - درێژی پەتەكە                                                 b- بارستەی گۆیەكەی     
  c- تاودانی زەوی لەوشوێنەی پەنەدۆلەكەی لێیە.</s>
  <s>d – هەموو ئەوانەی پێشوو  
2- كچێك لە كەناری دەریاوە سەیری شەپۆلەكانی ئاوی دەكرد .</s>
  <s>بینی كە لە هەر (2s) چركەدا , (4) شەپۆل تێدەپەرێت .</s>
  <s>درێژی هەر شەپۆلێك (0.5m) بوو ئەوا خێرایی شەپۆلەكان .</s>
  <s>a  - 0.25m/s              b- 0.5m/s            c- 1m/s            d- 4m/s
3- دووری نێوان هەردوو خاڵی دوایەك كە لە رەوگەدا چۆنیەك بن لە شەپۆڵێكدا دەكاتە 
  a- نیوەی درێژی شەپۆل                       b- درێژی شەپۆل 
      c - چارێگێكی درێژی شەپۆل                   d- 3/4 ی درێژی شەپۆل
    4- خێرایی شەپۆلی میكانیكی لە ناوەندێكدا بەندە بە 
      a - لەرەلەری سەچاوە                                        b- فراوانی سەرچاوەكە  
      c - سیفەتی ناوەندەكە لە رووی چڕی و جیری دا           d- درێژی شەپۆلەكە 
    5- گەورەترین خێرایی ئەو تەنەی بە شێوەی جوولەی هاوگونجاوی سادە دەلەرێتەوە لەو بارە  
         دەبێت كە لادانەكەی لە شوێنی سرەوتنەوە .</s>
  <s>a- گەورەترین لادانە                              b- سفرە
       c- نیوەی گەورەترین لادانە                      d- چارێكێكی گەورەترین لادانە     
    6- لە شەپۆلە وەستاوەكاندا ماوەی نێوان دوو گرێی دوایەك یەكسانە بە   
       a- یەك درێژی شەپۆل                         b- نیو درێژی شەپۆل 
       c- 2/3ی درێژی شەپۆل                       d- هیچ كامیان            
پ2 / مـەرجـەكـانـى پـەیـداكـردن و بـەردەوام بـوونـى جــووڵــەى بـەلــەرە چـــین ؟ .</s>
  <s>پ3 / هـێـزى گـەرێنـەرەوە لـەكـاتـى لـەرینـەوەى بـەنـدۆل لـەســەرچـى بـەنـدە ؟ .</s>
  <s>پ4 / تـەنـۆلكـەیـەك جــووڵــەى هـاوگـونجـاوى سـادە ئـەنجـام دەدات ، ئـایـا هـەریـەك لـە (هـێـزى گـەرێنـەرەوە ، تـاودان ، خـێرایـى ) چـۆن دەبـن :
a-	لــەشـوێنـى ســرەوتـن .</s>
  <s>b- لــەشـوێنـى گـەورەتـرین لادان .</s>
  <s>پ5 / بـرادەرەكــەت لـەوبـەرى گـۆمــە ئـاوێك وەسـتاوە .</s>
  <s>بـەچـەنـد ڕێگـا دەتـوانیت هـۆشـیارى بكـەیتـەوە ؟ لـەهـەر ڕێگایـەكــدا هــۆى گـواسـتنەوەى ووزە ڕوون بكـەرەوە .</s>
  <s>پ6 / جــۆرەكانـى شـەپـۆلـە مـیكانیـەكان چــین هـەریەكەیـان پێنـاس بكـە لـەگـەلأ نـمــوونـەیـەك .</s>
  <s>پ7 / بــەراووردى نێوان شـەپۆلـى پـانـڕەو و شـەپۆلـى درێـژڕەو بكــە .</s>
  <s>پ8 / كاتێك كـۆمـەلێك سـەربـاز بـەسـەر پـردێك دادەڕۆن داوایـان لـێ دەكـرێت بـەنـیزام ڕۆیـشتن تێك بـدەن .</s>
  <s>بـۆچــى ؟ .</s>
  <s>پ9 / كاتێك بنـى دولكـەیـەكـى سـازدەرى لـەراوە لـەســەر ڕووى مـێزێك چـەسـپ دەكـرێت تـونـدى دەنگ زۆر دەبێت .</s>
  <s>بـۆچــى ؟ .</s>
  <s>پ10 / سـیفەتـەكـانـى شــەپـۆلــە وەســتاوەكـان چـــین ؟ .</s>
  <s>پ11 / خــێرایـى شــەپـۆل لـەنـاوەنـدى مــاددى دا لـەســەرچـى بـەنـدە ؟ .</s>
  <s>پ12 / چــى بـەســەر كـاتە لـەرەى بـەنـدۆل دێت كاتێك :
a.</s>
  <s>كـێشــى گـۆیـەكـەى دەبێتـە دوو ئـەوەنـدە .</s>
  <s>b.</s>
  <s>درێـژى یـەكــەى دەبێتـە دوو ئـەوەنـدە .</s>
  <s>پ13 / چ گـۆڕانێك لـەوانــەیـە بـەســەر ( خــێرایـى ، لەرەلەر ، درێژى ) شەپۆلێك دادێت كاتێك لـەنـاوەنـدێكـەوە بـۆ نـاوەنـدێكـى تـر دەچـێت ؟ .</s>
  <s>پ14 / لـەشـەپـۆلـى وەسـتاودا دوورى نێـوان هـەریـەك لـەمــانـە چـەنـدە بـەپـێى درێـژى شـەپۆل :
a.</s>
  <s>دووگــرێى دواى یــەك .</s>
  <s>b.</s>
  <s>دووقـوڵــف دواى یــەك .</s>
  <s>c.</s>
  <s>قــوڵــف و گــرێى هـاوســێ .</s>
  <s>پ15 / لــەم وێنـەیـەدا شــەپۆلێك لـەرەلـەرەكـەى ( 20Hz )ە ، ئــەمـانـە چــەنـدن :
a.</s>
  <s>فــراوانـــى .</s>
  <s>وەڵام :  ( a- 5cm )
b.</s>
  <s>درێــژى شــەپـۆل .</s>
  <s>( b-16cm )
c.</s>
  <s>خــێرایـى شــەپـۆل .</s>
  <s>(c- 320 cm/sec )   
d.</s>
  <s>كــاتـە لــەرە .</s>
  <s>(d- 0.05sec )                                
                                                                                          
                                                                                          
                                                                                          
پ16 / درێـژى شــەپـۆلـى ئـەو رووناكیـە ســوورەى لـەدایـۆدى لـێزەر دەردەچـێت دەكـاتە (650nm) ، ئـایـا لـەرەلـەرەكــەى چــەنـدە ؟ ئـەگـەر بزانیت 
خـێرایـى رووناكـى(υL)  = m/sec 8 10  ×3 .</s>
  <s>وەڵام : (1013Hz×46)
پ17 / هـەمــوو جـۆرەكـانـى شـەپۆلـەكـانـى كارۆمـوگناتیسـى لـەبـۆشـایـى دا هـەمـان خـێراییـان هـەیـە (108 m/sec×3) ، ئـایـا درێـژى شـەپـۆلێكـى ڕادیـۆیـى چـەنـدە ؟ ئـەگـەر لـەرەلـەرەكــەى ( 90MHz ) بێت .</s>
  <s>(=106 میگا M= )
                                                                           وەڵام :  ( 3.3m ) 

پ18 / دولكـەیـەكـى سـازدەر لـەهـەوادا دەنگێك دەنـێرێت بـەلــەرەلـەرى (Hz 250) درێـژى شــەپـۆلـى (m 1.4 ) ، ئـایــا :
a.</s>
  <s>خـێرایـى دەنگ لـەهـەوادا چــەنـدە ؟ .</s>
  <s>b.</s>
  <s>درێـژى شــەپـۆلـى دەرچـوو لەدولكـەكـەوە لـەناو ئـاودا چــەنـدە ؟ .</s>
  <s>ئـەگـەر خـێرایـى دەنگ لـەئـاودا ( 1500m/sec) بێت .</s>
  <s>وەڵام :  ( a- 350m/sec ) 
                                                                                               ( b- 6m ) 
پ19 / ژێ یـەكـى تـونـدكـراو درێـژى یـەكــەى ( m1.5)ە ، ئـاوازى هـاوگـونجـاوى شـەشـەم دەدات ، ئـایـا درێـژى شـەپۆل چــەنــدە ؟ .</s>
  <s>وەڵام :  (m 0.5)

پ20 / ژێ یـەكـى تـونـدكـراو درێـژى یـەكــەى ( 1m )ە ، بـەئـاوازى هـاوگـونجـاوى دووەم دەلەرێتـەوە بـە ( 300Hz) ، خـێرایـى شـەپۆل بەنـاو ئـەم ژێ یـەدا چــەنــدە ؟ .</s>
  <s>وەڵام :  (m/sec300 )
پ21 / بـەنـدۆلێك درێـژى یـەكــەى ( 1m )ە ، كاتـەلـەرەكـەى دەبێتـە چـەنـد لـەشـوێنێك لـەســەر ڕووى زەوى ؟ ( g=9.8m/sec2 ) .</s>
  <s>وەڵام :  (sec 2 )



پ22 / ڕەوگـەى تەنێك جــووڵـەى هـارمـۆنـى سـادە دەكـات چـەنـدە ؟ كاتێك :
a.</s>
  <s>لادانـى گـەورەتـریـنــە .</s>
  <s>وەڵام :  (˚90)
b.</s>
  <s>خـێرایـى گـەورەتـریـنــە .</s>
  <s>وەڵام :  ( سـفـر )
c.</s>
  <s>تـاودانـى گـەورەتـریـنــە .</s>
  <s>وەڵام :  (˚90)
پ23 / ژێ یـەكـى تـونـدكـراو درێـژى یـەكــەى ( 30cm )ە ، ئـەگــەر خـێرایـى شـەپۆل بەنـاو ئـەم ژێ یـەدا (300m/sec) بێت ، ئـایـا لـەرەلـەرى سـێ هـارمـۆنـى یـەكــەم چــەنـدە ؟ .</s>
  <s>وەڵام :  ( 500Hz, 1000Hz , 1500Hz  )

   ______________________________________________________</s>
</ch>