<?xml version="1.0" encoding="UTF-8"?>
<ch>
   <s>﻿
شكانەوەی روونـــــاكــی 
Refraction of Light


بـەشــى حەوتەم
 
شـكانـەوەى روونـاكــى
Refraction  of  Light

( 7-1 ) شكانەوەى روونـاكـى :	
كاتێك روونـاكـى دەگاتە سنوورى نێوان دوو ناوەند ، ئەوا بەشێكى رووناكیەكە بۆ ناوەندى یەكەم دەدرێتەوە .</s>
   <s>وەبەشێكى ترى دەچێتە ناوەندى دووەم .</s>
   <s>وێنە ( 1 – 7 ) بەشێوەیەكى گــشتى ئــەو تیشكــەى دەچـێتـە نــاوەنـدى دووەم كەمـێـك لـە رێـرەوەكەى بۆ ناو نـاوەنـدى دووەم ( دەچەمێتەوە ) لادەدات  .</s>
   <s>بـەڵام وەك بارێكى تایبەتى ئەگەر تیشكە لێدەرەكە بەستوونى بكەوێتە سەر سنوورەكە ، ئەوا ئاڕاسـتەى خۆى ناگۆڕێت شكانەوە ڕوونادات .</s>
   <s>بەچەمانەوەى تیشكەكانى رووناكى كاتى تێپەربوونیان لە ناوەندەێكەوە بۆ ناوەندێكى تر دەووترێ شكانەوەى رووناكى .</s>
   <s>( 2 – 7 ) هاوكۆلكەى شكانەوە : Index of Refraction 
خێرایـى روونـاكـى لە ناوەندێكى ڕوونـدا پێوەرێكە بۆ روونـاكە چڕى ئەو ناوەندە ئەگەر خێرایـى رووناكى لەناوەندێكى رووندا زۆر كەم بێت ، ئەوا ئـەوناوەند روونـاكـە چرى زۆرە .</s>
   <s>كەوابێ رووناكـە چڕى : بریتیە لە سیفەتێكى ناوەندى ڕوون كە خـێـرایـى رووناكى تیایدا لەسەر بەندە .</s>
   <s>چەند رووناكە چڕى ناوەندێك زۆربێت ، ئەوا خـێـرایـى روونـاكـى تیایدا كەم دەبێت وە بە پێچەوانەش ڕاسـتە .</s>
   <s>دەتوانین ئەم ڕاسـتیەى سەرەوە باشـتر دەبڕین بە پێناسەكردنى هاوكۆلكەى شكانەوەى
( هـن )(n) ناوەندەكە .</s>
   <s>خــر هـەوا  ~  خــر بۆشـایـى                                                                

بڕى هاوكۆلكەى شكانەوەى ناوەندە جیاوازەكان لەم خشتەیەى خوارەوە دەست دەكەوێت :

نــاوەنــد	هاوكۆلكەى شكانەوە (  n)
هــەوا	 1~ 1.0003  

ئـــاو	1.33
ســەهـۆڵ	1.31
شـووشـەى ئاسـایـى 	1.52
شـووشـەى فـلنـت	1.66
ئـەڵـمـاس	2.42

هاوكۆلكەى شكانەوەى پەتى ناوەندێك بەگوێرەى بۆشایـى پێناسە دەكرێت ، لەبەر ئەوەى خـێـرایـى روونـاكــى لە بـۆشـایـى نزیكەى یەكسانە بە خـێـرایـى روونـاكــى لە هەوادا ، بۆیە هاوكۆلكەى شكانەوەى ناوەندێك بەگوێرەى هەوا هەژمار دەكرێت .</s>
   <s>هاوكۆلكەى شكانەوەى ناوەندێك دەوەستێتە سەر درێژى ئەو شەپۆلە رووناكیەى كە دەچێتە ناوەندەكـە ، هاوكۆلكەى شكانەوەى ناوەندێكى ڕوون كەم دەكات بەزیادبوونى درێژى شەپۆلى رووناكى .</s>
   <s>هەر لەبەر ئەمەشە كـە رووناكى سـوور كەمـتر دەشكێتەوە لە روونـاكــى شـــین .</s>
   <s>لە ڕاسـتیدا دەتوانرێت بسەلمێنرێت كە هاوكۆلكەى شكانەوەى پەتى ناوەندێك  بریتیە لە رێژەى نێوان  تەژێى گۆشەى لێدان لە هەوادا  بۆ تەژێى گۆشەى شكانەوەى لەناوەندەكەدا:
وێنەی (7-2)









یاسـاكانى روونـاكــى شكانەوە : 
1-	تیشكى لێدەر، تیشكى شكاوە ، ستوونى كێشراو لە خاڵى لێدان لەسەر ڕووەكە دەكەونە ناو یەك ڕووتەختەوە .</s>
   <s>2-	هاوكۆلكەى شكانەوەى ناوەندێكى ڕوون برێكى نەگۆرە ناوەستێتە سەر گۆشەى لێدان ، بـەڵام دەوەستێتە سەر جۆرى ماددەى ناوەندە ڕوونەكە و درێژى شەپۆل و پلەى گەرمى .</s>
   <s>3-	ئەگەر تیشكێكى رووناكى لەناوەندێكى كەم رووناكە چڕەوە بچێتە ناوەندێكى ترى زۆرتر رووناكە چڕ ئەوە تیشكەكە دەشكێتەوە و لە ستوونى كێشراو نزیك دەبێتەوە وە ئەگەر تیشكێكى روونـاكــى لەناوەندێكى زۆر رووناكە چڕ بچێتە ناوەندێكى  كەمـتر رووناكە چڕ ئەوا تیشكەكە دەشكێتەوەو لەستوونى كێشراو دوور دەكەوێتەوە.</s>
   <s>وێنـەى ( 3 – 7 ) .</s>
   <s>نـمــوونـە : ئـەگـەر خـێرایـى روونـاكـى لـەهـەوادا بكـاتـە (m/sec108 × 3) وە هـاوكـۆلكـەى شـكـانـەوەى شـووشـە ( 1.5 ) بێت ، ئـایـا خـێرایـى روونـاكـى لـە شـووشـەدا چـەنـدە ؟ .</s>
   <s>شـــیـكـار :  










	
( 3 – 7 ) قـووڵـى ڕووكەشى تەنێك لەناو ناوەندێكى ڕووندا :
قـووڵـى ئاوى گومێك زۆر جار كەمتر دیاردەكەوێت لە قوڵیە ڕاسـتیەكەى، یان ماسى یەك لەناو ئاودا وادیار دەكەوێت كە نزیكترە لە ڕووەكەیەوە .</s>
   <s>بڕوانە وێنەى ( 4 – 7 ) ئەم دیاردانە بۆ هۆى شكانەوەى روونـاكـى دەگەڕێتەوە كاتێك رووناكیـەكـە لەناوەندێكەوە بۆ ناوەندێكى تر دەگوازرێتەوە.</s>
   <s>لەوێنەكەدا ئەو تیشكەى لە پارە كانزاكەوە دەردەچێت لە ستوونى كێشراو دوور دەكەوێتەوە ئینجا دەگاتە چاومان .</s>
   <s>ئێمەش پارەكە لەشوێنى ( P ) دەبینین لەجیاتى شوێنى (P ) وە دەبینى كە d ، d  قـووڵـى ڕاسـتەقینەو قـووڵـى ڕووكەشى پارەكە دەنوێنن.</s>
   <s>دەتوانین بیسەلمێنین كە :

 






	












 ( 4 – 7 ) گۆشەى مۆلەق و دانەوەى تەواوەتى ( critical angle and total reflection )
گوتمان كاتێك تیشكێكـى رووناكى لە ناوەندێكى رووناكەچڕى زۆرەوە (گەورەیەn ) وەك ئاو دەچێتە ناوەندێكى تـر رووناكەچڕى كەمتربێت وەك هەوا ئەوا تیشكـە شكاوەكـە لە ستوونى كێشراو دووردەكەوێتەوە، بڕوانە وێنەى (a,b 5-7 )، تیشكێكـى رووناكى بەلارى لە ئاوەوە بۆ هەوا دەردەچێت لێرەدا گۆشەى شكانەوە گەورەتر دەبێت لە گۆشەى لێدان ، ئەگەر ئێمە بەرەبەرە گۆشەى لێدانمـان زیادكـرد ئەوا بەرەبەرە گۆشەى شكانـەوەش لەگەڵیدا زیاد دەبێت.</s>
   <s>لە گۆشەیەكـى لێدانى دیارى كراو ( مۆلەقەدا ) دەبینین كـە گۆشەى شكانەوە دەبێتە(˚90).</s>
   <s>واتە تیشكە شكاوەكە تەریب دەبێت بۆ ڕووى ئاوەكە ، ئەگەر گۆشە لێدانەكە زیاتر بێت  لەو گۆشە مۆلەقەیە ئەوا تیشكەكە بۆ ناو ئاوەكە دەدرێتەوە ، بۆ ناو هەوا دەرناچێت بەم ڕووداوە دەووترێ دانەوەى تەواوەتى .</s>
   <s>گۆشەى مۆلەق( cθ ):Critical angle 
گۆشەى مۆلەق بۆ دانەوەى تەواوەتى گەورەترین گۆشەی لێدانە لە ناوەندێكی رووناكەچڕى زۆردا كـە گۆشەیەكى شكانەوەى وەستاوى لە ناوەندێكی رووناكە چڕی كەمدا بەرامبەردەبێت یان ئەو گۆشە لێدانەیە كە گۆشە شكانەوەكـەى ( 90˚ ) دەبێت .</s>
   <s>دانەوەى تەواوەتى : Total Reflection
كاتێك گۆشەى لێدان لە ناوەندە زۆر رووناكـەچڕەكە زیاتر بوو  لە گۆشەى مۆلەق ، ئەوا تیشكە لێدەرەكە  بۆ هەمان ناوەندە زۆر چڕەكە دەدرێتەوە و بۆناوەندە كەم چڕەكە دەرناچێت .</s>
   <s>واتـە هـاوكـۆلكـەى شـكانـەوەى نـاوەندێك دەكاتـە هـەڵگـەڕاوەى ساینى گۆشـە مـۆلـەقە .</s>
   <s>نمــوونـە : ئەگەر هاوكۆلكەى شكانەوەى شووشە ( 1.5 ) بێت ، ئایا گۆشە مـۆلـەقەكــەى بــۆ هــەوا چەندە ؟ 
 
شـــیـكـار : 





                                                                                               
                                                                                            
                                                                                              
  
لێرەدا دیاردەكەوێت كاتێك گۆشەى لێدان لەناو شووشەدا كەمـێك زیـاتـر بێت لـە (˚42) ، ئـەوا تیشكـەكـە لـەنـاو شــووشـەوە بۆ نـاو هــەوا دەرناچێت .</s>
   <s>بەڵكو بۆ هەمان ناوەندى شــووشـە دەدەرێتـەوە .</s>
   <s>وەك لە ئاوێزەى وەستاوى
 دوولا یەكسان ڕوودەدات .</s>
   <s>بروانە وێنەى
 ( 6 – 7 ) ، وە هۆى درەوشانەوەى ئەڵماس 
دەگەڕێتـەوە بۆ كەمى گۆشە مۆلـەقەكـەى
 كە (˚24) پلـەیە ئەمەش وادەكات كەتیشكى 
رووناكى لەناو ئەڵماس دا چەند جار تووشى دانەوەى
 تەواو دەبێت  پێش ئەوەى بۆ ناو هەوا دەربچێت.</s>
   <s>رووناكى دەتوانێت بەناو  ریشاڵـە بینایەكاندا 
بۆ ماوەى دوور بڕوات لەبـەر چەند جارە دانەوەى
 تەواوەتى .</s>
   <s>هەندێ جار بەم ریشاڵانە دەووترێ بۆریەى رووناكى  Light tubes )) ، ئەم تەكنیكە بەكاردێ بۆ فـەحـس كردنى ئەندامەكانى ناو لەشى مرۆڤ .وێنەی (7-7) 








( 5 – 7 ) تـەڕاویلكـەى نـاوچـە گـەرمــەكـان : ( السـراب – Mirage )
مرۆڤ لـەبیـابـانـى گـەرم دا لـەوانـەیـە گـۆمێكـى ئـاو لـە دوورەوە ببیـنـى كـە لـەڕاسـتیـدا هـەبـوونـى نییـە ، وە هـەروەهـا كاتێك لـەهـاوینـدا لـەسـەر ڕێگـاى قـیرتـاو سـەفـەر دەكـەیت هـەنـدێ شـوێنـى تـەڕایـەتـى لـەسـەر ڕێگـاكـە دەبینـى ، بەم هـەرخـەڵـەتـانـدنـى بینـین دەووتـرێ تـەڕاویلكـە .</s>
   <s>كـە لـەئـەنجـامـى شـكانـەوەى روونـاكـى پـەیـدادەبێت .</s>
   <s>ئـەم ڕووداوە بـەم جـۆرە لێك دەدرێتـەوە ، ئـەم چینـە هـەوایـەى نـزیكـى زەوى یـە گـەرم دەبێت و دەكشێت بـۆیـە چـڕى یـەكـەى كـەمـتر دەبێت لـەچـڕى چینـەكـانـى سـەرەوە ، كاتێك تیشكـى روونـاكـى لـە زەوى نـزیك دەبێتـەوە لـەچینـە زۆر چـڕەكـانـەوە دەچێتـە ئـەم چینـە كـەم چـڕەى كـە زۆر نـزیكـى ڕووى زەوى یـە بـۆیـە لـەسـتوون دوور دەكـەوێتـەوە تـا تـووشـى دانـەوەى تـەواوەتـى دەبێت ، كـە ئـەم تیشكـە دراوانـە دەكـەونـە سـەر چـاوى سـەیـركـەر ، ئـەویـش وێنـەى ئـاسـمـان لـەسـەر زەوى وەك گـۆمێكـى ئـاوى خـەیـاڵـى دەبینـیت .</s>
   <s>وێنـەى ( 8 – 7 ) .</s>
   <s>ئـەو تیشكـە روونـاكیـانـەى لـە ئـەستـێرەكـانـەوە دەردەچـن لـەبـۆشـایـى دا بـەهـێڵـى ڕاسـت دەڕۆن بـەڵام كاتێك دەگـەن بـە چینـەكـانـى هـەوا دەشـكێنـەوە و ڕێـرەوكـانیـان چـەمـاوەیی دەبێت ، وە كاتێك دەكـەونـە سـەر چـاوى تـەمـاشـاكـەر ، ئـەوا ئـەسـتێرەكـە لـەشـوێنێك دەبینیت كـە شـوێنـى ڕاسـتـەقینـەى خــۆى نـى یـە .</s>
   <s>وێنـەى ( 9 – 7 )
 






 





( 6 – 7 )  دیاركردنى رێڕەوى تیشكى رووناكى بەناو ئاوێزەدا :
ئاوێزە(prism) تەنێكى ڕوونە دەكەوێتە نێوان دوو ڕووتەختى بە یەك گەیشتوو .</s>
   <s>وێنە
 (a10 – 7 ) ئاوێزە لە زۆر دەزگا بیناییەكاندا بەكاردێت وەك دووربین و تەلەسكۆب و شەبەنگ بین  ، وە هەروەها  بۆ شیتەڵكردنى رووناكى بۆ ڕەنـگەكانـى بەكاردێت .</s>
   <s>ئەو تیشكەى بەلارى دەكەوێتە سەر ڕووێكى ئاوێزە دوو جار دەشكێتەوە جارێكیان كـە دەچێتـە نـاو ئاوێزەكـە و جـارێكـى تـر كە لـێى دەردەچێت .</s>
   <s>گریمان تیشكى روونـاكـى لەهەواوە  دەچێتە ناو ئاوێزەكە بەگۆشەى لێدانى (iθ) ، ئەم تیشكە دەشكێتەوە و لە ستوونى كێشراو نزیك دەبێتەوە .</s>
   <s>وە لەستوونى كێشراو دوور دەكەوێتەوە كاتێك لە ئاوێزەكە دەردەچێت  بۆ ناو هــەوا .</s>
   <s>بەو گۆشەى كە تیشكەكە  بەهۆى ئاوێزەوە لە رێرەوەكەى دەچەمێتەوە پـێى دەووترێ گــۆشەى لادان .</s>
   <s>لەوێنەى (b 10 – 7 ) دا گۆشەى نێوان درێژكراوەى تیشكى تێچوو وە درێژكراوەى تیشكى دەرچوو ( δ       ) بر یتیە لە گۆشەى لادان .</s>
   <s>لەمەوە دیاردەكەوێت كە ئــاوێــزە وێـنــەى خەیاڵـى دروست دەكات  لە شـوێنـى ڕاسـتـەقــیــنــەى خــۆى دا نـابێت .</s>
   <s>وێـنــەى (c 10 – 7 ) .</s>
   <s>( 7 – 7 ) روونـاكـى و ڕەنـگ : 
شیتەڵ كردنى روونـاكـى بۆ چەند ڕەنـگێكى جـــودا .</s>
   <s>كاتێك تیشكى روونـاكـى بە شووشەى ئاوێزە  تێپەڕ دەبێت و دەكەوێتە سەر شاشەیەكى سپى ئەوا چەند گورزە ڕەنـگێك دەبینین كە پێكهاتووە لە ( سـوور _ پرتەقالى _ زەرد _ ســەوز _ شـــین _نیلى _ بنەوشەیى ) لەسەر شاشەكەدا وێنەی(7-11) .</s>
   <s>سنوورێكى دیارى كراو لە نێوان ڕەنـگەكان  نـى یە .</s>
   <s>بەرە بەرە  ڕەنـگێك بۆ ئەوەى تەنیشتى دەگۆرێت .</s>
   <s>شى كردنەوەى روونـاكـى بینراو  بۆ ئەو ڕەنـگانەى لـێى پێكهاتووە  پـێى دەووترێ شیتەڵ كردنى روونـاكـى وە بە ڕەنـگەكان دەووترێ ڕەنـگە شەبەنگیەكان ، تەنها ئاوێزە روونـاكـى شیتەڵ ناكات بەڵكو دەزگاى تریش  هەیە هەڵدەسێ بەشیتەڵ كردنى روونـاكـى  وەك درزەكى لادان ، بۆ نمـوونـە ئـەو رووناكیــەى لــەڕووى ( CD ) دەدرێتـەوە ڕەنـگاو ڕەنـگـە ، چونكە ڕووى ( CD ) وەك درزكێكى روونـاكـى دەرەوە كاردەكات .</s>
   <s>روونـاكـى سپى كاتێك بەناو ئاوێزەدا تێپەر دەبێت بۆ ڕەنـگەكان شیتەڵ دەبێت ، چونكە هاوكۆلكەى شكانەوەى ئاوێزەكە دەگۆڕێت بەگۆڕانى درێژە شەپۆڵ .</s>
   <s>هەر ئەمەش دەبێتە هۆى جودا بوونەوەى ڕەنـگەكان لەیەكترى .</s>
   <s>ئێستاكە باسى پەیوەندى نێوان روونـاكـى و ڕەنـگ دەكەین .</s>
   <s>ئێمە دەزانین كە روونـاكـى بریتیە لە شەپۆلە كارۆموگناتیسیەكان  كە لە لـەرینەوەى تەنۆلكە بارگاویەكان پەیدا دەبن ، وە هەروەها زانیمان كە شەپۆلە كارۆموگناتیسیەكان مەودایەكى فراوانیان هەیە لە درێژە شەپۆلى جیا جیا ، روونـاكـى بینراو تـەنهـا مـەودایـەكـى تـەسـكـە لـە شـەبـەنـگـى كـارۆمـوگنـاتیسـى .</s>
   <s>هـەر چـۆنێك بێت روونـاكـى بینراو لەو شەپۆلانە پێكهاتووە  كە درێژییان دەكەوێتە نێوان ( 380  نانۆمەتر بـۆ  780 نانۆمەتر ) .</s>
   <s>( نانۆمەتر =  9-10مـەتـر ) (1nm = 10-9m)،لە تێكەڵەی ئەم شەپۆلانەش رووناكی سپی پەیدادەبێت.</s>
   <s>هاوكۆلكەى شكانەوەى هەر ماددەیەكى ڕوون كەم دەبێت  بەزیادبوونى درێژى شەپۆڵ.</s>
   <s>لەم خشتەدا هاوكۆلكەى شكانەوەى شووشە بۆ چەند درێژە شەپۆلى روونـاكـى پێشان دراوە كەتیایدا بۆمان دەردەكەوێت كە شەپۆلە كورتەكانى رووناكى بینراو،( ڕەنـگـى بنەوشەیى ) زۆرتر دەشكێتەوە لە شەپۆڵە درێژەكان ( ڕەنـگـى سوور ) ، شكانەوەى ڕەنـگەكانى تر دەكەوێتە نێوانیـان بەپـێى درێژى شەپۆلیان .</s>
   <s>گـۆڕانـى هاوكۆلكەى شكانەوە بـەپـێى درێژى شەپۆل
ڕەنـگـى بەرامبـەر	هاوكۆلكەى شـكانـەوە ( n )	درێژى شـەپـۆل ( λ ) نانۆمەتر
بنـەوشــەیـى	1.539	361
شـــین	1.528	434
ســەوز	1.523	466
زەرد	1.517	589
پـرتـەقـالـَـى	1.574	656
ســـــوور	1.511	768


لەوێنـەى خوارەوە مەوداى ئەو درێژە شەپۆلانەى كە بەرامبەرن بە هەر ڕەنـگێك پیشانـدراوە هەروەك پێشتر گوتمان كە ڕەنـگەكان لەسەرخۆ دەگۆڕین سنوورێكى ئاشكرا لەنێوانیان دانییە لەوانەیە ئەو سنوورانەى لەوێنـەكـەدا دیاركراون جێگیر نەبن و دەگۆرێن.</s>
   <s>واتە رەنگ سیفەتێكى رووناكییە دەكەوێتە سەر درێژى شەپۆڵ.</s>
   <s>هۆى بینینى ڕەنـگەكان بۆ ئەو دەمارانە دەگەڕێتەوە كە لە تۆڕى چاودا هەیە و هەستیارن بۆ روونـاكـى ، كاتێك روونـاكـى دەكەوێتە سەر ئەو دەمارانە دەبێتە هۆى گۆڕانكارى كیمیایـى و كارەبایـى كە دەگوێزرێنەوە بۆ دەماغ ( مێشك ) و هەست بەڕەنـگەكان پەیدادەكات .</s>
   <s>لە سەر تۆڕى چاو دوو كۆمەڵە دەمار هەیە قـووچـەكەكان و چیلكەكان ( تووڵەكان ) ، قـووچـەكەكان كۆتایـى ئەو دەمارانەن كە هەست بەڕەنـگەكان دەكەن و تووڵەكانیش هەست بە توندى روونـاكـى دەكەن .</s>
   <s>سێ كۆمەڵـە قووچەكیـش هەیە ، هەر كۆمەڵـەیەك تایبەتە بە ڕەنـگێك لە ڕەنـگە بنەڕەتیەكان  ( سـوور _ســەوز _ شـــین ) ، ئەگەر تەنها روونـاكـى سـوور بكەوێتە سەر تۆڕەى چاو ، ئەوا ئەو قـووچـەكانە دەبزوێنێت كە تایبەتن بەڕەنـگـى سـوور وە ئەگەر روونـاكـى ســەوز بكەوێتە سەر تۆڕى چاو  ئەوا ئەو قووچەكانە دەبزوێنێ  كە تایبەتن  بەڕەنـگـى ســەوز .</s>
   <s>وە هەروەها..... بەڵام ئەگەر روونـاكـى زەرد كەوتە سەر چاو ئەوا دوو كۆمەلە  قـووچـەك دەبزوێنـێ كە تایبەتن بەڕەنـگـى سوور  و ســەوز .</s>
   <s>وە ئەگەر روونـاكـى سـپـى كەوتە سەر چاو هەرسێ جۆرە قـووچـەك دەبزوێنێت و هەستى روونـاكـى سپى پەیدا دەبێت، بەڵام ئەگەر هیچ روونـاكـى نەكەوێتە سەر تۆڕى چاو ئەوا هەستى تاریكى ( ڕەش ) دیاردەكەوێت .</s>
   <s>زۆرتـرین ئاژەڵ لە چاوەكانیانـدا هەستەوەرى ڕەنـگەكانیان نـى یە .</s>
   <s>بۆیە تەنەكان بە ڕەش و سپى دەبینن و روونـاكـى بەگوێرەى ئەوان بێ ڕەنـگــە .</s>
   <s>( 8 – 7 ) ڕەنـگـى تەنە رێگرەكانى رووناكى :
      ڕەنـگـى تەنە رێگرەكانى روونـاكـى دەوەستێتە سەر :
1-	ڕەنـگـى ئەو رووناكیەى دەكەوێتە سەر تەنەكە .</s>
   <s>2-	ڕەنـگـى ئەو رووناكیەى تەنەكە دەیداتەوە .</s>
   <s>دابنێ ڕەنـگـى رووناكى سپى دەكەوێتە سەر تەنێك ، ئەوا تەنەكە هەندێ لە درێژە شەپۆلەكان هەڵدەمژێت و ئەوانى تر دەداتەوە ، ڕەنـگـى تەنەكە بەتێكەڵەى ئەو ڕەنـگانەى ( ئەو درێژە شەپۆلانەى ) تەنەكە دەیداتەوە و دەكەوێتە سەر چاومان  دیاردەكەوێت .</s>
   <s>بۆ نموونە تەنى ســوور ، كاتێك رووناكى سپى دەكەوێتە سەرى ئەوا تەنها ئەو شەپۆلانە دەداتەوە كە بەرپرسیارن لە ڕەنـگـى ســوور  و هەموو ڕەنـگەكانى تر هەڵدەمژێت بۆیە بەڕەنـگـى ســوور دیاردەكەوێت وێنەی (7-12a) وە هەروەها تەنى سەوز تەنها ڕەنـگـى سەوز دەداتەوە و ڕەنـگەكانى تر هەڵدەمژێت وێنەی (7-12b).</s>
   <s>وە ئەگەر تەنێك هەموو شەپۆلە بینراوەكانى رووناكى بەهەمان بڕ بداتەوە ئەوا ڕەنـگـى ئەو تەنە سپى دیاردەكەوێت ، لەلایەكى ترەوە ئەگەر تەنێك هەموو شەپۆڵە بینراوەكانـى رووناكـى هەڵمژێت هیچى نەداتەوە ئەوا ئەو تەنە ڕەش دیاردەكەوێت ، لەڕاسـتیدا تەنى ڕەش نابینرێت ، بەڵام بەبینینى تەنەكانى دەوروپشتى شوێنەكەى دیارى دەكرێت .</s>
   <s>گوڵێكى ســوور كاتێك بە رووناكى سپى ( رووناكى خـۆر ) رووناك دەكرێتەوە  ئەوا بەڕەنـگـى ســوور دیاردەكەوێت بەڵام هەمان گوڵ ئەگەر تەنها بەڕەنـگـى شـــین رووناك بكرێتەوە ئەوا ڕەش دیاردەكەوێت.هۆیەكەى لەبەر ئەوەیە كە ڕەنـگـى ســوور لەو رووناكیە شـــینەدا نـى یە كە كەوتۆتە سەر گوڵەكە بۆیە گوڵَەكە ڕەنـگە شـــینەكە هەڵدەمژێت و نایداتەوە لەئەنجامدا ڕەش دیاردەكەوێت .</s>
   <s>ڕەنـگـى ڕاسـتەقینەى تەنەكان لەوساتە دیاردەكەوێت كاتێك بە رووناكى خۆر روونـاك بكرێنەوە .</s>
   <s>( 9 – 7 ) ڕەنـگـى تـەنـە روونەكـان ( پالـێوەرەكـانـى رووناكـى _ فـلتـەرەكـان ) :
ڕەنـگـى تەنى ڕوون دەوەستێتە سەر ڕەنـگـى ئەو رووناكیەى پـێى تێپەڕدەبێت ( یان كۆمەڵەى ئەو شەپۆڵانەى پـێى تێپەڕدەبێت ) .</s>
   <s>بـۆ نـمــوونـە شـووشـەى شـــین تـەنـهـا رێ دەدات بـەتێپـەربـوونـى ئـەو شـەپـۆلانـەى بـەرپـرسـیارن لـەڕەنـگـى شـــین ( لەگەلأ كـەمـێك لـە درێژە شـەپـۆلـەكـانـى نزیكیەوە وەك ســەوز و بنـەوشــەیـى ) وە هـەمـوو شـەپـۆلـەكـانـى تـر هـەڵـدەمــژێت .</s>
   <s>وە هەروەها شووشەى زەرد تەنها دەهێڵێت ڕەنـگـى زەرد بەناوى تێپەربێت و ڕەنـگەكانى تر هەلدەمژێت ، بروانە وێنەى ( 13 – 7 ) .</s>
   <s>ئەگەر بەناو شووشەیەكى شـــینەوە سەیرى پەڕاوێكى سپیت كرد ، ئەوا ڕەنـگـى پەڕاوەكە شـــین دیاردەكەوێت .</s>
   <s>( 10 – 7 ) تێكەڵكـردنى ڕەنـگــەكان :
ئەگەر شەبەنگى رۆژ بۆ سێ ناوچەى یەكسان دابەش بكرێت ، ئەوا ئەو رووناكیەى لە تێكەڵەى ناوچەى شەپۆڵە درێژەكان پەیدا دەبێت ڕەنـگەكەى ســوور دەبێت وە تێكەڵەى ناوچە درێژە شەپۆڵە ناوەندیەكان ڕەنـگەكەى ســەوز دەبێت وە تێكەڵەى ناوچە درێژە شەپۆلە كورتەكان ڕەنـگەكەى شـــین دەبێت بڕوانە وێنەى ( 14 – 7 ) بەم سێ ڕەنـگـى رووناكیە دەووترێ ڕەنـگــە بنچینەیەكان(بنەڕەتیەكان) (Primary color)، هە ڕەنـگێكى تر دەتوانرێت لە تێكەڵ كردنى ئەم سێ ڕەنـگە بنەڕەتیە دەست بكەوێت ، شاشەى تەلەفزیۆنى ڕەنـگاو ڕەنـگ لە ناوچەى بچووكى تەنیشت یەك پێكهاتووە ،ئەم ناوچانە بەرپرسیارن لە سێ ڕەنـگە بنچینەیەكان ، هەر ڕەنـگێكى پەیدابــوو لەسەر شاشەكە لەئەنجامى كاراكردن و ورووژاندنی  ئەم ناوچە ڕەنـگیانەیە بە بڕى جیاواز .</s>
   <s>ئەگەر سێ گورزەى رووناكى هەریەكیان تایبەت بەڕەنـگێكى بنچینەیـى لەسەر شاشەیەكى سپى چـوونە سەر یەكترى ، ئەوا ڕووبەرە روونـاك كراوەكە وەك وێنەى ( 15 – 7 ) دیاردەكەوێت كە تیایدا ئەم زانیاریانە دەست دەكەوێت :
1-	 كۆكردنەوەى سێ ڕەنـگە بنچینەییەكە ( ســوور ، ســەوز ، شـــین ) ڕەنـگـى سپى دەست دەكەوێت .</s>
   <s>واتـە :    
   ســــوور  +  ســەوز  +  شـــین  ←  ســپـى
2-	  شـــین +   ســەوز  ←  پیرۆزەیى 
3-	  ســوور +  ســەوز  ←  زەرد  
4-	  ســوور +  شـــین  ←  ئەرخەوانى
 وەهەروەها .....
5-	  ســوور + پیرۆزەیـى  ←  سپى 
6-	ســەوز +  ئەرخـەوانى  ←  سپى
7-	  شـــین +   زەرد  ←  سپى
ڕەنـگە تەواوكەرەكان(Complementary Colours) بریتین لە هەردوو ڕەنـگ لە ئـەنجامـى تێكەڵ كردنیان ڕەنـگـى سپى پەیدا دەبێت .</s>
   <s>واتە ســوور تەواوكەرى پیرۆزەییە وە ســەوز تەواوكەرى ئەرخوانیە وە شـــین تەواوكەرى زەردە .</s>
   <s>بە تێكەڵكردنى رووناكى بۆ دەست كەوتنى ڕەنـگـى ویستراو دەووترێ رێگاى كۆكردنەوەى ڕەنـگەكان .</s>
   <s>بەڵام ئەم رێگایە بۆ كۆكردنەوەى بۆیەكان بەكارنایەت .بـەڵكـو تێكەڵ كردنى بۆیەكان بۆ دەست كەوتنى ڕەنـگـى بۆیەى ویستراو بەرێگاى لێ دەركردن دەبێت ، چونكە ڕەنـگـى بۆیە دەوەستێتە سەر ڕەنـگـى تێكەڵــەى ئەو درێژە شەپۆلانەى بۆیەكە دەیداتەوە یان هەڵى دەمژێت .</s>
   <s>لـەڕاسـتیدا سـێ بـۆیـەى بنچینـەیــى (بنەڕەتی ) هـەن كـە ئـەمـانـەن : 
•	بۆیەى زەرد ، ڕەنـگـى ســوور و ســەوز دەداتەوە و ڕەنـگـى شـــین هەڵدەمژێت .</s>
   <s>•	بۆیەى ئەرخەوانى ( یان بۆیەى ســوورى پێ دەڵێن ) ڕەنـگـى ســوور و شـــین دەداتەوە ڕەنـگـى ســەوز هەڵدەمژێت .</s>
   <s>•	بۆیەى پـیرۆزەیـى ( یان بۆیەى ســەوزى پێ دەڵێن ) ڕەنـگـى ســەوز و شـــین دەداتەوە ڕەنـگـى ســوور هەڵدەمژێت .وێنەی (7-16)










ئەگەر سێ بۆیە بنەڕەتیەكە لەگەلأ یەكترى تێكەلأ بكرێن ، ئەوا بۆیەى پەیدابوو ڕەنـگـى ڕەش دەبێت ، چونكە هەربۆیەك لەبۆیە بنەڕەتیەكان ڕەنـگێكى بنچینەیـى هەڵدەمژێت وە تێكەڵـەكە هیچ ڕەنـگێك ناداتەوە .</s>
   <s>بەڵام تێكەڵ كردنى بۆیەى زەرد  لەگەلأ بۆیەى پیرۆزەیـى تێكەڵەكە ڕەنـگـى ســەوز دەبێت چونكە بۆیەى زەرد ڕەنـگـى شـــین هەڵدەمژێت و ڕەنـگـى ســوور و ســەوز دەداتەوە كەچى بۆیەى پیرۆزەیى ڕەنـگـى ســوور هەڵدەمژێت و ڕەنـگـى شـــین و ســەوز دەداتەوە جا هەردوو بۆیەكە لە دانەوەى ڕەنـگـى ســەوز هاوبەش دەبن ، لە ئەنجامدا ڕەنـگـى تێكەڵەكەى ئەم دوو بۆیە ســەوز دەبێت .</s>
   <s>بەم پێ یە ئـەگـەر بمانەوێت ڕەنـگێكى رووناكى بخەینە سەر شاشەیەك ، ئەوا ڕێگاى كۆكردنەوە بۆ تێكەڵ كردنى ڕەنـگەكان بەكاردەهێنین بۆ دەستكەوتنى ڕەنـگە ویستراوەكە .</s>
   <s>بەڵام لە كاتى تێكەڵ كردنى بۆیەكان ئـەوا یاساكانى تێكەڵ كردنى ڕەنـگەكان بە لێدەركردن بەكاردەهێنن .</s>
   <s>پ / بەناو دوو فلتەرى رووناكى ( پاڵێوەر ) فـلتەرى ئەرخـەوانـى و فـلتەرى پیرۆزەیـى سەیرى گولێكى سپى كرا ، ئایا ڕەنـگـى گوڵەكـە چۆن دەبینرێت ؟ .</s>
   <s>وەڵام / ئەو ڕەنـگە سپـى یەى لە گوڵـەكە دەدرێتەوە تێكەڵـەى سێ ڕەنـگـى بنچینەیە
 ( ســوور + ســەوز + شـــین ) پالێوەرى ئەرخەوانى ، ســەوز هەڵدەمژێت رێگا بە تێپەڕبوونى ســوور و شـــین دەدات وە پالێوەرى پیرۆزەیـى ســوور هەڵدەمژێت و  ڕێگا بە تێپەڕبوونى  ســەوز و شـــین دەدات ، دەبینى دوو پالێوەرەكە هاوبەش دەبن لە تێپەڕكردنى ڕەنـگـى شـــین جا لەبەرئەوە ڕەنـگـى گوڵەكە شـــین دیاردەكەوێت .</s>
   <s>پــرســیـار و ڕاهـــێــنــانى بەشى حەوتەم

پ1/ وەڵامی ڕاست بۆ هەریەكێك لەمانەی خوارەوە هەڵبژێرە .</s>
   <s>1-	خێرایی رووناكی لەناو پارچە شووشەیەكدا (2×108 m/sec) ە ، ئایا هاوكۆلكەی شكانەوەی پارچە شووشەكە چەندە ؟
a       - (2)          b- (1.5)          c- (0.2)        d- (0.67)      
2- تیشكێكی رووناكی لە هەواوە دەچێتە ناو شووشە ، كام لەم دەستەواژانە ڕاستە :
  a- گۆشەی لێدان گەورەتردەبێت لە گۆشەی شكانەوەلە شووشەكەدا .</s>
   <s>b- گۆشەی لێدان بچووكتردەبێت لە گۆشەی شكانەوەلە شووشەكەدا .</s>
   <s>c-  گۆشەی لێدان یەكسان دەبێت بە گۆشەی شكانەوە لە شووشەكەدا .</s>
   <s>d- لەرەلەری رووناكیەكە زیاد دەكات .</s>
   <s>3- تێكەڵكردنی كام دوو رەنگی بنچینەیی ، رەنگی ئەرخەوانیان لێ پەیدا دەبێت .</s>
   <s>a- سەوز و شین                          b- سوور و شین 
        c- سەوز و سوور                         d- سوور و پیرۆزەیی 
     4- ئەو رووناكیە بینراوەی كە درێژی شەپۆلی نزیكی (nm700) ە ، رەنگەكەی 
         a- شینە          b- سوورە           c- بنەوشەییە          d- زەردە 
     5- ساینی گۆشەی مۆلەقەی هەر ماددەیەك ك هاوكۆلكەی شكانەوەی (n) بێت دەكاتە
        a- n               b- 2n               c- 1/n                 d- 1/2n
پ2 / هاوكۆلكەى شكانەوەى ناوەندێك پێناسە بكە .</s>
   <s>یەكەى پیـوانـى چـى یە ؟ .</s>
   <s>پ3 / یاساكانى رووناكى شكانەوە بڵێ .</s>
   <s>پ4 / گۆشەى مـۆلەق و دانەوەى تەواوەتى پێناســە بكە .</s>
   <s>پ5 / بۆچى ئەستێرەكان لە شوێنى ڕاسـتەقینەى خۆیان نابینرێن ؟ .</s>
   <s>پ6 / ڕێڕەوى تیشكێكى رووناكى بەناو ئاوێزەدا بەپـێى یاساكانى شكانەوە بكێشـە .</s>
   <s>پ7 / ڕەنـگـى تەنە رێگرەكانى رووناكى لەسەر چى بەندە ؟ .</s>
   <s>پ8 / ڕەنـگـى تەنە ڕوونەكانى رووناكى لەسەر چى بەندە ؟ .</s>
   <s>پ9 / ڕەنـگە تەواوكەرەكان پێناسە بكە ، نموونەى لەسەر بهێنە .</s>
   <s>پ10 / ڕەنـگـى پارچە قوماشێك لەبەر رووناكى خۆردا شین دیاردەكەوێت ، ئایا بە چ ڕەنـگێك  دیاردەكەوێت ئەگەر تەنها بە رووناكى ســوور رووناك بكرێتەوە ، هەردوو بـار لێك بدەرەوە .</s>
   <s>پ11 / بەناو پالێوەرێكى پیرۆزەیـى سەیرى گولێكى زەردت كرد ، ئایا ڕەنـگەكەى چۆن دیاردەكەوێت ، وەڵامەكەت ڕوون بكەرەوە .</s>
   <s>پ12 / خێرایـى رووناكى لەناو شلەیەكدا ( 0.8 )ى خێرایـى روونـاكیە لە هەوادا ، ئایا هاوكۆلكەى شكانەوەى ئەم شلــە چەندە ؟ .</s>
   <s>وەڵام : ( 1.25 )

پ13 / قـووڵـى ئاو لەحەوزێكدا (m6 )ە ، ئایا قـووڵـى ڕووكەشـى چەندە ؟ ئەگەر بە ئەستوونى بەرەوخوار سەیرت كرد .</s>
   <s>( 1.33 =n ئاو) .</s>
   <s>وەڵام : ( m4.5  )</s>
</ch>