<?xml version="1.0" encoding="UTF-8"?>
<ch>
      <s>﻿

بەشى
دووەم

سووڕەكانى تەزووى نۆرەكى
Alternating current circuts

(1 - 2) پێشەكى :-
   لەوانەیە بپرسین، بۆچی تەزووى نۆرەكى ( a.c ) لە جیهاندا بە باشتر دادەنرێت و بڵاوتر بەكاردەهێنرێت لە چاو تەزووى نەگۆردا ( d.c ) ؟
  وەڵامى ئەم پرسیارە ئەوەیە كە ڤۆڵتیەى نۆرەكى  كاتێك لە سەرچاوەوە وەردەگیرێت دەتوانرێت بۆ ڤۆڵتیەكى  بەرزتر یان نزمتر بگۆڕێت.</s>
      <s>ئەویش بە بەكارهێنانى ترانسفۆرمەرە.</s>
      <s>ئەمەش گرینگیەكى زۆرى هەیەبۆ گواستنەوەى وزەى كارەبا بە چوستیەكى زۆر لە شوێنى بەرهەمهێنانى بۆ شوێنەكانى بەكارهێنانى، ئەم گرینگیەش لەبەر كەمى بە فیڕۆچوونى وزەیە لە بەرگرى هێڵەكانى گواستنەوەدا.</s>
      <s>هەروەك لەبەشەكەى پێشتر باسكرا.</s>
      <s>وە لەڕووى كردارەوە بەرهەم هێنانى بڕى زۆر گەورە لە توانا بەهۆی تەزووى نەگۆڕ شتێكى ئاسان نیە بەڵكو تووشى زۆر گرفت و سەختى دەبین.</s>
      <s>لەبەر ئەوەى تەزووى نۆرەكى گرینگیەكى تەكنیكى زۆرى هەیە بۆیە لەم بەشەدا هەوڵ دەدەین كە هەندێك زانیارى سووڕەكانى تەزووى نەگۆڕ وەربگرین.</s>
      <s>ئێمە دەزانین، كاتێك كۆیلى دینەمۆى تەزووى نۆرەكى بەخێراییەكى نەگۆڕ لەناو لێشاویكى موگناتیسى چۆنیەك دەسووڕێتەوە، پاڵهێزێكى كارەبایی نۆرەكى پەیدادەكات، بڕى ئەم پاڵهێزە لە سفرەوە بۆ زۆرترین بڕى ( V max ) زیاد دەكات، ئینجا دەبێتەوە سفر، ئەمە بە ئاڕاستەك، پاشان ئاڕاستەكەى پێچەوانە دەبێتەوە، دیسان لە سفرەوە بۆ زۆرترین بڕ ئینجا بۆ سفر دەگۆڕێت.</s>
      <s>وە بڕى ئەو پاڵهێزە گۆڕاوە لەهەر ساتێكدا ( Vin ) لەگەڵ گۆڕانى شوێنى كۆیلى دینەمۆكە دەگۆڕێت بە پێی ئەم هاوكێشەیەى خوارەوە.</s>
      <s>گۆشەى ( Ө ) گۆشە لادانى كۆیلى دینەمۆ دەنوێنێت، ئەمەش ئەو گۆشەیە كە دەكەوێتە نێوان ئاڕاستەى چڕی لێشاوى موگناتیسى و هێلى ستوونى لەسەر رووتەختى كۆیلەكە.</s>
      <s>كاتێك دوو جەمسەرەكەى  دینەمۆ بە سووڕێكى دەرەكى دەبەسترێت كە تەنها سیفەتى بەرگرى هەبێت، ئەوا بڕى ئەو تەزووەى ئەم ڤۆڵتیە نۆرەكیە بە سووڕەكەى دەدات بە هەمان شێوەى ڤوڵتیە دانراوەكە دەگۆڕێت  
                                                لە هەر لەرەیەكدا.</s>
      <s>بڕى ئەم تەزووە نۆرەكیەش لەهەر ساتێكدا بە پێی ئەم هاوكێشەیە دەبێت.</s>
      <s>لە وێنەى   ( 2 – 1a )دینەمۆیەكى سادەى تەزووى نۆرەكى پیشاندراوە، لە وێنەى  ( 2 – 1b ) چەماوەى ڤۆڵتیەى نۆرەكى پیشان دەدات كە بڕەكەى وەك گۆڕانى نەخشەى تەژێ  ( ساین ، sin  ) دەگۆڕێت 

























(2 - 2)  :- نواندى بڕە نۆرەكیەكان بە تیراساى رەوگەیی .</s>
      <s>ئەگەر دوو بڕى نۆرەكى گۆڕاو، گەورەترین نرخیان لە هەمان ساتدا ڕوونەدات ئەوە دەڵێن لە نێوانیاندا جیاوازى ڕەوگە ( Phase difference  ) هەیە.</s>
      <s>بۆ ئەوەى بە باشى لە جیاوازى ڕەوگە تێبگەین و شى بكەینەوە، ئەوا ئەو بڕانەى بە شێوەى ساین (تەژێ) دەگۆڕێن بە تیراساى خولخۆر ( تیراسای رەوگەیی ) (  Phasors) دەنوێنین.</s>
      <s>لە وێنەى ( 2 – 2a  ) دا، op هێڵەكە بە دەورى (o  ) دەسووڕێتەوە بە خێراییەكى نەگۆڕ بە ئاڕستەى پێچەوانەى جوولەى میلى كاتژمێر، لەم ساتەدا op ، گۆشەى Ө لەگەڵ ( 0A ) دروست دەكات.</s>
      <s>بەم هێلە خولاوە دەگوترێ تیراسای ڕەوگەیى ( Phasor )، بەكاردێت بۆ نواندى بڕە نۆرەكیە گۆڕاوەكان، وەك ڤۆڵتیەو تەزووى نۆرەكى و پیشاندانى گۆشەى جیاوازى ڕەوگە لە نێوانیاندا.</s>
      <s>كاتێك    0 = Ө ئەوا op لەسەر 0A  جووت دەبێت بەگۆشەى ( Ө ) دەگوترێت گۆشەى رەوگە.</s>
      <s>جێكەوتى تیراسای رەوگەیى op  لەسەر تەوەرى ( y ) دەبێتە ( ON )، وە لەسەر تەوەرەى ( x )  دەبێتە OM


ئەگەر درێژى تیراسای رەوگەیی ( op ) زۆرترین بڕە نۆرەكیەكە بنوێنێت ئەوا پێكنەرى ( ON ) بڕە ساتیەكەى دەنوێنێ.</s>
      <s>دەتوانین هەریەك لە ڤۆڵتیە و تەزووى نۆرەكى بە تیراساى خولخۆر بنوێنین كە بە هەمان لەرەلەرەى ڤۆڵتیەكە بەدەورى خاڵى دەست پێكردنى دەسووڕێتەوە.</s>
      <s>لە وێنەى ( 2-2b )دا پەیوەندى ڕەوگەیی لە نێوان ڤۆڵتیە و تەزوو ڕوون دەكاتەوە كە تیایدا تەزوو بە گۆشەى جیاوازى ڕەوگە Φ پێش ڤۆڵتیە كەوتووە، ئەم پەیوەندییە بە شێوەى تیراساى ڕەوگەیی وە بە شێوەى چەماوەى (V, I) پیشاندراوە.</s>
      <s>نموونە : ڤۆڵتیەكى نۆرەكى گەورەترین بڕى ( 24 v ) ە، كاتێك دەخرێتە سەر سووڕەیەك ، تەزووێكى نۆرەكى بە سووڕەكە دەدات، گەورەترین بڕى ( 12 A )ەوە بە گۆشەى ( 45 ) پلە پێش ڤۆڵتیە دەكەوێت، ئەم ڤۆڵتیە و تەزووە بە تیراسای ڕەوگەیی بنوێنە.</s>
      <s>شیكار : بە پێوەرێكى گونجاو بۆ هەریەك لە ڤۆڵتیەكەو تەزووەكە، تیراسای ڕەوگەیی هەریەكیان دیارى دەكەین، تیراساى ڕەوگەیى ڤۆڵتیە لە خاڵى بنەڕەتەوە بە ئاڕاستەى بەشى موجەبى تەوەرەى ( x ) وێنە دەكەین، و تیراسای ڕەوگەیی تەزوو بە جۆرێك وێنە دەكەین كە پێش ڤۆڵتیە بكەوێت بە گۆشەى 45◦ .</s>
      <s>بڕوانە وێنەى ( 2 – 3  )

شیكار :                   
                                        








( 3-2) بڕى كاریگەرى تەزووى نۆرەكى     Effective  Value For a.c
   لەبەر ئەوەى تەزووى نۆرەكى (a.c) (یان پ.ه.ك نۆرەكى) بە بەردەوامى لە گۆڕانە، بۆیە تەزووى نۆرەكى نرخێكى جێگیرى نیە پشتى پێ ببەسترێ .</s>
      <s>ئەگەر گوترا گەورەترین بڕى تەزوێكى گۆڕاو (10A)ە ئەمە ماناى وانیە كە هەموو دەم تەزووێكى (10A) بەسوڕەكەدا دەڕوات، چونكە لەماوەى یەك لەرەى تەزوودا بڕى تەزووەكە زۆر لە (10A) كەمترە، وە لەدوو ساتیشدا دەبێتە سفر.</s>
      <s>وە ئەگەر ویسترا پشت بەتێكرایى تەزووى نۆرەكى ببەستن، دەبینین كە تێكراییەكەى لە ماوەى یەك لەرەدا دەبێتە سفر، (( كاتێك گلڤانۆمەتر لەسووڕى نۆرەكى دادەنرێت نیشاندەرەكەى لەناوڕاستدا لەسەر سفر دەوەستێ))بۆچى؟  بەڵام ئەوەى سەرنج راكێشە ئەوەیە كەتەزووێكى نۆرەكى هەر وەك تەزووى نەگۆر (D.C)، كاتێك بە بەرگرەیەكدا دەڕوات، گەرمى لە بەرگرەكەدا پەیدادەكات، پەیدابوونى گەرمى ناوەستێتەسەر ئاڕاستەى تەزووەكە، بە هەردوو ئاڕاستەكەى گەرمى پەیدادەكات، گەورەترین بڕى تەزووى نۆرەكى گرنگیەكى ئەوتۆى نیە ئەوەى گرنگە ئەو بڕە كاریگەرەى تەزووى نۆركیە كە بەهۆى ئەوەوە دەتوانرێت وزەكەى هەژمار بكرێت لەمەوە دەتوانرێت بڕى كاریگەرى تەزووى نۆرەكى بەم جۆرە پێناسە بكرێت : .</s>
      <s>بڕى كاریگەرى تەزووێكى نۆرەكى ئەو تەزووە نەگۆرەیە كەدەتوانێت هێندێك گەرمى لە بەرگرەیەكدا بە ماوەیەكى كاتى دیاریكراو پەیدا بكات یەكسان بێت بە هێندى ئەو گەرمییەى تەزووە نۆرەكیەكە  پەیدادەكات، كاتێك بەهەمان بەرگرە تێپەر دەبێت بۆ هەمان كات.</s>
      <s>نموونە: ئەو هێندە گەرمییەى تەزوێكى (a.c) كە گەورەترین 
بڕى (I  = 10A  )ە لە بەرگرەكدا بە ماوەیەكى دیاریكراو
 پەیداى دەكات یەكسانە بە هەمان ئەو هێندە گەرمییەى تەزوێكى (d.c) كە بڕەكەى (7A)ە پەیداى دەكات كاتێك بەهەمان بەرگرەوە بۆ هەمان كات تێپەردەبێت.واتە (7A) 
دەبێتە بڕى كاریگەرى تەزوێكى (a.c) كە گەورەترین 
بڕى (10A)ە.</s>
      <s>هاوكێشەى تێكرایى ئەو توانایەى كەلە بەرگرەكەدا كاردەبێت لە سورێكى تەزووى (a.c)دا هەمان شێوەى ئەو هاوكێشەیەى هەیە  بۆ ئەو توانایەى لەهەمان بەرگرە كاردەبێت لە سورێكى (d.c)دا.</s>
      <s>تەنها ئەو نەبێت كە لە شوێنى تەزووى (d.c) (I) بڕى كاریگەرى تەزووە نۆرەكیەكە دادەنرێت      I  

                             P  = I2   R                                                                                                                                               

بەڵام بڕى تواناى كاركراو لە سورێكى (     ) دا یەكسانە بە نیو هێندەى تواناى كاركراو لەسورێكى              دا كاتێك تەزووە نەگۆڕەكە یەكسان دەبێت بە(           )  
 


        













لە راستیدا بڕى كاریگەرى تەزووى نۆرەكى دەردەچێت لە رەگى تێكرایى دووجاى نرخەكانى تەزووى نۆرەكى بۆ لەرەیەكى تەواوە ( ر.</s>
      <s>ت .</s>
      <s>د) .</s>
      <s>(           )  
ئەم هاوكێشەیەى سەرەوە دەڵێت، كاریگەرى گەرمى تەزووێكى ( a .</s>
      <s>c) كە بڕە گەورەكەى (5A) بێت، لە بەرگرەیەكەدا، هەمان كاریگەرى گەرمى تەزووێكى نەگۆڕى دەبێت كاتێك بڕەكەى (             ) بێت واتە
 ( 3.5A) ئەمپێر.</s>
      <s>بەهەمان شێوە



نموونە : ڤۆڵتیەى سووڕى كارەباى ناو ماڵ (220V)ە ئەمەش بڕى كاریگەرە، ئایا گەورەترین بڕى چەندە؟

شیكار:



Resistor in a.c.</s>
      <s>circuit	) بەرگرە لە سوڕی تەزووی نۆرەكیدا.</s>
      <s>2-4(
  وێنەى (2-5a) سوورێكی تەزووی نۆرەكیە تەنها بەرگرەی تێدایە ، بە پێی یاسای ئۆم جیاوازی ئەركی ساتی لە نێوان (          ) دا دەكاتە (            ) كاتێك ڤۆڵتیە گەورەترینە تەزووش دەبێتە گەورەترین, وە كاتێك ڤۆڵتیە سفرە تەزووش دەبێتە سفر , لەمەوە دیار دەكەوێت كە لە بەرگرەدا ڤۆڵتیە و تەزوو لە هەمان رەوگەدا دەبن .</s>
      <s>دا پیشاندراوە كە تیایدا   )2-5b(  ئەم یەیوەندیە رەوگەییە بە یارمەتی تیراسا رەوگەیەكان لە وێنە
تیراسای رەوگەیى ڤۆلتیە و تیراسای رەوگەیى تەزوو لەسەر بەشى موجەبی تەوەری (x) وێنەكراون و گۆشەی نێوانیان سفرە .</s>
      <s>وە هەروەها لە وێنەی (2-5c ) دا بە شێوەی چەماوەی ساینی (تەژێ) ئەم پەیوەندیەی نێوان V, I  پیشاندراوە .</s>
      <s>كەواتە لە بەرگرەدا , ڤۆلتیە و تەزوو هەمان رەوگەیان هەیە .</s>
      <s>بۆ بەرگرە , ڤۆڵتیە و تەزوو دەگەن بە گەورەترین نرخیان لە هەمان ساتدا وەلەبەر ئەوەی توانا دەكاتە ئەنجامی لێكدانی ڤۆڵتیە و تەزوو .</s>
      <s>(P=IV ).</s>
      <s>وە توانای ساتی دەكاتە ئەنجامی لێكدانی ڤۆلتیەی ساتی و تەزووی ساتی (   P    =  I    V ) , بۆیە توانا لە بەرگرەدا قەت نابێت بە سالیب وهەمیشە موجەب دەبێت , چونكە ئەنجامی لێكدانی (+V ) لە (+I) مووجەبە و لێكدانى(-v) لە (-I) دیسان مووجەبە , واتە بەرگرە لە سووڕی تەزووی نۆرەكیدا توانا بە شێوەی گەرمی كار دەكات.</s>
      <s>.بۆ هەژماركردنی توانا لە بەرگرەدا لە سووڕی (a.c) دا , هەمان هاوكێشەكانی توانا لە سووڕی (D.c) دا بەكاردەهێنن , بە مەرجێك هەریەك لە I  وە v بڕی كاریگەر بن , وە توانا بە (watt ) دەپێورێت .</s>
      <s>P = IكاریگەرV             P = I2كاریگەر R 









نموونە :-
گەورەترین ڤۆڵتیەی دینەمۆیەك (205v) ە , خرایە سەر بەرگرەیەك (115Ω) .</s>
      <s>بدۆزەوە:-
a.</s>
      <s>بڕی كاریگەری ڤۆڵتیەكە .</s>
      <s>b.</s>
      <s>بڕی كاریگەری تەزوو لە بەرگرەكەدا.</s>
      <s>c.</s>
      <s>گەورەترین بڕی تەزوو لە بەرگرەكەدا.</s>
      <s>d.</s>
      <s>توانای كاركراو لە بەرگرەكەدا (ژمێرەر بەكاربهێنە)

شیكار :- Ω R=115   , V      =  205 v 




	 












	

(2-5) هاندەرە لە سووڕی تەزووی نۆرەكیدا (موگنەبارگ)       Inductor in a.c circuit   
هاندەری پوخت كۆیلێكە بەرگری تەلەكەی فەرامۆش كراوە و سیفەتی خۆ هاندانی هەیە .</s>
      <s>ئەم سیفەتەش لە بەشی یەكەم خوێندراوە .</s>
      <s>ئەویش كاتێك تەزووێكی گۆڕاو بە كۆیلەكە دا دەڕوات پاَلهێزێكی كارەبایی تیادا هاندەدات.</s>
      <s>ئەم پاڵهێزەش پێچەوانەی ئەو ڤۆڵتیە دەبێت كە خراوەتە سەر كۆیلەكە (وێنە 2-6a) 














كەوابێ جیاوازی ئەرك لە نێوان دوو كۆتایی هاندەرەكە (AB ) دەوەستێتە سەر تێكڕایی كاتی گۆڕانی تەزوو.</s>
      <s>لەو ساتەی I = 0  ,         گەورەترینە , كەواتە ڤۆڵتیەی دانراو گەورەترینە و پێچەوانەی ڤۆلتیەی هاندارو دەبێت .</s>
      <s>لەو ساتەی  Iگەورەترین ،0=           , كەواتە ڤۆڵتیەی دانراو دەبێتە سفر .</s>
      <s>لەمەوە دیاردەكەوێت كە لە هاندەرەی پوختدا .</s>
      <s>ڤۆڵتیە پێش تەزوو دەكەوێت بە جیاوازی گۆشەى رەوگە (ه90)
ئەم پەیوەندیە رەوگەییەی نێوان    I,  Vلە هاندەرەی پوختدا لە وێنە (2-6b ) بە شێوەی تیراسا رەوگەییەكان  پیشاندراوە كە تیادا تیراسای رەوگەیی تەزوو بە ئاڕاستەی بەشی مووجەبی تەوەری (x) كیشراوە , وە تیراسای رەوگەیی ڤۆلتیە بە جیاوازی گۆشەی رەوگە (   90 ) پێشى كەوتووە , بە ئاڕاستەی مووجەبی تەوەرەی (y) كێشراوە .</s>
      <s>وە لە وێنەی (2-6c) ئەم پەیوەندیە رەوگەییەی نێوان  I , V بە شێوەی چەماوەی ساینی پیشاندراوە .</s>
      <s>هاندەرەی پوخت دژایەتی گۆڕانی تەزوو دەكات بە هۆی ئەو دژە پالهێزە كارەباییە هاندراوەی تیایدا دروست دەبێت , بەم بەرهەڵستكردنەی گۆڕانی تەزووی نۆرەكی دەگوترێ بەربەستە هاندان (x   ) (inductive reactance )، بە ئۆم دەپێورێت و یاسای ئۆمی لەسەر دەگونجێت .</s>
      <s>پەیوەندی (x   ) بەو ڤۆلتیەی خراوەتە سەری و ئەو تەزووە كاریگەری پێی تێپەر دەبێت بەم شێوەیە دەبێت .</s>
      <s>( یاسای ئۆم ) 
                                                                                        V = I XL
بەربەستەهاندان بە ڕاستەوانە دەوەستێتە سەر هاوكۆلكەی خۆهاندان (L) و لەرەلەری تەزوو (ƒ)
                                                                                                    XL   =  2πƒL
      XL = بەربەستە هاندان بە ئۆم دەپێورێت .</s>
      <s>ƒ =  لەرەلەری تەزوو یان لەرەلەری ڤۆلتیە بە (HZ) هێرتز دەپێورێت 
      L  = هاوكۆلكەی خۆهاندان بە (h ) هێنری دەپێورێت .</s>
      <s>π=             = 3.142   
بەربەستە هاندان بۆ لەرەلەرە بەرزەكان گەورەیە و بۆ لەرەلەرە نزمەكان كەمە .</s>
      <s>لە هاندەرەدا(موگنەبارگ) , جیاوازی گۆشەی رەوگە لە نێوان ڤۆڵتیە و تەزوو (90 ) یە , لەبەر ئەوە لە چواریەكی لەرەی تەزوو توانا دەدرێتە هاندەرەكە و تیادا بە شێوەی بواری موگناتیسی هەڵدەگیرێت , وە لە چواریەكەكەی دی لەرەی تەزوو بواری موگناتیسی لە هاندەرەكەدا بەرەو نەمان دەچێت و هەمان بڕی توانا بۆ سەرچاوەكە دەگەریَِتەوە .</s>
      <s>ئەمەش مانای ئەوەیە كە هیچ توانا لە هاندەرەی پوختدا كارنابێت .</s>
      <s>واتە تێكڕای توانای كاركراو بۆ لەرەیەكی تەواوی تەزوو دەبێتە سفر .</s>
      <s>دەرئەنجام :- هاندەرەی پوخت توانا لە سووڕی نۆرەكیدا كارناكات وە بە بەرگرە دانانرێت و یاسای جوولی لەسەر ناگونجێت .</s>
      <s>نموونە:-  هاندەرەیەكى پوخت هاوكۆلكەى خۆهاندانى ( 0.5 mh)یە جیاوازى ئەركى كارەباى لەنێوان دوو سەرەكەیدا ( 40 v)ە ولەرەلەرەكەى (60 HZ)ە ،بڕى ئەو تەزووە چەندە كە پێى  تێپەر دەبێت دووبارەى بكەوە بۆ لەرەلەرى (6 x 105 HZ) ( ژمێرەر بەكاربهێنە)



شیكار:
L = 0.15 mh = 0.15 x 10-3 h          ,        V = 40v      ,     f = 60 HZ

XL = 2πƒL = 2 x 3.14 x 60 x 0.15 x 10-3 = 5.65 Ω I=             =           = 7.1  A


كاتێك لەرەلەر دەكاتە ( 6  x 105  HZ) 
XL = 2πfL = 2 x 3.14 x 6 x 105 x 0.15 x 10-3 = 5.7 x  104  Ω

I =          =                     =  7.1 x 10-4 A

سەرنج بدە كە بەربەستە هاندان چەند زۆرترە بۆ لەرە بەرزەكان لەچاو لەرە نزمەكان.</s>
      <s>( 6-2) رەوشتى بارگەگرە لەسوڕى تەزووى نەگۆڕدا    Capacitors   in   D.C  Circuit








لە وێنەى ( 2-7a)دا ، سەرچاوەیەكى تەزووى نەگۆڕ ( پاترى) بە بارگەگرەیەك و سویچێك گەیەنراوە، لەساتى داخستنى سووڕەكە، تەزووى بارگاویكەر زۆرترین بڕى دەبێت.</s>
      <s>بە تێپەربوونى كات بەرەبەرە بارگەگرەكە بارگاوى دەبێت وجیاوازى ئەرك لەنێوان دوو لەوحەكەدا زیاد دەبێت تەزووەكەش بەرەبەرە كەمدەكات.</s>
      <s>وەكاتێك جیاوازى ئەركەكە یەكسان دەبێت بەپالهێزى كارەباى سەرچاوەكە، تەزووەكە دەبێتە سفر.</s>
      <s>لەم بارەدا بارگەگرەكە وەك سوێچێكى كراوە كاردەكات .</s>
      <s>ئەم پەیوەندییەى نێوان V , I لەم بارگەگرەدا بە شێوەى هێلى بەیانى لە وێنەى (2-7b)دا نیشاندراوە.</s>
      <s>دەرەئەنجام:-  بارگەگرە لە سوڕى تەزووى نەگۆڕدا وەك سویچێكى كراوە كاردەكات، تەزوو لە سوڕەكەیدا سفرە.</s>
      <s>(2-7) بارگەگرە لە سووڕی تەزووی نۆرەكیدا Capacitors in a.c circuit                     







 بارگەگرە لە سووڕی تەزووی نۆرەكیدا .</s>
      <s>وێنەی (2-8a) جار دواى جار بارگاوی دەبێت و ئینجا بارگەكەی خاڵی دەبێتەوە , بۆیە ئەمیتەری تەزووی نۆرەكی كاتێك لە سووڕی بارگەگرە دادەنرێت , تەزوو لە سووڕەكەدا دەخوێنێتەوە .</s>
      <s>بۆیە بە سوورێكی داخراو دادەنرێت , هەرچەندە تەزوو بەناو ماددە نەگەینەرەكەی بارگەگرەكەدا ناڕوات .</s>
      <s>لەو ساتەی ڤۆڵتیەی ساتی بارگەگرەكە سفرە , بارگەی سەر دوو لەوحەكەی سفر دەبێت تەزووش گەورەترین بڕی مووجەبی دەبێت , پاشان كە ڤۆڵتیەكە بەرەو زیادبوون دەچێت، تەزوو بەرەبەرە كەم دەكات , هەر كە ڤۆڵتیە دەگاتە گەورەترین بڕی و بارگەی بارگەگرەكەش گەورەترین دەبێت , تەزوو دەبێتە سفر .</s>
      <s>لەمەوە دیاردەكەوێت كە لە بارگەگردا تەزوو بە گۆشەی جیاوازی رەوگە(◦90) پێش ڤۆڵتیەكە دەكەوێت .</s>
      <s>ئەم پەیوەندیە رەوگەییەی نێوان (I ,V) لە بارەگەگرەدا , لە وێنەی (2-8b)دا بە شێوەی تیراسا رەوگەییەكانی پیشاندراوە , كە تیایدا تیراسای رەوگەیی ڤۆڵتیە بە ئاڕاستەی بەشی مووجەبی تەوەری (x) كێشراوە .</s>
      <s>وە تیراسای رەوگەیی تەزوو بە گۆشەی جیاوازی ڕەوگە(◦90) پێشی كەوتووە بە ئاڕاستەی بەشی مووجەبی تەوەری (y) كێشراوە .</s>
      <s>وە وێنەی (2-8c) ئەم پەیوەندیە رەوگەییەی نێوان ( I, V) بە شێوەی چەماوەیی ساینی پیشاندەدات .</s>
      <s>بارگەگرە لە سووڕی تەزووی نۆرەكیدا بەرهەڵستی گۆڕانی تەزوو دەكات .</s>
      <s>بەم بەرهەڵستكردنە دەگوترێ بەربەستە بارگەگری (Capacitive reactance) (xc) واتە بەرەبەستە بارگەگری ئەو بەرهەڵستیەیە كە بارگەگرە پیشانی دەدات دژی تەزووی نۆرەكی .</s>
      <s>(xc) بە ئۆم دەپیورێت و یاسای ئۆمی لەسەر دەگونجێت .</s>
      <s>V = I Xc
لێرەدا  I, V بڕی كاریگەرن .</s>
      <s>بەربەستە بارگەگری (Xc) بە پێچەوانە دەوەستێتە سەر بارگەگری بارگەگرەكە و لەرەلەری تەزووەكە .</s>
      <s>Xc=
      Xc = بەربەستە بارگەگری بە ئۆم (Ω) دەپێورێت 
        ƒ = لەرەلەرى تەزوو بە هێرتز (HZ) دەپێورێت 
        c = بارگەگری بارگەگرەكە بە فاراد (F) دەپێورێت 
بەرەبستە بارگەگری (Xc) گەورەیە كاتێك لەرەلەری تەزوو نزمە و (Xc) بچووك دەبێت كاتێك لەرەلەری تەزوو بەرزە .</s>
      <s>(سەرنج: بەنموونەیەك بیركاریانە دووپاتى ئەم ڕاستیە بكە)
دەزانین كە توانای ساتی لە سووڕی نۆرەكیدا یەكسانە بە ئەنجامی لێكدانی      V و      I .</s>
      <s>I      x  V     =  P    .</s>
      <s>وە لەبەرئەوەی , گۆشەی جیاوازی رەوگە لە نێوان I,V لە بارگەگرەدا (◦90) یە .</s>
      <s>بۆیە لە چواریەكی یەكەمی لەرەی تەزوو , سەرچاوە  توانا بە بارگەگرە دەدا و لە ناویدا بە شێوەی بواری كارەبایی هەڵدەگیرێت , وە لە چواریەكەكەی تری لەرەی تەزوو , تواناكە لە بارەگەگرەكەوە بۆ سەرچاوە دەگەرێتەوە , ئەمەش مانای ئەوەیە كە بارگەگرە توانا كارناكات و تێكرای توانا بۆ لەرەیەكى تەواوی تەزوو دەكاتە سفر .</s>
      <s>كەواتە بارگرە  لە سووڕی تەزووی نۆرەكیدا توانا كارناكات و بە بەرگرە دانانرێت و یاسای جوولی لەسەر ناگونجێت .</s>
      <s>نموونە:-  بارگە گرەیەك بارگەگریەكەی (µF             )ە , ڤۆڵتیەكی نۆرەكی گەورەترین بڕی (v100)ە ولەرەلەرەكەى (50 HZ)ە خرایە سەرى 
(a بەربەستە بارگەگرى بارگەگرەكە چەندە (xc)؟
(b برى كاریگەرى تەزوو چەندە ؟




شیكار:

 










(2-7) بەرگرە و هاندەرە , دوای یەك بەستراو لە سووڕی تەزووی نۆرەكیدا .</s>
      <s>كاری هەریەك لە بەرگرە و هاندەرە بە جودا لە سووڕی تەزووی نۆرەكیدا خوێندرا .</s>
      <s>ئیستاكەش كاریگەری هاوبەشیان دەخوێنین كاتێك بە دوای یەك لە سوورێكدا دەبەسترێن وەك لە وێنەی (2-9a) پیشاندراوە .</s>
      <s>لەبەر ئەوەی سووڕەكە دوای یەكە , بۆیە هەمان تەزوو بە بەرگرەكە و هاندەرەكە تێپەڕ دەبێت و دەكاتە تەزووی گشتی I 
                                                                  I        = IR = IL     
دابنێ كە جیاوازی ئەرك لە نێوان دوو كۆتایی هاندەرە پوختەكە AB دەكاتە (VL) , وە جیاوازی ئەرك لە نێوان دوو كۆتایی بەرگرەكە BC دەكاتە (VR) وە جیاوازی ئەركی گشتی لە نێوان AC دەكاتە (V) .</s>
      <s>بۆ هەژماركردنی ڤۆڵتیەی گشتی (V) كە خراوەتە سەر سووڕەكە كاتێك ڤۆڵتیەی هاندەرەكە (VL) و ڤۆلتیەی بەرگرەكە (VR) , ئەوا پێویستە تیراسا رەوگەییەكان بەكاربهێنن , بۆ ئەم مەبەستە هێلكاری ڤۆڵتیە بە تیراسا رەوگەییەكان وێنە دەكەین , كە تیایدا تیراسای رەوگەیی تەزووی گشتی بە بنچینەی هێلكاریەكە دادەنرێت وە بە ئاڕاستەی بەشی موجەبی تەوەری (x) وێنە دەكرێت وە لەبەر ئەوەی ڤۆڵتیە و تەزوو لە بەرگرەدا بە هەمان ڕەوگەن , بۆیە تیراسای ڕەوگەیی ڤۆڵتیەی بەرگرە بە هەمان ئاڕاستەی تیراسای رەوگەیی تەزوو دەبێت و جووت لەسەری وێنە دەكرێت .</s>
      <s>لەبەر ئەوەی ڤۆڵتیەی هاندەرە پێش تەزوو دەكەوێت بە جیاوازی گۆشەی ڕەوگە (◦90) بۆیە تیراسای رەوگەیی ڤۆڵتیەی هاندەرە بە ئاڕاستەی بەشی مووجەبی تەوەری (y) وێنە دەكرێت .</s>
      <s>وەك لە وێنە (2-9b) دا هاتووە , ڤۆڵتیەی گشتی یەكسان دەبێت بە كۆی ئاڕاستەیی VL,VR 

		  V =

بە گۆشەی (Φ) كە دەكەوێتە نێوان تیراسای رەوگەیی ڤۆلتیەی گشتی و تیراسای ڕەوگەیی تەزووی گشتی دەگوترێ گۆشەی جیاوازی رەوگە لە نێوان   I, V .</s>
      <s>بەم پەیوەندیەی خوارەوە دەردەهێنرێت:- 
                                                                                                      =  Φ tan

یاسای ئـۆم لەسەر هەر بەشێك لە بەشەكانی سووڕەكە و بەسەر گشت سووڕەكە جێبەجێ دەبێت .</s>
      <s>Z=     ,                 =  ,   XL R=  
   بە (Z) دەگوتری رێگری گشتی ( Impedance) , یەكەى پێوانەكەى (ئۆم)ە , بەرامبەرە بە بەرگری گشتی لە سووری تەزووی نەگۆڕدا .</s>
      <s>بەهۆی هێلكاری رێگری  وێنەى (2-9c) دەتوانین رێگری گشتی بەم رێگایەش بدۆزینەوە .</s>
      <s>هێلكاری رێگری لە ئەنجامی دابەشكرنی ئاڕاستەڕەوگەییەكان لە هێلكاری ڤۆڵتیە بەسەر تەزوو دەستدەكەوێت:           
    Z = 

	                 =  Φ tan
  
هەموو ئەو توانایەی سەرچاوە بۆ سووڕی دەرەكی دەینێرێت ، لە وێدا كار نابێت , تەنها بەشێكی نەبێت لە بەرگری دا بە شێوەی گەرمی دیار دەكەوێت بەم توانا كاركراوەش دەگوترێ توانای راستەقینە (real power) .كەچی بەشەكەی دی توانا بە شێوەی بواری موگناتیسی لە هاندەرەكەدا هەڵدەگیرێت (یان لە بارگەگرەدا بەشێوەی بواری كارەبای هەڵدەگیرێت ئەگەر لەجیاتى هاندەر بارگەگرە هەبێت).</s>
      <s>P          = IRVR    ( توانای راستەقینە )
                                                                   R  I2  =  Pراستەقینە 

وەبە وات (watt) دەپێورێت ، هەر یەك لە I , V  پێویستە بڕی كاریگەر بن .</s>
      <s>بە هەموو توانای سووڕێكی نۆرەكی دەگوترێ توانای رووكەش (Apparent power)
 
   	           P    =    I      V  (توانای رووكەش)   

تاكو توانای رووكەش لە توانای راستەقینە جیابكرێتەوە بە (ڤۆلت- ئەمپێر ) (V-A) دەپێورێت .</s>
      <s>بە رێژەی نێوان توانی راستەقینە بۆ توانای رووكەش دەگوترێ كۆلكەی توانا ( Power factor ) 

 Φ   cos =	=	=	=	كۆلكەی توانا

	Φ cos = كۆلكەی توانا		
		Φ cos   	 V	I    = توانای راستەقینە  
( 8-2 ) بەرگرە وبارگەگرە، دواى یەك بەسترا و لە سووڕى تەزووى نۆرەكیدا:









لە وێنەى (2-10 a)  بەرگریەك R دواى یەك بە بارگەگرەیەك كەبەرەبەستە بارگەگرەى ( xc)یە بەستراوە، وەئەمانە بەسەرچاوەیەكى ڤۆڵتیەى نۆرەكى بەستراون.</s>
      <s>لەم سوڕەدا:
                                         I گشتى = IR = IC
بۆ هەژماردنى ڤۆڵتیەى گشتى (V) ، هێلكارى ڤۆلتیە وێنە دەكەین، كە تیایدا تیراساى ڕەوگەیى تەزووى گشتى بە بنچینەى هێلكاریەكە دادەنرێت و بە ئاڕاستەى بەشى مووجەبى تەوەرەى (χ) وێنە 
دەكرێت ، ئینجا تیراساى رەوگەیى ڤۆڵتیەى بەرگرە بە هەمان ئاڕاستەى تیراساى رەوگەیى تەزوو دەبێت چونكە I , VR لە هەمان ڕەوگەدان ، كەچى ئاڕاستەى تیراساى رەوگەیى ڤۆڵتیەى بارگەگرەكە بە ئاڕاستەى بەشى سالیبى تەوەرەى (y) دەكێشرێت چونكە ڤۆڵتیەى بارگەگرە دواى تەزوو دەكەوێت بە جیاوازى گۆشەى ڕەوگە (90◦) وێنە (2-10b)، كەواتە  
لە هێلكاریەكەوە:


tan Φ = 
یاساى ئۆم بۆ هەربەشێك لە بەشەكانى سووڕەكە دەگونجێت


 
لە هێلكارى رێگریەوە وێنەى  (2-10c)




 ( 2-9) بەرگرە وهاندەرە و بارگەگرە دواى یەك :
ئەگەر ڤۆڵتیەكی نۆرەكی خرایە سەر سووڕێكی دوای یەك ,كە بەرگرەیەك (R) وە هاندەرەیەك كە بەرەبەستە هاندانەكەی XL , و بارگەگرەیەك كە بەربەستە بارگەگریەكەی Xc تێدابێت .وێنە
 (2-11a).بڕی تەزوو لە هەموو بەشەكانی سووڕەكە وەك یەك دەبێت چونكە دوای یەك بەستراون I=IR=IL=Ic









كەچی VR , IR بەهەمان رەوگەن، بەڵام لە هاندەرەكەدا VL پێش تەزوو دەكەوێت بە جیاوازی گۆشەی ڕەوگە (90◦) , وە لە بارگەگرەدا (Vc) دوای تەزوو دەكەوێت بە جیاوازى گۆشەی ڕەوگە (90◦ ) .</s>
      <s>سەیری وێنە (2-11b) بكە , تیایدا ئەو بڕانە بە شێوەی تیراسا رەوگەییەكان هێلكاریان بۆ كراوە .</s>
      <s>تیراسای رەوگەیی VL بەرەو بەشی مووجەبی تەوەری y و تیراسای رەوگەیی Vc بەرەو بەشی سالیبی تەوەری  y دەكێشرێت , واتە VL ,   Vcپێچەوانەی یەكتری دەبن و ڤۆلتیەی بەربەست دەبێتە پوختەی ئەم دوو ڤۆڵتیە .</s>
      <s>Vx = VL-Vc
بۆ هەژماركردنی ڤۆڵتیەی گشتی كە خراوەتە سەر سووڕەكە .</s>
      <s>تێبینی وێنە (2-11b) بكە 



وە بۆ دیاركردنی گۆشەی جیاوازی ڕەوگە لە نێوان  V     , I        .</s>
      <s>tanΦ = 
یاسای ئۆم لەسەر هەر بەشێك لە بەشەكانی سووڕەكە دەگونجێت Z=     ,               = Xc   ,              = XL  , R=
  
بەڵام رێگری گشتی , بە سوود وەرگرتن لە هێلكاری رێگری دەستدەكەوێت لە وێنەی (2-11c)دا
















 

نموونە:-
كۆیلێك بەرگریەكەی (Ω16) ە وە هاوكۆلكەی خۆهاندانی (h        )یە .</s>
      <s>بە دوو جەمسەرەكەی سەرچاوەیەكی ڤۆڵتیەی نۆرەكى بەسترا .</s>
      <s>جیاوازی ئەركەكەی (v  100) ە و لەرەلەرەكەی (HZ60) بدۆزەرەوە :
a-	تەزووی سووڕەكە .</s>
      <s>b-	پێوانەی گۆشەی جیاوازی ڕەوگە لە نێوان ڤۆڵتیەی گشتی و تەزووی گشتی .</s>
      <s>c-	توانای كاركراو لە كۆیلەكەدا .</s>
      <s>d-	كۆلكەی توانای سووڕەكە 
شیكار :-
بەرگری كۆیلەكە وەك بەرگریەكی سەربەخۆ دادەنرێت دوای یەك بە هاندەرەكەوە بەستراوە .</s>
      <s>دوای وێنە كردنی هێلكاری رێگری .</s>
      <s>نموونە :- بارگەگرەیەك بارگەگریەكەی (µF200)ە دوای یەك بە بەرگرەی (Ω30) بەسترا , كۆمەڵەكە بە دوو جەمسەرەكەی ڤۆڵتیەكی (V100) و لەرەلەرەكەی(HZ       ) بەسترا.بدۆزەوە:
a-	رێگری سووڕەكە.</s>
      <s>b-	تەزووی گشتی .</s>
      <s>c-	جیاوازی ئەرك لەسەر هەریەك لە بارگەگرەكە و بەرگرەكە 
d-	گۆشەی جیاوازی رەوگە لە نێوان ڤۆڵتیەی گشتی و تەزووی گشتی.</s>
      <s>e-	كۆلكەی توانای سووڕەكە 

شیكار:





	      





























نموونە :-
لە سووڕێكی تەزووی نۆرەكیدا , بەرگەرەیەك و هاندەرەیەك و بارگەگرەیەكی دوای یەك بەستراوی تێدایە .</s>
      <s>ئەگەر ڤۆڵتیەی بەرگرەكە (v40 ) بێت, وە ڤۆڵتیەی هاندەرەكە (v50 )بێت , ڤۆڵتیەی بارگەگرەكە (v 20) بێت , وە تەزووی سووڕەكە (2A) بێت بدۆزەرەوە.</s>
      <s>(وێنەی هێلكاری ڤۆڵتیە بكە) 
a-	ڤۆڵتیەی گشتی 
b-	گۆشەی جیاوازی ڕەوگە لە نێوان تەزووی گشتی و ڤۆڵتیەی گشتی .</s>
      <s>c-	كۆلكەی توانای سووڕەكە.</s>
      <s>d-	توانای راستەقینە 
e-	بەرگری سووڕەكە
f-	رێگری گشتی 







شیكار :-




	
















	

































(2-10) سووڕی لەراوە و دیاریدەی لەرینەوەی كارەبایی 
سووڕی لەراوە Oscillating Circuit بریتیە لە سووڕێكی كارەبایی داخراو لە كۆیلێك هاوكۆلكەی هاندانی (L)كە بەرگریەكەی بچووكە وە بارگرەگرەیەك بارگەگریەكەی (c) یە.</s>
      <s>ئەو سووڕەی لە وێنە (2-13) پیشانداروە سووڕێكی لەرینەوەی كارەباییە بە جۆرێك ئامادەكراوە كە تیایدا تەزووی كارەبا بە سەربەستی لەرەلەر بكات .</s>
      <s>1-	سویچی (1) دادەخرێت و سویچی (2) دەكرێتەوە .</s>
      <s>بۆ ئەوەی لە سەرەتادا بارگەگرەكە بە تەواوی بارگاوی بكرێت و وزەی تیادا بە شێوەی بواری كارەبایی هەڵبگیرێت .</s>
      <s>2-	سویچی (1) دەكرێتەوە و سویچی (2) دادەخرێت , لە ئەنجامدا لەرەكردنی تەزووی كارەبا لە نێوان بارگەگرەكە و كۆیلەكە دەستپێدەكات .</s>
      <s>یەكەم جار بارگەگرەكە بارگاوی دەكرێت، وەك لە هەنگاوى(1)داهاتووە.</s>
      <s>لە هەنگاوى (2)دا، كاتێك سووڕى لەرینەوەكە دادەخرێت، ئەوا ئەلیكترۆنەكانى لەوحەكەى خوارەوەى بارگەگرەكە بۆ هاوسەنگكردنى بارگە موجەبەكەى لەوحەكەى سەرەوە بە ئاڕاستەى پێچەوانەى جووڵەى میلى كاتژمێر بەناو سوڕەكەدا دەڕۆن.</s>
      <s>ئەم تەزووە ئەلیكترۆنیە لە كۆیلەكەدا بوارێكى موگناتیسى گەشەكردو دروست دەكات.</s>
      <s>پاشان كاتێك بارگە موجەبەكە هاوسەنگ دەبێت، تەزووە ئەلیكترۆنیەكە نامێنێت  لە ئەنجامدا بوارە موگناتیسیەكەى كۆیلەكە دەچێتەوە یەك و بەرەو نەمان دەچێت ئەمەش دەبێتە هۆى پەیدابوونى تەزووێكى هاندراو لە كۆیلەكەدا بەهەمان ئاڕاستە وادەكات بارگەگرەكە بارگاوى ببێتەوە، ولەوەحەكەى سەرەوە بە بارگەى سالیب ولەوحەكەى خوارەوە بەبارگەى موجەب، واتە بارگەى بارگەگرەكە پێچەوانە دەبێتەوە .</s>
      <s>ئەمەى لەسەرەوە روویدا،  لەخۆیەوە دووبارە دەبێتەوە، بەڵام ئەمجارە ئاڕاستەى تەزووى ئەلیكترۆنى بە ئاڕاستەى جووڵەى میلى كاتژمێر دەبێت.</s>
      <s>لەمەوە دیاردەكەوێت كە تەزوو جارێك بە ئاڕاستەیەك و دوایی بە ئاڕاستەى پێچەوانە دەڕوات.</s>
      <s>بەهاتووچۆكردن لەناو سوڕەكەدا لەرەدەكات، هەروەك چۆن تەنێكى بەستراو بە سپرینگێك لەرەلەرى میكانیكى دەكات كاتێك  كەمێك رادەكێشرێت ئینجا بەڕەڵا دەكرێت وێنەى ( 14-2) .</s>
      <s>ئەم تەزووە لەراوە بەرەبەرە بەرەو نەمان دەچێت بەهۆى بەرگرى كارەباى سووڕەكە، ئەو هێڵە بەیانییەى لە وێنەى ( 15-2) نیشاندراوە ئەوە روندەكاتەوە كە چۆن فراوانى تەزووە لەراوەكە لەسەرخۆ بەرەوە نەمان دەچێت, بەم جۆرە لەرەكردنە دەگوترێ لەرەلەرى بەرو نەمان چوو (damping Vibration)، ئەگەر بەرگرى سووڕەكە زۆر بێت تەزووەكە بەخێرایى دواى چەند لەرەیەكى كەم نامێنێت .</s>
      <s>وە ئەگەر بەرگرى سووڕەكە كەم بێت ئەوا لەرەكردنى تەزوو زۆرتر بەردەوام دەبێت.</s>
      <s>لەراستیدا وزەى تەزووى لەراوە بە دوو هۆ بەرەو نەمان دەچێت
1-	بەشێكى وزەى تەزووەكە بە شێوەى گەرمى لەبەرگرى تەلەكانى سووڕەكە بەفیرۆ دەروات .</s>
      <s>2-	بەشەكەى دى وزەكەى تەزوو بە شێوەى شەپۆڵەكانى كارۆموگناتیسى لە سووڕەكەوە تیشكدەدەرێت .</s>
      <s>بۆ هەژماركردنى لەرەلەرى تەزوو لە سووڕێكى لەراوەدا، ئەم هاوكێشەى خوارەوە بەكاردەهێنین.</s>
      <s>= f  لەرەلەرى سروشتى تەزوو بە ( HZ) = L هاوكۆلكەى خۆهاندانى كۆیلەكە بە هێنرى (h) = C بارگەگرى بارگەگرەكە بە فاراد (F)
لەم هاوكێشەیە دیاردەكەوێت، كە لەرەلەرى سروشتى ئەم جۆرە سووڕانە دەوەستێتە سەر:-
1-	بڕى هاوكۆلكەى خۆهاندانى كۆیلەكە.</s>
      <s>2-	بڕى بارگەگرى بارگەگرەكە.</s>
      <s>هەریەكەیان بگۆڕدرێت دەبێتە هۆى گۆڕانى لەرەلەرى سروشتى سووڕەكە.</s>
      <s>ئەم جۆرە سووڕە گرنگیەكى زۆرى لە بنچینەى ئیشكردنى دەزگا ئەلیكترۆنیەكاندا هەیە، وەك لە رادیۆ وپەیداكەرى نیشانەكان ولوولەى تیشكە كاسۆد و  وێستگەى بڵاوكردنەوەى بێ تەلیدا، كە تیایاندا سووڕى لەرینەوەى كارەبایى بۆ دەستكەوتنى تەزووى لەرەلەر بەرز بەكاردێت .</s>
      <s>نموونە/ 
بارگەگرەیەك بارگەگریەكەى (0.01 µF) بە كۆیلێكى یەك پێچى هاوكۆلكەى  خۆهاندانى
 ( 1 µh)یە بەسترا .</s>
      <s>لەرەلەرى سروشتى ئەم سووڕە هەژمار  بكە .</s>
      <s>( ژمێرەر بەكاربهێنە )
شیكار:









(11-2) زرنگانەوەى كارەبایى                     Electric Resonance
پێشەكى : زرنگانەوە بە مانا گشتییەكەى دیاردەیەكى سروشتیە لە نیزامێكداڕوودەدات كاتێك ئەو نیزامە دەكەوێتە ژێر كاریگەرى سەرچاوەیەكى لەراوە، لەرەلەرەكەى یەكسان بێت بەلەرەلەرى سروشتى نیزامەكە .</s>
      <s>ئێمە دەزانین هەر سووڕێكى لەراوە، لەرەلەرێكى سروشتى تایبەت بەخۆى هەیە هەروەك لە بەند (10-2)  خوێندمان، كاتێك ئەم سووڕەیە بە سەرچاوەیەكى ڤۆڵتیەى نۆرەكى لەرەلەر گۆڕاو دەبەسترێت، ئەوا لەو ساتەى لەرەلەرى ڤۆڵتیەى سەرچاوەكە یەكسان دەبێت بە لەرەلەرى سروشتى سووڕەكە ئەوا دەڵێن ئەو سووڕە كەوتۆتە بارى زرنگانەوە .</s>
      <s>پێشتر باسى ئەو سووڕانەمان كرد، كە بەسەرچاوەیەكى ڤۆڵتیەى جێگیرو لەرەلەر جێگر بەستراون، ئێستاكەش لە سیفاتەكانى سووڕەیەكى دواى یەك دەگەین كە بەرگرەو هاندەرەو بارگەگرەى تێدابێت، بەستراو بێت بە سەرچاوەیەكى ڤۆڵتیەى نۆرەكى بڕ جێگیر، بەڵام لەرەلەركەى بگۆڕدرێت بە بەكارهێنانى لەرۆكى كارەباى (Oscilator).</s>
      <s>تاقیكردنەوەیەك بۆ دەرخستنى بارى زرنگانەوەى كارەبایى دواى یەك
لە  وێنەى (16-2)دا، بەرگریەك و هاندەریەك و بارگەگرەیەك دواى یەك، بە سەرچــــاوەیەكى ڤــــۆڵتیەى نۆرەكى بـــڕ جێگیر بەستراون، بەهۆى لەرۆكى كارەبایى دەتوانرێت لەرەلەرى ڤۆڵتیەكە بگۆڕدرێت.</s>
      <s>لــــەرەلەرى ڤۆڵتیە لـە لەرەلەرێكى نزمەوە بۆ لەرەلەرێكى بەرز زیاد دەكـــەین .دەبینین خوێندنەوەى ئەمیتەرەكە بەرەبەرە زیاد دەكات، تا لەلەرەلەرێكى دیاریكراودا تەزووى سوڕەكە دەگاتە بڕە هەرە زۆرەكەى (Maximum) ،خۆ ئەگەر لەسەر زیادكردنى لەرەلەرى ڤۆڵتیە بەردەوام بین، دەبینین تەزووى سووڕەكە ڕوو لەكەمبوون دەكات .لەو ساتەى ئەمیتەرەكە گەورەترین تەزوو دەخوێنێتەوە، لەرەلەرى ڤۆڵتیەى سەرچاوەكە یەكسان دەبێت بە لەرەلەرى سروشتى سووڕەكە.</s>
      <s>لەم بارەدا دەڵێین، سووڕەكە كەوتۆتە بارى زرنگانەوە، بە لەرەلەركەش دەگوترێ زرنگە لەرە ، وە بەتەزووى سووڕەكە لەبارى زرنگانەوەدا دەگوترێ زرنگە تەزوو.</s>
      <s>لەبەر ئەوەى، XL = 2πfL، كەواتە بەربەستە هاندان (XL) بە ڕاستەوانە دەوەستێتە سەر لەرەلەرى تەزوو (  f )     

وەلەبەر ئەوەى،                  ، كەواتە بەربەستە بارگەگرى XC بە پێچەوانەوە دەوەستێتە سەر 

لەرەلەرى تەزوو                     

كەواتە لە لەرەلەرە نزمەكاندا XC  > XL 
وەلە  لەرەلەرە بەرزەكاندا XC < XL
بۆیە پێویستە لەرەلەرێكى تەزووى دیاریكراو هەبێت لە نێوان لەرە نزمەكان وە لەرە بەرزەكان كە لەم لەرەلەرەدا XL یەكسان دەبێت بە XC لەم بارەدا سووڕەكە دەكەوێتە بارى زرنگانەو، بەم لەرەلەرە دیاریكراوەش دەگوترێ زرنگە لەرە.</s><s>ا                                           لەبارى زرنگانەوەدا                      XL  =  XC   





دەبینیت كە زرنگە لەرەى سووڕەیەك دەوەستێتە سەر بڕى هاوكۆلكەى خۆهاندان وبارگەگرى بارگەگرە.</s><s>نموونە: سووڕێكى زرنگانەوەى دواى یەك، تیایدا  L  =            mh ،   C =          µF ، R= 4Ω
زرنگە لەرەى ئەم سووڕەیە چەندە ؟
شیكار: زرنگە لەرەى سووڕەكە هەمان لەرەلەرى سروشتیەتى 








1-	سیفەتەكانى سووڕێكى زرنگانەوە ، لەو لەرەلەرانەى كەمترن لە زرنگە لەرەى سووڕەكە (لە لەرەلەرە نزمەكاندا):
XC > XL  تەزوو پێش ڤۆڵتیە دەكەوێت، سووڕەكە سیفەتى بارگەگرى دەبێت، ڕێگرى سووڕەكـــە 
( Z) گەورە دەبێت وتەزوو كەم دەبێت.</s><s>2-	سیفەتەكانى سووڕەكە لەبارى زرنگانەوەدا
XL = XC                      XL – XC = 0

Z  =    R2 + ( XL – XC )2 

Z = R

    I =           =	

ta Φ =                    =           =  O

      Φ = O◦  
كەواتەلەبارى زرنگانەوەدا ڤۆڵتیە وتەزوو لەهەمان ڕەوگەدا دەبن وە سووڕەكە دەڵێى تەنها بەرگرەى تێدایە .</s><s>كۆلكەى توانا  = CosΦ =         =           = 1	

3-	سیفەتەكانى سووڕێكى دواى یەك لەو لەرەلەرانەى بەرزترن لە زرنگە لەرەى سووڕەكە 
( لە لەرەلەرە بەرزەكاندا ) 
  XL > XC، ڤۆلتیە پێش تەزوو دەكەوێت، وسووڕەكە سیفەتى هاندانى دەبێت ڕێگرى سووڕەكە Z گەورەیە، تەزوو كەمە.</s><s>ئەو چەماوانەى لە وێنەى (2-16 a,b)دا پیشاندراون چۆنیەتى گۆڕانى هەریەك لە تەزوو وڕێگرى لە سووڕەكەدا پیشاندەدەن بە پێى گۆڕانى لەرەلەرى ڤۆڵتیە.</s><s>تیایدا دیار دەكەوێت كە بڕى تەزووى  سووڕەكە گەورەترینە لە بارى زرنگانەوە ورێگرى كەمترینە.</s><s>Iزرنگە  =                            لەبەر ئەوەى 


كەواتە چەند بەرگرى سووڕەكە كەمتر بێت  زرنگە تەزوو زۆرتر دەبێت وە سەرى چەماوەى
 ( لەرەلەر – تەزوو ) تیژتر دەبێت.</s><s>وەك لەوێنەى (17-2) دیارە.</s><s>كاتێك لەرەلەرى ئەو ڤۆڵتیە بڕ جێگیرەى دەخرێتە سەر سووڕێكى زرنگانەوە دەگۆڕێت، ئەوا سووڕەكە بۆ لەرەلەرە بەرزەكان ونزمەكان رێگریەكى زۆر پیشان دەدات وتەزووێكى كەم بە سووڕەكەدا دەڕوات، بەڵام بۆ لەرەلەرێكى دیاریكراوى ناوەند، ڕێگرى سووڕەكە كەمترین دەبێت تەزوو زۆرترین دەبێت، كەواتە ئەم جۆرە سووڕە جیاوازى لە نێوان لەرەلەرە جیاوازەكان دەكات، بەم سیفەتەى ئەم جۆرە سووڕە هەیەتى دەگوترێ هەڵبژاردن  ( Selectory) 

هەڵبژاردن: تواناى سووڕە كارەبایەكە كە بتوانێت نیشانەیەكى لەرەلەردیاریكراو لەنێوان چەند نیشانەیەكى لەرەلەر جیاواز هەڵبژێرێت .</s><s>ئەو شەپۆڵە كارۆموگناتیسیە لەرەلەر جیاوازانەى لە ئێستەگەكانى ناردنەوە بڵاودەبنەوە، جیاوازى ئەركى جیاجیاو بەلەرەلەرى جیاجیا دەخەنە سەر هەوایى (aereal) دەزگاى ڕادیۆ، ئینجا سەر سووڕى لەرینەوەى كارەبایى لە رادیۆكەدا.</s><s>بۆ وەرگرتنى نیشانەیەكى ئارەزوولێكراو و رەتكردنەوەى ئەوانى دى، پێویستە لەرەلەرى سروشتى سووڕى لەرینەوەكە لە دەزگاى رادیۆدا  یەكسان بكرێت بە لەرەلەرى نیشانە ویستراوەكە،(لەرەلەرى شەپۆڵە كارۆموگناتیسیە ویستراوەكە) واتە بخرێتە بارى زرنگانەوە لەگەڵ نیشانەكەدا ئەمەش بە گۆرینى بارگەگرى بارگەگرە گۆراوەكە لە سوورەكەدا دێتەدى بەم كارەش دەگوترێ گونجاندن (tuning) بڕوانە وێنەى ( 2-18 a .b)
















كۆلكەى جۆرچاكى                          Quality factor (Q-factor)  
ئەو سووڕە دواى یەكەى هەڵبژاردنى باشە، ئەو سووڕەیە كە تەنها بۆ لەرەیەكى دیاریكراوى ڤۆڵتیە رێ دەدات بە تێپەڕبوونى تەزووێكى زۆر .</s><s>بەڵام بۆ لەرەلەرەكانى نزیك ئەم لەرە دیاریكراوە یەكسەر تەزوو زۆر كەم دبێت ورێگریەكى زۆر پیشاندەدات.</s><s>كۆلكەى جۆرچاكى پێوەرە بۆ هەڵبژاردن.</s><s>كۆلكەى جۆرچاكى : بریتییە لە ڕێژەى نێوان ڤۆڵتیەى سەر هاندەرەكە ( یان سەر بارگەگرەكە) بۆ ڤۆڵتیەى گشتى لەبارى زرنگانەوەى دواى یەكدا .</s><s>كۆلكەى جۆرچاكى   Q = 

بەڵام لەبارى زرنگانەوەدا                                                                   VR   =  گشتىV

Q  =              =               =               =            ……….</s><s>1
                       

* كۆلكەى جۆرچاكى بێ یەكەیە 
كۆڵكەى جۆرچاكى زۆردەبێت بە:-
1-	بەزیادبوونى هاوكۆلكەى خۆهاندانى كۆیلەكە (L)  
2-	بەكەمبوونى بەرگرى سووڕەكە (R) 
Fزرنگانەوە = 

بە لەجیاتى دانان لە هاوكێشەى ( 1 )دا

Q =  

لە هاوكێشە (1)دا دیاردەكەوێت چەند بەرگرى سووڕەكە كەم بێت كۆلكەى جۆرچاكى گەورە دەبێت وهەڵبژاردن باشتر دەبێت .</s><s>لە دەزگاكانى وەرگرتندا (رادیۆ) ، دڵنیایى لەوە دەكرێت كە پێویستە كۆیلەكەى سووڕى لەرینەوەى كارەبایى لەو تەلە كانزاییانە دروست بكرێت كە بەرگریان زۆر كەمە .</s><s>بۆ ئەوەى كۆلكەى جۆر چاكى گەورە بێت و هەڵبژاردن باش بێت.</s><s>كۆلكەى جۆرچاكى سووڕى لەرینەوەى بەرگرى كەم، لەدەزگاكانى رادیۆدا لە نێوان ( 300- 100 ) دادەبێت، هەندێك بەللورەى سروشتى هەن وەك كوارتز وتۆرمالین وخوێى رۆشیل، ئەم جۆرە بەللورانە سیفەتى كارو پەستانیان هەیە (Piezo electric) .كۆلكەى جۆرچاكیان دەگاتە ڕادەى (105) .</s><s>نموونە/ سووڕێكى لەرینەوەى كارەبایى لە دەزگاى رادیۆدا هاندەرەیەك (µh        ( وبارگەگرەیەك (        µf)  ى تێدایە ، (a)   لەرەلەرى سروشتى ئەم سووڕە چەندە؟ (b) درێژى ئەو شەپۆڵەى وەریدەگرێت چەندە؟ خێرایى روناكى(  m/s 3 x 108 ) ( ژمێرەر بەكاربهێنە)
شیكار:








b)   C = f λ

           3 x 108  =  105 λ

           λ =              =  3 x 103 m  

نموونە :- بەرگرەى ( 5Ω)و هاندەرەیەكى پوخت هاوكۆلكەى خۆهاندانى (1 mh)یە وبارگەگرەیەكى
 ( 0.2 µf)ى دواى یەك بەستران ، ئەم سووڕە بە سەرچاوەیەكى ڤۆڵتیەى نۆرەكى (2V)ى لەرەلەر گۆڕاو بەسترا، بدۆزەرەوە .</s><s>1-	ئەو لەرەلەرى تیایدا زرنگانەوە روودەدات.</s><s>2-	ڤۆڵتیەى هاندەرەكەو بارگەگرەكە لەبارى زرنگانەوەدا .</s><s>3-	كۆلكەى جۆرچاكى   ( ژمێرەر بەكاربهێنە ).</s><s>شیكار: 


















(12-2) دیاردەى كارۆپەستان                           Piezo electric effect
هەندێ بەللورەى تایبەت هەن نەگەیەنەرن، وەك كوارتز و تۆرمالین وخوێى رۆشیل، سیفەتێكى كارۆمیكانیكى سەیریان هەیە،ئەگەر یەكێك لەم بەللورانە لە نێوان دوو تەبەقى كانزاى دابنرێت، ئینجا بەللورەكە بخرێتە ژێر فشارێكى پەستاوتن وێنە (2-19a)، ئەوا ناوچەیەكى بەللورەكە بە بارگەى مووجەب ناوچەكەى دى بەرامبەرى بە بارگەى سالیب بارگاوى دەبن ، لە ئەنجامدا جیاوازیەكى ئەركى كارەبایى لە نێوان ئەم دوو ناوچەیە پەیدا دەبێت.</s><s>ئەگەر ئێستاكە ئاڕاستەى فشارەكە پێچەوانە بكرێتەوە، واتە بەللورەكە بخرێتە ژێر فشارێكى راكێشان، وێنە (2-19b) .ئەوا دوو جەمسەرەكەى بارگەكان پێچەوانە دەبنەوە، لە ئەنجامدا ئەركەكەش پێچەوانە دەبێتەوە.</s><s>بەدیاردەى بەكارەبابوونى دوو رووى بەرامبەر لە بەللورەیەكدا لەكاتى پەستاوتن وراكێشانى بەللورەكە دەگوترێ دیاردەى كارۆپەستان .</s><s>بڕگەیەكى تایبەت لە خوێى رۆشیل وەك مایكرفۆن بەكاردەهێنرێت، بەمەرجێك بەجۆرێك دابنرێت كە شەپۆڵەكانى دەنگ فشارێكى پەستاوتن بخەنەسەرى .</s><s>جیاوازى ئەرك لەم بارەدا لە نێوان
 (10 mv        100 mv) دا دەبێت ، هەمان بیرۆكە لە فۆنۆگراف بەكاردێت كاتێك دەرزى فۆنۆگرافەكە لەناو درزەكانى قەوانەكە لەرەلەردەكات.</s><s>هەندێ مادەى سیرامیك،  سیفەتى بەللورەكانى كارۆپەستانیان هەیە دەتوانن هەزاران ڤۆڵت پەیدابكەن ، وەك چەغماغەیەك بۆ داگیرسانى گازەكان  بەكاردێت ، كاتێك بەللورەكە دەكوشرێت، ڤۆڵتیەكى بەرز پەیدادەبێت ، ئەمەش پریشكێكى كارەبایى پەیدادەكات بۆ سووتانى گازەكە .ئەم دیاردەیە دیاردەیەكى پێچەوانە بۆوەیە، كاتێك ئەم جۆرەبەللورانە دەخرێنە ناو بوارێكى كارەبایى نۆرەكى ئەوا یان دەچنەوەیەك یان دەكشێن بەگوێرەى ئاراستەى بوارەكە.</s><s>كاتێك ڤۆڵتیەكى نۆرەكى دەخرێتە سەر دوو رووى دیاریكراوى بەرامبەر یەكى بەللورەى كوارتز ( لە نێوان دوو تەبەق دانرا بێت وێنە (20-2)ئەوا بەللورەكە دەچێتەوە یەك و دەكشێت ،بەهەمان لەرەلەرى ئەو ڤۆڵتیەى خراوەتە سەرى دەلەرزێت، ئەم سیفەتەش.بۆ كۆنترۆلكردنى لەرەلەرى سووڕەكانى لەرینەوەى رادیۆیى، لە سەعاتى كوارتزدا هەروەها بۆ دەستكەوتنى شەپۆڵە سەرو دەنگیەكان وەك لە دەزگاى سۆناردا بەكاردێت.</s><s>( 13-2) ئەمیتەرى تەلى گەرم 
كاتێك گلڤانۆمەتر لە سووڕێكى نۆرەكى دادەنرێت، ئەوا نیشاندەرەكەى لەبەر سیفەتى بارنەگۆرینى كۆیلى گلڤانۆمەترەكە ناتوانێت ئاڕاستەى لادانەكەى بگۆڕێت لەگەڵ گۆراِنى ئاڕاستەى تەزووەكە .بۆیە نیشاندەرى  گلڤانۆمەتر لەسەر سفر دەوەستێت،لەمەوە  دیاردەكەوێت كە ناتوانرێت پێوەرەكانى تەزووى نەگۆڕ وەك ئەمیتەر وڤۆلتمیتەر ڕاستەوخۆ لە سووڕەكانى نۆرەكیدا بەكاربهێنن.</s><s>بۆ پێوانى تەزووى نۆرەكى پێویستە یەكەم جار بگۆڕدرێت بۆ تەزووى نەگۆڕ بە بەكارهێنانى راستكەرەوە (rectifier)ئینجا ئەمیتەرى كۆیل جوڵاوە بەكاربهێنرێت بۆ پێوانى تەزووەكە یان ڤۆلتیەكە .دەتوانرێت ڕاستەوخۆ تەزووى نۆرەكى بپێورێت بەبەكارهێنانى ئەمیتەرى تەلى گەرم كە بنچینەى ئیشكردنى بە كاریگەرى گەرمى تەزووەوە بەندە.</s><s>لەوێنەى (21-2)دا ئەو تەزووەى دەمانەوێت بیپێوین بە ناو تەلێكى باریكى بەرگریداردا (AB) دەڕوات، تەلەكە گەرم دەبێت ودەكشێت لەئەنجامدا خاو دەبێتەوە، خاوبونەوەكەى بەهۆى پەتێك بە گرژى بە سپرینگێك بەستراوە وبەسەر خلۆكەیەك تێپەر دەبێت ڕادەكێشرێت ئەم خلۆكەش بە نیشاندەرى ئەمیتەرەكەو بەستراوە.</s><s>ئەمیتەرى تەلى گەرم تەزووى D.C, A.C دەپێوێت.</s><s>(نەنگیەكەى) عەیبەكەى بە هێواشى نیشاندەرەكە لادەدات, ئەم پێوەرە وەك ئەمیتەر بەكاردێت كاتێك بەرگریەكەى بچووك بێت وەك ڤۆڵتمیتەر بەكاردێت كاتێك بەرگرى گەورە بێت.</s><s>پرسیار و ڕاهێنان

پ1/ دەستەواژەى راست بۆ یەكێك لەمانەى خوارەوە هەڵبژێرە:
1-	لەسووڕى تەزووى نۆرەكیدا، بڕى تەزووى كاریگەر دەكاتە:






2-	ئەگەر (بارگ)ى سووڕێكى تەزووى نۆرەكى، تەنها بەرگریەكى ئۆمى پوخت بێت، ئەوا گۆشەى جیاوازى ڕەوگە لەنێوان ڤۆڵتیەو تەزوو دەكاتە.</s><s>a-سفر    (0)                                             c- 45◦
b-  90◦                                                   d- 180◦

3-	ئەگەر سووڕێكى تەزووى نۆرەكى دوایەك، بەرگریەك وهاندەرەیەك وبارگەگرەیەكى تێدابێت وە سووڕەكە لەبارى زرنگانەوەدا دەبێت، ئەوا جیاوازى گۆشەى ڕەوگە لە نێوان تەزوو وڤۆڵتیەى گشتى دەبێتە.</s><s>a- 180◦                                                  c- 0◦
b- 90◦                                                    d- 45◦

4-سووڕێكى دواى یەكى RLC لە بارى زرنگانەوەدایە، ئەوا رێگریەكەى 

a- R گەورەترە لە                                           c-  Rیەكسانە بە 
b- R بچوكترە لە                                            d- دیار ناكرێت   


5-	سوڕێكى دواى یەكى RLC، تیایدا XL > XC  ، ئەوا گۆشەى جیاوازى رەوگە لە نێوان تەزوو وڤۆڵتیەى گشتى
  







پ2/ بڕى كاریگەرى تەزووى نۆرەكى پێناسە بكە ، ئینجا پەیوەندى نێوان گەورەترین تەزوو و تەزووى ساتى بە شێوەى هاوكێشە بنووسە .</s><s>پ3/ پەیوەندى ڕەوگەیى نێوان ڤۆڵتیە وتەزوو چۆن دەبێت لە سووڕەێكى تەزووى نۆرەكیدا ئەگەر تەنها :
a-	بەرگرەى پوختى تێدا بێت
b-	هاندەرى پوختى تێدابێت
c-	بارگەگرەى پوختى تێدابێت
d-	تێدابێت ولەبارى زرنگانەوەى بێت RLC

پ4/ لە سووڕى تەزووى نۆرەكیدا، كام لەوانە تواناى كارەبا بە شێوەى گەرمى كاردەكات وە كامیان هەڵدەگرێت ؟
      a- بارگەگرە                       b- بەرگرە                     c- هاندەر 

پ5/ بۆچى لەكاتى دابەشكردنى تواناى كارەبا،پێویستە كۆلكەى توانا لەیەك نزیك بكرێتەوە؟
پ6/ لەرەلەرى سروشتى سووڕێكى لەرینەوەى كارەبایى لەسەر چى بەندە؟ پەیوەندیە بیركاریەكەى بنووسە.</s><s>پ7/ سیفەتەكانى سووڕێكى          دواى یەك بنووسە، كاتێك سووڕەكە دەكەوێتە بارى زرنگانەوە.</s><s>پ8/ مەبەست لە گونجاندنى سووڕى لەرینەوە لە دەزگاى  رادیۆدا چیە،بەكردار چۆن ئەنجامدەدرێت؟
پ9/ سوودى ئەو سووڕەى لەرینەوى كارەبایى چیە، ئەگەر بەرگریەكەى بچووك بێت؟
پ10/ بنچینەى ئیشكردنى ئەمیتەرى تەلى گەرم چییە؟
پ11/ بەكارهێنانەكانى دیاردەى كارۆپەستان چین؟
پ12/ تێكرایى تەزووێكى نۆرەكى كە گەورەترین بڕى           بۆ لەرەیەكى تەواو چەندە؟
پ13/ گڵۆپێك وبارگەگرەیەك دواى یەك بە سەرچاوەیەكى ڤۆڵتیەى نۆرەكى لەرەلەر گۆڕاو بەستران، چى بەسەر گەشەى گڵۆپەكە دێت كاتێك لەرەلەر زیاد دەكرێت ؟بۆچى؟
پ14/ گڵۆپێك وهاندەرەیەك دواى یەك بە سەرچاوەیەكى ڤۆڵتیەى نۆرەكى لەرەلەر گۆڕاو بەستران.</s><s>چى بەسەر گەشەى گڵۆپەكە دێت كاتێك لەرەلەر زیاد دەكرێت ؟ بۆچى؟
پ15/ سووڕێكى تەزووى نۆرەكى ڤۆڵتیەكەى           و تەزووەكەى         ە ئەگەر ئەمانە بڕى كاریگەربن ئایا گەورەترین بڕیان چەندە؟                      

پ16/ بەرگرەیەك (Ω9 ) وهاندەرەیەك هاوكۆلكەى خۆهاندانى (                )   یە دواى یەك بەسەرچاوەیەكى ڤۆڵتیەى نۆرەكى (     45) كە لەرەلەرەكەى (      60) بەستران
1- رێگرى سوورەكە چەندە؟
2- تەزووى گشتى سووڕەكە چەندە؟
3- گۆشەى جیاوازى ڕەوگە لە نێوان  ڤۆڵتیەو تەزوو چەندە؟ 
4- كۆلكەى توانا وتواناى ڕاستەقینە بدۆزەرەوە
هێلكارى ڕێگرى وێنە بكە
 پ17/ بەرگرەیەك (Ω 3) و بارگەگریەك (                 ) دواى یەك بە سەرچاوەیەكى ڤۆڵتیەى نۆرەكى ( 25 )  ڤۆڵت لەرەلەرەكەى  (  60HZ ) بەستران بدۆزەرەوە .</s><s>1) رێگرى سووڕەكە (2) تەزووى گشتى (3) گۆشەى جیاوازى رەوگە لەنێوان ڤۆڵتیەى گشتى وتەزوو ( هێلكارى ڕیگرى وێنە بكە )                
   
پ18/ بارگەگرەیەك وكۆیلێك دواى یەك بە سەرچاوەیەكى ڤۆڵتیە نۆرەكى (520 v, 60 HZ) بەستران ، بەربەستە بارگەگرى بارگەگرەكە (Ω 540)ە وەبەرگرى كۆیلكەكە (Ω 60)ە وبەربەستە هاندانى (Ω 320)ە بدۆزەوە.</s><s>1- تەزووى سوڕەكە      2- كۆلكەى توانا          3- گۆشەى جیاوازى ڕەوگە لەنێوان ڤۆڵتیەى گشتى وتەزوو         4- تواناى كاركراو لە سوڕەكەدا       5- هاوكۆلكەى خۆهاندانى  كۆیلەكە                          

پ19/ سووڕێكى تەزووى نۆرەكى دواى یەك، لەبارگەگرەیەك و بەرگرەیەكى (Ω 4)ى وهاندەرەیەك هاوكۆلكەى خۆهاندانى          یە پێكهاتووە، ڤۆڵتیەكى نۆرەكى            خرایە سەرى، ئەگەر ئەم سووڕە، یە بكەوێتە بارى زرنگانەوە كاتێك لەرەلەرى ڤۆڵتیەى سەرچاوەكە دەبێتە             بدۆزەرەوە.</s><s>بارگەگرى بارگەگرەكە(a 
 تەزووى گشتى  (b   
  ڤۆڵتیەى هەریەك لە هاندەرەكەو بارگەگرەكە(c
 كۆلكەى جۆرچاكى (d

پ20/ دەمانەوێت ئێستەگەیەكى بڵاوكردنەوەى رادیۆیى دابمەزرێنن بە درێژە شەپۆلى              بڵاوبكاتەوە ، ئەگەر بارگەگرى بارگەگرەكە              بێت ئایا دەبێ هاوكۆلكەى خۆهاندانى كۆیلەكە چەند بێت بۆ دەستكەوتنى بارى زرنگانەوە.</s>
</ch>