<?xml version="1.0" encoding="UTF-8"?>
<ch>
    <s>﻿حكومەتى هەرێمى كوردستان- عێراق
وەزارەتى پەروەردە
بەڕێوەبەرایەتى گشتى پڕۆگرام و چاپەمەنییەكان



فیزیا

پەیمانگەى كۆمپیوتەر  
 قۆناغى چوارەم


دانانى 
فوزى زكى هەنارى

بژاركردن و پێداچوونەوە و رێكخستن 
لاجان الیاس على 



    چاپى سێیەم		               	   2013 زایینى 	          	2713 كوردى





سەرپەرشتى زانستى چاپ: فوزى زكی هەنارى
                                لاجان الیاس على 
سەرپەرشتى هونەرى چاپ: زاگرۆس محمود عرب
                                عوسمان پیرداود
تایپ ونەخشەسازى ناوەڕۆك: سابات صدقی اسماعیل	
نەخشەسازى بەرگ وجێبەجێكردنى بژارى هونەرى: ئارى محسن احمد  
ئەرشیفى وێنەكان :  سردار مصگفى محمد               




پێشەكى
     لە مانگى ئەیلولى ساڵى (2006)دا ، بەڕێوەبەرایەتى گشتى پرۆگرام وچاپەمەنییەكان داواى لێ كردین كە كتیبێكى تایبەت بەبابەتى فیزیا بۆ پەیمانگەى كۆمپیوتەر دابنێین، ئەم پەیمانگەیە بۆ یەكەم جار وەزارەتى پەروەردەى هەرێمى كوردستان بڕیارى دابوو كەلە هەندێ شارەكانى كوردستان بكرێتەوە .</s>
    <s>پرۆگرامى بابەتى فیزایا بەپێى لیستێك بوو كە بەڕێوەبەرایەتى گشتى پێى بەخشین، ئەم لیستە زنجیرەى یەكەكانى پرۆگرامەكەى تیادا روونكرابۆوە وە بوارى ئەوەمان پێدرا، كە لەپاش و پێشخستنى وە زیادكردن ولادانى هەندێ لەیەكەكانى پرۆگرامەكە سەربەست بین، بەجۆرێك پرۆگرامێكى یەك لەدواى یەك وجەستە بتەوى لێ بینابكرێت وە لەگەڵ ئاست وپایەى پەیمانگەكە بگونجێت.</s>
    <s>لە راستیدا دانانى كتێبێكى فیزیا لەلاى ئێمەوە ئەزموونێكى نوێ بوو.</s>
    <s>چونكە وەزارەتى پەروەردە تا ئێستاش پەیڕەوى وەڕگێرانى راستەوخۆ دەكات لە زمانى عەرەبیەوە بۆ زمانى كوردى لەكاتى دەست نیشانكردنى پرۆگرامە زانستیەكان.</s>
    <s>ئێمەش بە پشتیوانى خوداى گەورەو بەیارمەتى مامۆستایانى پسپۆر لە رووى پێداچوونەوەى زانستى وچاپ وكارەكانى كۆمپیوتەر وە بەسوود وەرگرتن لەدەیان سەرچاوە بیانییەكان، توانیمان كە چوار كتێب بۆ چوار قۆناغى پەیمانگەكە دابنێین، بەپێى ئەو دابەشكردنەى كە لەلیستى یەكەكانى پرۆگرامەكە داهەبوو.وەهەروەها بڕیارماندا كە ژمارەو رەنووسەكان بە شێوەى ئینگلیزى بێت و هێماكان لە هاوكێشەكان بەپیتەكانى و ئینگلیزى و لاتینى بێت بۆیە پێویستە قوتابى ئاگاداربێت كە هاوكێشەكان لەلاى چەپەوە بۆ لاى راست بخوێنیتەوە.</s>
    <s>بابەتەكانى پرۆگرامى فیزیا لە پەیمانگەى كۆمپیوتەر بەم جۆرە بەسەر چوار قۆناغ دابەشكراوە.</s>
    <s>قۆناغى یەكەم ( پۆلى یەكەم)
بەباشمان زانى كە بەشى یەكەمى كتێبەكەى ئەم قۆناغە ، بریتی بێت لەهەندێ بابەتى بیركارى ،ئەو بابەتانەى كە زانستى فیزیا پێویستى پێیان هەیە وەك كردارە جەبریەكان، شیكاركردنى هاوكێشەكان ویاساكانى توان چەند یاسایەك لە بابەتى سێگۆشەكان.</s>
    <s>بەڵام بەشەكانى تر، بابەتەكانى جوولە و هێز و یاساكانى نیوتن وجوولەى بەخول وسیفەتەكانى ماددە و.....هتد دەگرێتەوە .</s>
    <s>قۆناغى دووەم
گەرمى ، رووناكى ، سیفەتەكانى كارۆرووناكى ، ئاوێنەكان، رەنگەكان و شەبەنگى بینراو..... هتد دەگرێتەوە.</s>
    <s>قۆناغى سێیەم
كارەباى ستاتیكى ، سووڕەكانى تەزووى نەگۆر و بوارى موگناتیسى و سووڕە ئەلیكترۆنیكیەكان و ئەلیكترۆنیكى رەنووسى و دەرگاكان....... هتد دەگرێتەوە .</s>
    <s>قۆناغى چوارەم
هاندانى كارۆموگناتیسى، سووڕەكانى تەزووى گۆڕاو، لەرینەوەى كارەبایى، گواستنەوەى زانیارییەكان بەهۆى شەپۆلە رادیۆییەكان ، رادار ، جۆرەكانى مانگە دەستكردەكان ، گۆڕینى جۆرەكانى وزە بۆ وزەى كارەبایى و پیسپوونى ژینگە.........هتد دەگرێتەوە.</s>
    <s>هیوامان وایە كەكارەكانمان سوود بەخش بێت بۆ قوتابیان سەربەرزبین بەرامبەر بەگەل و نیشتمان لەكۆتایى سوپاسى ئەو مامۆستا پسپۆرانە دەكەین كە بەشداریان لە پێداچوونەوەى زانستى وهونەرى كارەكانى كۆمپیوتەر كردووە ، وە هەروەها سوپاسى ئەو فەرمانبەرە دڵسۆزانە دەكەین لەبەڕێوەبەرایەتى گشتى پرۆگرام وچاپەمەنییەكان كەبەدڵێكى فراوان هەڵساون بەكارەكانى چاپكردن بە كۆمپیوتەر وگۆڕینى هێماكان بۆ هێماكانى ئینگلیزى .</s>
    <s>لێـــژنە</s>
</ch>